msa_rank,msa_id,msa_name,msa_population,year,coc_id,coc_name,coc_contained_in_msa_percent,containment_threshold_percent,msa_covered_by_coc_percent,intersection_area,coc_area,msa_area,boundary_vintage,county_vintage,definition_version,ranking_population_source,ranking_reference_year,top_n
1,35620,"New York-Newark-Jersey City, NY-NJ",20112448.0,2025,NY-603,"Nassau, Suffolk Counties CoC",100.000000000001,95.0,14.028049461610156,3141079594.1133513,3141079594.11332,22391420865.098763,2025,2023,census_msa_2023,pep,2025,100
1,35620,"New York-Newark-Jersey City, NY-NJ",20112448.0,2025,NJ-501,Bergen County CoC,100.00000000000027,95.0,2.7708008630836356,620421682.5868458,620421682.5868441,22391420865.098763,2025,2023,census_msa_2023,pep,2025,100
1,35620,"New York-Newark-Jersey City, NY-NJ",20112448.0,2025,NJ-515,Elizabeth/Union County CoC,100.00000000000024,95.0,1.2022819531061444,269208012.10512614,269208012.1051255,22391420865.098763,2025,2023,census_msa_2023,pep,2025,100
1,35620,"New York-Newark-Jersey City, NY-NJ",20112448.0,2025,NJ-504,Newark/Essex County CoC,100.0,95.0,1.479055637192376,331181572.55271316,331181572.55271316,22391420865.098763,2025,2023,census_msa_2023,pep,2025,100
1,35620,"New York-Newark-Jersey City, NY-NJ",20112448.0,2025,NY-600,New York City CoC,99.99999999999991,95.0,3.4925392123894388,782029153.9247247,782029153.9247254,22391420865.098763,2025,2023,census_msa_2023,pep,2025,100
1,35620,"New York-Newark-Jersey City, NY-NJ",20112448.0,2025,NJ-506,"Jersey City, Bayonne/Hudson County CoC",99.99999999999952,95.0,0.5461430678165673,122289192.84036933,122289192.84036991,22391420865.098763,2025,2023,census_msa_2023,pep,2025,100
1,35620,"New York-Newark-Jersey City, NY-NJ",20112448.0,2025,NJ-509,Morris County CoC,99.99999998141746,95.0,5.569776472165429,1247152091.1278117,1247152091.3595643,22391420865.098763,2025,2023,census_msa_2023,pep,2025,100
1,35620,"New York-Newark-Jersey City, NY-NJ",20112448.0,2025,NJ-508,Monmouth County CoC,99.99999997704468,95.0,5.5251009327093055,1237148603.0644376,1237148603.348429,22391420865.098763,2025,2023,census_msa_2023,pep,2025,100
1,35620,"New York-Newark-Jersey City, NY-NJ",20112448.0,2025,NJ-511,Paterson/Passaic County CoC,99.99999997486837,95.0,2.295878400096516,514079795.1165069,514079795.2457035,22391420865.098763,2025,2023,census_msa_2023,pep,2025,100
1,35620,"New York-Newark-Jersey City, NY-NJ",20112448.0,2025,NJ-513,Somerset County CoC,99.99999997473746,95.0,3.5273558597448575,789825095.9651939,789825096.1647238,22391420865.098763,2025,2023,census_msa_2023,pep,2025,100
1,35620,"New York-Newark-Jersey City, NY-NJ",20112448.0,2025,NJ-507,New Brunswick/Middlesex County CoC,99.99999995909937,95.0,3.6328221570545534,813440498.4666443,813440498.7993466,22391420865.098763,2025,2023,census_msa_2023,pep,2025,100
1,35620,"New York-Newark-Jersey City, NY-NJ",20112448.0,2025,NJ-510,Lakewood Township/Ocean County CoC,99.99999995840277,95.0,7.445270136289062,1667101770.7599962,1667101771.4534645,22391420865.098763,2025,2023,census_msa_2023,pep,2025,100
1,35620,"New York-Newark-Jersey City, NY-NJ",20112448.0,2025,NY-604,"Yonkers, Mount Vernon/Westchester County CoC",99.99999995048103,95.0,5.200299683829071,1164420988.4525676,1164420989.029177,22391420865.098763,2025,2023,census_msa_2023,pep,2025,100
1,35620,"New York-Newark-Jersey City, NY-NJ",20112448.0,2025,NY-606,Rockland County CoC,99.99999994087648,95.0,2.0675379408078927,462951121.87189174,462951122.1456047,22391420865.098763,2025,2023,census_msa_2023,pep,2025,100
2,31080,"Los Angeles-Long Beach-Anaheim, CA",12844441.0,2025,CA-607,Pasadena CoC,100.00000000000023,95.0,0.40534851088025475,59832468.26001785,59832468.260017715,14760747024.84676,2025,2023,census_msa_2023,pep,2025,100
2,31080,"Los Angeles-Long Beach-Anaheim, CA",12844441.0,2025,CA-612,Glendale CoC,100.00000000000011,95.0,0.5370316792526847,79269887.61777525,79269887.61777516,14760747024.84676,2025,2023,census_msa_2023,pep,2025,100
2,31080,"Los Angeles-Long Beach-Anaheim, CA",12844441.0,2025,CA-606,Long Beach CoC,99.99999999999973,95.0,0.907470270237651,133949390.91547292,133949390.91547328,14760747024.84676,2025,2023,census_msa_2023,pep,2025,100
2,31080,"Los Angeles-Long Beach-Anaheim, CA",12844441.0,2025,CA-600,Los Angeles City & County CoC,99.99999996067369,95.0,69.84464934735755,10309592000.554731,10309592004.609114,14760747024.84676,2025,2023,census_msa_2023,pep,2025,100
2,31080,"Los Angeles-Long Beach-Anaheim, CA",12844441.0,2025,CA-602,"Santa Ana, Anaheim/Orange County CoC",99.99999995012901,95.0,14.018938499321026,2069300047.4536252,2069300048.4856055,14760747024.84676,2025,2023,census_msa_2023,pep,2025,100
3,16980,"Chicago-Naperville-Elgin, IL-IN",9434123.0,2025,IL-510,Chicago CoC,100.0,95.0,2.6235540010171166,599622314.9024142,599622314.9024142,22855344874.54608,2025,2023,census_msa_2023,pep,2025,100
3,16980,"Chicago-Naperville-Elgin, IL-IN",9434123.0,2025,IL-517,"Aurora, Elgin/Kane County CoC",99.99999999999997,95.0,6.174461254332583,1411194413.8229358,1411194413.8229363,22855344874.54608,2025,2023,census_msa_2023,pep,2025,100
3,16980,"Chicago-Naperville-Elgin, IL-IN",9434123.0,2025,IL-514,DuPage County CoC,99.99999999999987,95.0,3.7745485095667726,862686079.3185248,862686079.3185259,22855344874.54608,2025,2023,census_msa_2023,pep,2025,100
3,16980,"Chicago-Naperville-Elgin, IL-IN",9434123.0,2025,IL-511,Cook County CoC,99.99999999999984,95.0,8.252835161720018,1886213938.138913,1886213938.1389158,22855344874.54608,2025,2023,census_msa_2023,pep,2025,100
3,16980,"Chicago-Naperville-Elgin, IL-IN",9434123.0,2025,IL-502,"Waukegan, North Chicago/Lake County CoC",99.99999996809493,95.0,5.363225978383276,1225783793.760746,1225783794.1518333,22855344874.54608,2025,2023,census_msa_2023,pep,2025,100
3,16980,"Chicago-Naperville-Elgin, IL-IN",9434123.0,2025,IL-500,McHenry County CoC,99.99999995518195,95.0,6.971972104241721,1593468268.9815927,1593468269.695754,22855344874.54608,2025,2023,census_msa_2023,pep,2025,100
3,16980,"Chicago-Naperville-Elgin, IL-IN",9434123.0,2025,IL-506,"Joliet, Bolingbrook/Will County CoC",99.99999995470424,95.0,17.877848146393518,4086043850.0058827,4086043851.8566875,22855344874.54608,2025,2023,census_msa_2023,pep,2025,100
4,19100,"Dallas-Fort Worth-Arlington, TX",8477157.0,2025,TX-600,"Dallas City & County, Irving CoC",99.99999998848631,95.0,21.249981198633908,4957349291.234788,4957349291.805562,23328723187.545597,2025,2023,census_msa_2023,pep,2025,100
4,19100,"Dallas-Fort Worth-Arlington, TX",8477157.0,2025,TX-601,"Fort Worth, Arlington/Tarrant County CoC",99.99999997420188,95.0,20.50962078857872,4784632660.582836,4784632661.817182,23328723187.545597,2025,2023,census_msa_2023,pep,2025,100
5,26420,"Houston-Pasadena-The Woodlands, TX",7904627.0,2025,TX-700,"Houston, Pasadena, Conroe/Harris, Fort Bend, Montgomery Counties CoC",99.99999997944454,95.0,37.13881762521704,9687920329.620771,9687920331.612167,26085699408.59596,2025,2023,census_msa_2023,pep,2025,100
6,12060,"Atlanta-Sandy Springs-Roswell, GA",6482182.0,2025,GA-506,Marietta/Cobb County CoC,100.00000000000043,95.0,3.8565493533351924,892355645.7840453,892355645.7840415,23138706756.39934,2025,2023,census_msa_2023,pep,2025,100
6,12060,"Atlanta-Sandy Springs-Roswell, GA",6482182.0,2025,GA-508,DeKalb County CoC,100.00000000000038,95.0,2.935067663758047,679136699.8188754,679136699.8188729,23138706756.39934,2025,2023,census_msa_2023,pep,2025,100
6,12060,"Atlanta-Sandy Springs-Roswell, GA",6482182.0,2025,GA-500,Atlanta CoC,100.00000000000024,95.0,1.5260246552261512,353102370.0031332,353102370.0031323,23138706756.39934,2025,2023,census_msa_2023,pep,2025,100
6,12060,"Atlanta-Sandy Springs-Roswell, GA",6482182.0,2025,GA-502,Fulton County CoC,99.99999999999996,95.0,4.598260079947047,1063977915.795521,1063977915.7955215,23138706756.39934,2025,2023,census_msa_2023,pep,2025,100
7,47900,"Washington-Arlington-Alexandria, DC-VA-MD-WV",6465724.0,2025,DC-500,District of Columbia CoC,100.00000000000043,95.0,0.9824098425560847,161232580.51798302,161232580.51798233,16411946779.612852,2025,2023,census_msa_2023,pep,2025,100
7,47900,"Washington-Arlington-Alexandria, DC-VA-MD-WV",6465724.0,2025,VA-603,Alexandria CoC,100.00000000000016,95.0,0.23890267012689612,39208579.07630024,39208579.07630018,16411946779.612852,2025,2023,census_msa_2023,pep,2025,100
7,47900,"Washington-Arlington-Alexandria, DC-VA-MD-WV",6465724.0,2025,VA-604,Prince William County CoC,99.9999999999998,95.0,5.574199485820995,914834653.0023949,914834653.0023967,16411946779.612852,2025,2023,census_msa_2023,pep,2025,100
7,47900,"Washington-Arlington-Alexandria, DC-VA-MD-WV",6465724.0,2025,VA-600,Arlington County CoC,99.99999999999977,95.0,0.4116939535994864,67566992.55963174,67566992.55963188,16411946779.612852,2025,2023,census_msa_2023,pep,2025,100
7,47900,"Washington-Arlington-Alexandria, DC-VA-MD-WV",6465724.0,2025,VA-601,Fairfax County CoC,99.99999999999957,95.0,6.397899132618756,1050019800.6587025,1050019800.6587069,16411946779.612852,2025,2023,census_msa_2023,pep,2025,100
7,47900,"Washington-Arlington-Alexandria, DC-VA-MD-WV",6465724.0,2025,VA-602,Loudoun County CoC,99.99999999742086,95.0,8.22723616047587,1350249620.0903637,1350249620.1251886,16411946779.612852,2025,2023,census_msa_2023,pep,2025,100
7,47900,"Washington-Arlington-Alexandria, DC-VA-MD-WV",6465724.0,2025,MD-601,Montgomery County CoC,99.99999995694358,95.0,7.999537882607706,1312879899.9085455,1312879900.4738245,16411946779.612852,2025,2023,census_msa_2023,pep,2025,100
7,47900,"Washington-Arlington-Alexandria, DC-VA-MD-WV",6465724.0,2025,MD-600,Prince George's County CoC,99.99999991912041,95.0,7.6964898172728295,1263143812.709139,1263143813.7307646,16411946779.612852,2025,2023,census_msa_2023,pep,2025,100
8,33100,"Miami-Fort Lauderdale-West Palm Beach, FL",6391072.0,2025,FL-601,Ft Lauderdale/Broward County CoC,99.99999997768217,95.0,20.1418265051098,3172255617.163703,3172255617.8716817,15749592602.036016,2025,2023,census_msa_2023,pep,2025,100
8,33100,"Miami-Fort Lauderdale-West Palm Beach, FL",6391072.0,2025,FL-605,West Palm Beach/Palm Beach County CoC,99.99999996649342,95.0,36.4413442562277,5739363259.061316,5739363260.98438,15749592602.036016,2025,2023,census_msa_2023,pep,2025,100
8,33100,"Miami-Fort Lauderdale-West Palm Beach, FL",6391072.0,2025,FL-600,Miami-Dade County CoC,99.99999994789601,95.0,32.55377231895578,5127086516.829907,5127086519.501324,15749592602.036016,2025,2023,census_msa_2023,pep,2025,100
9,37980,"Philadelphia-Camden-Wilmington, PA-NJ-DE-MD",6329118.0,2025,PA-500,Philadelphia CoC,99.99999999999986,95.0,2.8907881506344264,364649250.4876289,364649250.4876294,12614181029.059538,2025,2023,census_msa_2023,pep,2025,100
9,37980,"Philadelphia-Camden-Wilmington, PA-NJ-DE-MD",6329118.0,2025,PA-502,"Upper Darby, Chester, Haverford/Delaware County CoC",99.99999999999986,95.0,3.7993234185286466,479253533.89265686,479253533.8926576,12614181029.059538,2025,2023,census_msa_2023,pep,2025,100
9,37980,"Philadelphia-Camden-Wilmington, PA-NJ-DE-MD",6329118.0,2025,PA-504,"Lower Merion, Norristown, Abington/Montgomery County CoC",99.99999997159621,95.0,10.003598226402492,1261871989.6981995,1261871990.056619,12614181029.059538,2025,2023,census_msa_2023,pep,2025,100
9,37980,"Philadelphia-Camden-Wilmington, PA-NJ-DE-MD",6329118.0,2025,PA-505,Chester County CoC,99.99999994663916,95.0,15.588154511144092,1966318029.1252267,1966318030.1744704,12614181029.059538,2025,2023,census_msa_2023,pep,2025,100
9,37980,"Philadelphia-Camden-Wilmington, PA-NJ-DE-MD",6329118.0,2025,NJ-502,Burlington County CoC,99.99999992782953,95.0,16.827075696487995,2122597790.2518766,2122597791.783765,12614181029.059538,2025,2023,census_msa_2023,pep,2025,100
9,37980,"Philadelphia-Camden-Wilmington, PA-NJ-DE-MD",6329118.0,2025,PA-511,"Bristol, Bensalem/Bucks County CoC",99.99999992777728,95.0,12.768150937035797,1610597673.2612572,1610597674.4244745,12614181029.059538,2025,2023,census_msa_2023,pep,2025,100
9,37980,"Philadelphia-Camden-Wilmington, PA-NJ-DE-MD",6329118.0,2025,NJ-512,Salem County CoC,99.99999990433362,95.0,7.134817701043504,899998820.9030116,899998821.7640078,12614181029.059538,2025,2023,census_msa_2023,pep,2025,100
10,38060,"Phoenix-Mesa-Chandler, AZ",5228938.0,2025,AZ-502,"Phoenix, Mesa/Maricopa County CoC",99.69782595936901,95.0,63.18883699950043,23895236737.81744,23967660786.861828,37815598248.79568,2025,2023,census_msa_2023,pep,2025,100
11,14460,"Boston-Cambridge-Newton, MA-NH",5034221.0,2025,MA-500,Boston CoC,100.00000000000033,95.0,1.0987355841443052,128374097.85848534,128374097.85848492,11683802701.126043,2025,2023,census_msa_2023,pep,2025,100
11,14460,"Boston-Cambridge-Newton, MA-NH",5034221.0,2025,MA-509,Cambridge CoC,100.00000000000011,95.0,0.15746064089276604,18397390.613839377,18397390.613839358,11683802701.126043,2025,2023,census_msa_2023,pep,2025,100
11,14460,"Boston-Cambridge-Newton, MA-NH",5034221.0,2025,MA-502,Lynn CoC,99.9999999999997,95.0,0.2551812121972915,29814869.363473326,29814869.363473415,11683802701.126043,2025,2023,census_msa_2023,pep,2025,100
11,14460,"Boston-Cambridge-Newton, MA-NH",5034221.0,2025,MA-511,"Quincy, Brockton, Weymouth, Plymouth City and County CoC",99.99999995509965,95.0,16.07516287802826,1878190314.5534768,1878190315.3967907,11683802701.126043,2025,2023,census_msa_2023,pep,2025,100
11,14460,"Boston-Cambridge-Newton, MA-NH",5034221.0,2025,MA-516,Massachusetts Balance of State CoC,99.99999993783948,95.0,38.364813601475035,4482469127.851111,4482469130.637438,11683802701.126043,2025,2023,census_msa_2023,pep,2025,100
12,40140,"Riverside-San Bernardino-Ontario, CA",4769007.0,2025,CA-609,San Bernardino City & County CoC,99.99999998496962,95.0,73.35481509498398,52072733517.03941,52072733524.86614,70987478394.72118,2025,2023,census_msa_2023,pep,2025,100
12,40140,"Riverside-San Bernardino-Ontario, CA",4769007.0,2025,CA-608,Riverside City & County CoC,99.99999997490109,95.0,26.645184885902783,18914744864.11375,18914744868.861145,70987478394.72118,2025,2023,census_msa_2023,pep,2025,100
13,41860,"San Francisco-Oakland-Fremont, CA",4630041.0,2025,CA-501,San Francisco CoC,100.00000000000007,95.0,1.3843015543666868,122838839.80321653,122838839.80321646,8873705257.046747,2025,2023,census_msa_2023,pep,2025,100
13,41860,"San Francisco-Oakland-Fremont, CA",4630041.0,2025,CA-502,"Oakland, Berkeley/Alameda County CoC",99.9999999537619,95.0,21.71658517123321,1927065759.9907558,1927065760.8817945,8873705257.046747,2025,2023,census_msa_2023,pep,2025,100
13,41860,"San Francisco-Oakland-Fremont, CA",4630041.0,2025,CA-507,Marin County CoC,99.9999999406545,95.0,15.338722937845981,1361113063.699474,1361113064.5072334,8873705257.046747,2025,2023,census_msa_2023,pep,2025,100
13,41860,"San Francisco-Oakland-Fremont, CA",4630041.0,2025,CA-512,Daly City/San Mateo County CoC,99.99999993991533,95.0,13.32724166105753,1182620143.8965862,1182620144.6071596,8873705257.046747,2025,2023,census_msa_2023,pep,2025,100
13,41860,"San Francisco-Oakland-Fremont, CA",4630041.0,2025,CA-505,Contra Costa County CoC,99.99999992802613,95.0,22.143763936893617,1964972344.5761504,1964972345.990417,8873705257.046747,2025,2023,census_msa_2023,pep,2025,100
14,19820,"Detroit-Warren-Dearborn, MI",4390913.0,2025,MI-503,"St. Clair Shores, Warren/Macomb County CoC",100.00000000000028,95.0,11.429931175036803,1253790937.3917277,1253790937.391724,10969365591.01976,2025,2023,census_msa_2023,pep,2025,100
14,19820,"Detroit-Warren-Dearborn, MI",4390913.0,2025,MI-504,"Pontiac, Royal Oak/Oakland County CoC",99.99999997952851,95.0,21.420557338471923,2349699246.090997,2349699246.572016,10969365591.01976,2025,2023,census_msa_2023,pep,2025,100
14,19820,"Detroit-Warren-Dearborn, MI",4390913.0,2025,MI-501,Detroit CoC,99.99999997540117,95.0,3.283253083475351,360152034.00484043,360152034.0934336,10969365591.01976,2025,2023,census_msa_2023,pep,2025,100
14,19820,"Detroit-Warren-Dearborn, MI",4390913.0,2025,MI-502,"Dearborn, Dearborn Heights, Westland/Wayne County CoC",99.99999992300783,95.0,11.28428708298739,1237814704.4731061,1237814705.4261265,10969365591.01976,2025,2023,census_msa_2023,pep,2025,100
14,19820,"Detroit-Warren-Dearborn, MI",4390913.0,2025,MI-518,Livingston County CoC,99.99999992111296,95.0,13.819993872370157,1515965652.5168114,1515965653.7127118,10969365591.01976,2025,2023,census_msa_2023,pep,2025,100
15,42660,"Seattle-Tacoma-Bellevue, WA",4161883.0,2025,WA-500,Seattle/King County CoC,99.99999997348235,95.0,34.74126393822585,5676503368.893698,5676503370.398973,16339369169.144808,2025,2023,census_msa_2023,pep,2025,100
15,42660,"Seattle-Tacoma-Bellevue, WA",4161883.0,2025,WA-504,Everett/Snohomish County CoC,99.999999961542,95.0,33.42708262864643,5461774433.169615,5461774435.270104,16339369169.144808,2025,2023,census_msa_2023,pep,2025,100
15,42660,"Seattle-Tacoma-Bellevue, WA",4161883.0,2025,WA-503,"Tacoma, Lakewood/Pierce County CoC",99.99999994981933,95.0,26.786342217325643,4376719341.799326,4376719343.995593,16339369169.144808,2025,2023,census_msa_2023,pep,2025,100
16,33460,"Minneapolis-St. Paul-Bloomington, MN-WI",3790295.0,2025,MN-501,St. Paul/Ramsey County CoC,100.00000000000003,95.0,2.2521468616861084,438660922.94645476,438660922.94645464,19477456395.452106,2025,2023,census_msa_2023,pep,2025,100
16,33460,"Minneapolis-St. Paul-Bloomington, MN-WI",3790295.0,2025,MN-500,Minneapolis/Hennepin County CoC,99.99999999999952,95.0,8.155283219891697,1588441733.0800276,1588441733.0800352,19477456395.452106,2025,2023,census_msa_2023,pep,2025,100
16,33460,"Minneapolis-St. Paul-Bloomington, MN-WI",3790295.0,2025,MN-503,"Dakota, Anoka, Washington, Scott, Carver Counties CoC",99.68160726806983,95.0,29.261435498301065,5699383339.864933,5717587723.618667,19477456395.452106,2025,2023,census_msa_2023,pep,2025,100
17,45300,"Tampa-St. Petersburg-Clearwater, FL",3418895.0,2025,FL-502,"St. Petersburg, Clearwater, Largo/Pinellas County CoC",100.00000000000048,95.0,7.424041554672621,754637967.3068463,754637967.3068426,10164786413.835255,2025,2023,census_msa_2023,pep,2025,100
17,45300,"Tampa-St. Petersburg-Clearwater, FL",3418895.0,2025,FL-519,Pasco County CoC,99.99999997327352,95.0,19.492635950930573,1981384810.8385572,1981384811.3681116,10164786413.835255,2025,2023,census_msa_2023,pep,2025,100
17,45300,"Tampa-St. Petersburg-Clearwater, FL",3418895.0,2025,FL-501,Tampa/Hillsborough County CoC,99.99999994606056,95.0,27.357423637885248,2780823681.119114,2780823682.619075,10164786413.835255,2025,2023,census_msa_2023,pep,2025,100
18,41740,"San Diego-Chula Vista-Carlsbad, CA",3282248.0,2025,CA-601,San Diego City and County CoC,99.9999873398967,95.0,93.60974941896079,10972543105.104496,10972544494.239964,11721581537.405539,2025,2023,census_msa_2023,pep,2025,100
20,36740,"Orlando-Kissimmee-Sanford, FL",2957672.0,2025,FL-507,"Orlando/Orange, Osceola, Seminole Counties CoC",99.9999999276637,95.0,71.16396778252962,7393774355.553729,7393774360.902112,10389772501.370928,2025,2023,census_msa_2023,pep,2025,100
21,16740,"Charlotte-Concord-Gastonia, NC-SC",2938830.0,2025,NC-505,Charlotte/Mecklenburg County CoC,100.0000000000002,95.0,9.558313132960553,1414541235.0422006,1414541235.0421977,14799067736.799143,2025,2023,census_msa_2023,pep,2025,100
22,12580,"Baltimore-Columbia-Towson, MD",2857781.0,2025,MD-501,Baltimore CoC,100.00000000000016,95.0,2.620030148311039,210701759.51693904,210701759.51693872,8041959351.222145,2025,2023,census_msa_2023,pep,2025,100
22,12580,"Baltimore-Columbia-Towson, MD",2857781.0,2025,MD-505,Baltimore County CoC,99.99999998843066,95.0,19.590485099938373,1575458848.444275,1575458848.6265452,8041959351.222145,2025,2023,census_msa_2023,pep,2025,100
22,12580,"Baltimore-Columbia-Towson, MD",2857781.0,2025,MD-503,Annapolis/Anne Arundel County CoC,99.99999990544315,95.0,13.410670015872544,1078480631.4030063,1078480632.4227836,8041959351.222145,2025,2023,census_msa_2023,pep,2025,100
22,12580,"Baltimore-Columbia-Towson, MD",2857781.0,2025,MD-506,Carroll County CoC,99.99999989815413,95.0,14.578897346916392,1172428998.49542,1172428999.6894906,8041959351.222145,2025,2023,census_msa_2023,pep,2025,100
22,12580,"Baltimore-Columbia-Towson, MD",2857781.0,2025,MD-504,Howard County CoC,99.99999989297822,95.0,8.16086390213379,656293357.7181609,656293358.4205377,8041959351.222145,2025,2023,census_msa_2023,pep,2025,100
23,41180,"St. Louis, MO-IL",2814421.0,2025,MO-500,St. Louis County CoC,100.00000000000004,95.0,6.475759091181342,1355511078.8259318,1355511078.825931,20932080081.111423,2025,2023,census_msa_2023,pep,2025,100
23,41180,"St. Louis, MO-IL",2814421.0,2025,MO-501,St. Louis City CoC,100.00000000000004,95.0,0.8187821492811923,171388135.17738447,171388135.1773844,20932080081.111423,2025,2023,census_msa_2023,pep,2025,100
23,41180,"St. Louis, MO-IL",2814421.0,2025,IL-504,Madison County CoC,99.99999999555811,95.0,9.19872271779718,1925484005.728695,1925484005.8142226,20932080081.111423,2025,2023,census_msa_2023,pep,2025,100
23,41180,"St. Louis, MO-IL",2814421.0,2025,IL-508,"East St. Louis, Belleville/St. Clair County CoC",99.99999997515681,95.0,8.316475193254607,1740811247.3778205,1740811247.8102934,20932080081.111423,2025,2023,census_msa_2023,pep,2025,100
23,41180,"St. Louis, MO-IL",2814421.0,2025,MO-503,"St. Charles, Lincoln, Warren Counties CoC",99.99999996627749,95.0,20.67145654093505,4326965837.08067,4326965838.539832,20932080081.111423,2025,2023,census_msa_2023,pep,2025,100
24,41700,"San Antonio-New Braunfels, TX",2813140.0,2025,TX-500,San Antonio/Bexar County CoC,99.99999999999989,95.0,17.318500120593576,3306177898.198252,3306177898.198256,19090440137.28907,2025,2023,census_msa_2023,pep,2025,100
25,12420,"Austin-Round Rock-San Marcos, TX",2620945.0,2025,TX-503,Austin/Travis County CoC,99.99999998206991,95.0,24.30019731546464,2692284211.3298674,2692284211.8125963,11079268930.941965,2025,2023,census_msa_2023,pep,2025,100
26,38900,"Portland-Vancouver-Hillsboro, OR-WA",2542282.0,2025,OR-501,"Portland, Gresham/Multnomah County CoC",99.99999997546364,95.0,6.816776552138355,1204839751.856452,1204839752.1520758,17674625868.123924,2025,2023,census_msa_2023,pep,2025,100
26,38900,"Portland-Vancouver-Hillsboro, OR-WA",2542282.0,2025,OR-507,Clackamas County CoC,99.99999995339078,95.0,27.60611071813226,4879276786.169935,4879276788.444128,17674625868.123924,2025,2023,census_msa_2023,pep,2025,100
26,38900,"Portland-Vancouver-Hillsboro, OR-WA",2542282.0,2025,OR-506,"Hillsboro, Beaverton/Washington County CoC",99.9999999499127,95.0,10.63351810773382,1879434542.1611636,1879434543.1025214,17674625868.123924,2025,2023,census_msa_2023,pep,2025,100
26,38900,"Portland-Vancouver-Hillsboro, OR-WA",2542282.0,2025,WA-508,Vancouver/Clark County CoC,99.36297513034796,95.0,9.606954512688192,1697993267.438486,1708879253.2741666,17674625868.123924,2025,2023,census_msa_2023,pep,2025,100
27,40900,"Sacramento-Roseville-Folsom, CA",2477274.0,2025,CA-525,El Dorado County CoC,99.99999995583987,95.0,33.67451603385491,4626652515.275173,4626652517.318309,13739328905.644066,2025,2023,census_msa_2023,pep,2025,100
27,40900,"Sacramento-Roseville-Folsom, CA",2477274.0,2025,CA-515,"Roseville, Rocklin/Placer County CoC",99.99999992852312,95.0,28.31851006743208,3890773239.34242,3890773242.1234236,13739328905.644066,2025,2023,census_msa_2023,pep,2025,100
27,40900,"Sacramento-Roseville-Folsom, CA",2477274.0,2025,CA-503,Sacramento City & County CoC,99.99999990899218,95.0,18.744631805488392,2575386615.908018,2575386618.2518215,13739328905.644066,2025,2023,census_msa_2023,pep,2025,100
27,40900,"Sacramento-Roseville-Folsom, CA",2477274.0,2025,CA-521,"Davis, Woodland/Yolo County CoC",99.99999989855723,95.0,19.26234202174093,2646516525.2970753,2646516527.981775,13739328905.644066,2025,2023,census_msa_2023,pep,2025,100
28,38300,"Pittsburgh, PA",2421992.0,2025,PA-600,"Pittsburgh, McKeesport, Penn Hills/Allegheny County CoC",99.99999999999999,95.0,13.037543673464183,1926481842.0928588,1926481842.092859,14776417171.387136,2025,2023,census_msa_2023,pep,2025,100
28,38300,"Pittsburgh, PA",2421992.0,2025,PA-603,Beaver County CoC,99.99999997008011,95.0,7.782787371754953,1150017129.6125484,1150017129.9566321,14776417171.387136,2025,2023,census_msa_2023,pep,2025,100
29,29820,"Las Vegas-Henderson-North Las Vegas, NV",2407226.0,2025,NV-500,Las Vegas/Clark County CoC,99.99999995555652,95.0,99.99999996339955,20877694166.32385,20877694175.602623,20877694173.96518,2025,2023,census_msa_2023,pep,2025,100
30,17140,"Cincinnati, OH-KY-IN",2312858.0,2025,OH-500,Cincinnati/Hamilton County CoC,99.99999999999993,95.0,9.295988061367854,1075206339.1795032,1075206339.179504,11566348107.177887,2025,2023,census_msa_2023,pep,2025,100
31,28140,"Kansas City, MO-KS",2270682.0,2025,MO-604,"Kansas City (MO&KS), Independence, Lee’s Summit/Jackson, Wyandotte Counties CoC",99.99999999493437,95.0,12.68976532853325,2423183092.6722827,2423183092.795032,19095570563.654915,2025,2023,census_msa_2023,pep,2025,100
31,28140,"Kansas City, MO-KS",2270682.0,2025,KS-505,"Overland Park, Shawnee/Johnson County CoC",99.99999997704018,95.0,6.54041529842575,1248929618.4669702,1248929618.7537222,19095570563.654915,2025,2023,census_msa_2023,pep,2025,100
32,18140,"Columbus, OH",2242028.0,2025,OH-503,Columbus/Franklin County CoC,100.00000000000027,95.0,11.795895427009448,1482091731.9969656,1482091731.9969616,12564469913.859797,2025,2023,census_msa_2023,pep,2025,100
33,26900,"Indianapolis-Carmel-Greenwood, IN",2205695.0,2025,IN-503,Indianapolis CoC,100.00000000000004,95.0,9.785139808815597,1043787716.0783372,1043787716.0783367,10667070031.41612,2025,2023,census_msa_2023,pep,2025,100
34,34980,"Nashville-Davidson--Murfreesboro--Franklin, TN",2197416.0,2025,TN-504,Nashville-Davidson County CoC,99.99999999999963,95.0,8.235320223252382,1360423849.6032937,1360423849.6032987,16519380093.589369,2025,2023,census_msa_2023,pep,2025,100
34,34980,"Nashville-Davidson--Murfreesboro--Franklin, TN",2197416.0,2025,TN-510,Murfreesboro/Rutherford County CoC,99.99999994752308,95.0,9.78440356114061,1616322814.1555114,1616322815.003708,16519380093.589369,2025,2023,census_msa_2023,pep,2025,100
35,17410,"Cleveland, OH",2165775.0,2025,OH-502,Cleveland/Cuyahoga County CoC,99.99999995957464,95.0,8.588488019498866,1189459974.431745,1189459974.9125886,13849468867.293703,2025,2023,census_msa_2023,pep,2025,100
36,41940,"San Jose-Sunnyvale-Santa Clara, CA",1984473.0,2025,CA-500,San Jose/Santa Clara City & County CoC,99.99999989950204,95.0,48.187963245537894,3362941334.7362013,3362941338.1158886,6978799493.144385,2025,2023,census_msa_2023,pep,2025,100
37,47260,"Virginia Beach-Chesapeake-Norfolk, VA-NC",1797213.0,2025,VA-507,Portsmouth CoC,99.99999999999986,95.0,0.8070001795936338,95172850.96886198,95172850.96886212,11793411374.05774,2025,2023,census_msa_2023,pep,2025,100
37,47260,"Virginia Beach-Chesapeake-Norfolk, VA-NC",1797213.0,2025,VA-503,Virginia Beach CoC,99.99999999999946,95.0,5.772943599943352,680826987.1336576,680826987.1336613,11793411374.05774,2025,2023,census_msa_2023,pep,2025,100
37,47260,"Virginia Beach-Chesapeake-Norfolk, VA-NC",1797213.0,2025,VA-505,"Newport News, Hampton/Virginia Peninsula CoC",99.99999995229297,95.0,8.883980370685888,1047724351.5055265,1047724352.0053648,11793411374.05774,2025,2023,census_msa_2023,pep,2025,100
38,27260,"Jacksonville, FL",1785500.0,2025,FL-512,St. Johns County CoC,99.99999996567313,95.0,17.814557010073194,1706438476.14086,1706438476.726627,9578899296.659237,2025,2023,census_msa_2023,pep,2025,100
38,27260,"Jacksonville, FL",1785500.0,2025,FL-510,"Jacksonville-Duval, Clay Counties CoC",99.99999993957826,95.0,58.392607204417146,5593369040.804905,5593369044.184516,9578899296.659237,2025,2023,census_msa_2023,pep,2025,100
39,39300,"Providence-Warwick, RI-MA",1708161.0,2025,MA-515,Fall River CoC,99.99999999999999,95.0,1.758581963430023,101847606.88131705,101847606.88131706,5791462041.534224,2025,2023,census_msa_2023,pep,2025,100
39,39300,"Providence-Warwick, RI-MA",1708161.0,2025,RI-500,Rhode Island Statewide CoC,99.99999995855073,95.0,48.60596273072068,2814995881.4719596,2814995882.638755,5791462041.534224,2025,2023,census_msa_2023,pep,2025,100
39,39300,"Providence-Warwick, RI-MA",1708161.0,2025,MA-505,"New Bedford, Attleboro, Taunton/Bristol County CoC",99.99999993088207,95.0,24.054024788142645,1393079715.0665143,1393079716.0293822,5791462041.534224,2025,2023,census_msa_2023,pep,2025,100
40,39580,"Raleigh-Cary, NC",1595720.0,2025,NC-507,Raleigh/Wake County CoC,99.7160721257797,95.0,39.922957370734444,2220238514.6817527,2226560340.123698,5561307730.948059,2025,2023,census_msa_2023,pep,2025,100
41,33340,"Milwaukee-Waukesha, WI",1575010.0,2025,WI-501,Milwaukee City & County CoC,99.99999996309992,95.0,7.315460061065697,629400289.9737368,629400290.205986,8603700720.38979,2025,2023,census_msa_2023,pep,2025,100
42,36420,"Oklahoma City, OK",1512813.0,2025,OK-504,Norman/Cleveland County CoC,99.99999995926439,95.0,7.738806306815802,1118755805.3891041,1118755805.8448362,14456438900.709812,2025,2023,census_msa_2023,pep,2025,100
42,36420,"Oklahoma City, OK",1512813.0,2025,OK-502,Oklahoma City CoC,99.92096509992481,95.0,11.113139537679928,1606564227.2153237,1607834977.9835467,14456438900.709812,2025,2023,census_msa_2023,pep,2025,100
43,31140,"Louisville/Jefferson County, KY-IN",1402509.0,2025,KY-501,Louisville-Jefferson County CoC,99.99999999801476,95.0,9.841642798978187,1029781411.0470338,1029781411.0674775,10463511347.454628,2025,2023,census_msa_2023,pep,2025,100
44,40060,"Richmond, VA",1389338.0,2025,VA-500,"Richmond/Henrico, Chesterfield, Hanover Counties CoC",99.99999995117126,95.0,48.43094447974703,5634642330.847102,5634642333.598427,11634384568.327818,2025,2023,census_msa_2023,pep,2025,100
45,32820,"Memphis, TN-MS-AR",1341412.0,2025,TN-501,Memphis/Shelby County CoC,99.99999999909537,95.0,15.314188228605504,2023033350.7952206,2023033350.8135216,13210189927.11856,2025,2023,census_msa_2023,pep,2025,100
46,41620,"Salt Lake City-Murray, UT",1308377.0,2025,UT-500,Salt Lake City & County CoC,99.20989304932564,95.0,9.957003891342337,2086731529.800791,2103350246.2937846,20957424066.241596,2025,2023,census_msa_2023,pep,2025,100
47,23420,"Fresno, CA",1203383.0,2025,CA-514,Fresno City & County/Madera County CoC,99.9999999559684,95.0,99.9999999556066,21145613646.183308,21145613655.494057,21145613655.570564,2025,2023,census_msa_2023,pep,2025,100
48,13820,"Birmingham, AL",1197766.0,2025,AL-500,"Birmingham/Jefferson, St. Clair, Shelby Counties CoC",99.99999995391313,95.0,48.19324833379959,6702546439.921177,6702546443.010171,13907646136.44117,2025,2023,census_msa_2023,pep,2025,100
49,24340,"Grand Rapids-Wyoming-Kentwood, MI",1183645.0,2025,MI-506,"Grand Rapids, Wyoming/Kent County CoC",99.94306068029533,95.0,19.901968439000516,2258319914.894344,2259606519.474535,11347218853.33146,2025,2023,census_msa_2023,pep,2025,100
49,24340,"Grand Rapids-Wyoming-Kentwood, MI",1183645.0,2025,MI-519,Holland/Ottawa County CoC,98.58059678671214,95.0,13.161896791071538,1493509234.132498,1515013382.7692661,11347218853.33146,2025,2023,census_msa_2023,pep,2025,100
52,46060,"Tucson, AZ",1074685.0,2025,AZ-501,Tucson/Pima County CoC,99.99999945832276,95.0,98.67870069563159,23489175360.747562,23489175487.983078,23803693396.002937,2025,2023,census_msa_2023,pep,2025,100
53,46140,"Tulsa, OK",1069273.0,2025,OK-501,Tulsa City & County CoC,99.99999998656932,95.0,10.414245834604856,1742489392.8116329,1742489393.045661,16731786636.163534,2025,2023,census_msa_2023,pep,2025,100
54,40380,"Rochester, NY",1056149.0,2025,NY-500,"Rochester, Irondequoit, Greece/Monroe County CoC",99.999999971548,95.0,13.670568471270695,1724268796.5322459,1724268797.022835,12612999965.26021,2025,2023,census_msa_2023,pep,2025,100
56,36540,"Omaha, NE-IA",1009836.0,2025,NE-501,"Omaha, Council Bluffs CoC",99.99999997421929,95.0,35.07930498610811,4004160135.984906,4004160137.017207,11414593697.25429,2025,2023,census_msa_2023,pep,2025,100
57,46520,"Urban Honolulu, HI",988703.0,2025,HI-501,Honolulu City and County CoC,100.00000000000003,95.0,27.85175696387881,1562619498.7124257,1562619498.7124255,5610488059.115986,2025,2023,census_msa_2023,pep,2025,100
58,14860,"Bridgeport-Stamford-Danbury, CT",978179.0,2025,CT-503,"Bridgeport, Stamford, Norwalk, Danbury/Fairfield County CoC",99.99999989339155,95.0,78.36968115017152,1798756662.6338792,1798756664.5515058,2295220085.414297,2025,2023,census_msa_2023,pep,2025,100
59,35380,"New Orleans-Metairie, LA",970849.0,2025,LA-503,New Orleans/Jefferson Parish CoC,99.99999994107277,95.0,12.384722876450171,2172871790.7949376,2172871792.0753508,17544775224.052063,2025,2023,census_msa_2023,pep,2025,100
60,28940,"Knoxville, TN",968137.0,2025,TN-502,Knoxville/Knox County CoC,99.99999996427647,95.0,14.409379376936545,1362130680.4134815,1362130680.9000826,9453083611.593218,2025,2023,census_msa_2023,pep,2025,100
61,35840,"North Port-Bradenton-Sarasota, FL",948158.0,2025,FL-500,"Sarasota, Bradenton/Manatee, Sarasota Counties CoC",99.99999994780403,95.0,68.66015015289483,3449142027.033471,3449142028.833784,5023499102.977201,2025,2023,census_msa_2023,pep,2025,100
62,12540,"Bakersfield-Delano, CA",927068.0,2025,CA-604,Bakersfield/Kern County CoC,99.99999996040353,95.0,99.99999996127352,21147038921.04613,21147038929.419613,21147038929.235638,2025,2023,census_msa_2023,pep,2025,100
63,10740,"Albuquerque, NM",925279.0,2025,NM-500,Albuquerque CoC,99.99999999999912,95.0,2.0326541329069028,489375702.95982206,489375702.95982635,24075699600.697186,2025,2023,census_msa_2023,pep,2025,100
65,10580,"Albany-Schenectady-Troy, NY",915835.0,2025,NY-503,Albany City & County CoC,99.99999996552152,95.0,18.528844411158204,1381245392.092029,1381245392.5682614,7454568463.321075,2025,2023,census_msa_2023,pep,2025,100
65,10580,"Albany-Schenectady-Troy, NY",915835.0,2025,NY-507,Schenectady City & County CoC,99.99999996236981,95.0,7.276835002682519,542456647.2378803,542456647.4420078,7454568463.321075,2025,2023,census_msa_2023,pep,2025,100
65,10580,"Albany-Schenectady-Troy, NY",915835.0,2025,NY-512,Troy/Rensselaer County CoC,99.99999990622597,95.0,23.118517693354434,1723385729.1561027,1723385730.772191,7454568463.321075,2025,2023,census_msa_2023,pep,2025,100
68,49340,"Worcester, MA",888502.0,2025,MA-506,Worcester City & County CoC,99.99999990161749,95.0,99.999999900295,4089986758.8700504,4089986762.8938823,4089986762.947972,2025,2023,census_msa_2023,pep,2025,100
70,21340,"El Paso, TX",881291.0,2025,TX-603,El Paso City & County CoC,99.99999991080257,95.0,18.172664624829803,2629451545.3666577,2629451547.712061,14469267989.318235,2025,2023,census_msa_2023,pep,2025,100
72,15980,"Cape Coral-Fort Myers, FL",875607.0,2025,FL-603,"Ft Myers, Cape Coral/Lee County CoC",99.99999990967224,95.0,54.04891926981536,2120547645.4857202,2120547647.4011633,3923385840.334425,2025,2023,census_msa_2023,pep,2025,100
73,29460,"Lakeland-Winter Haven, FL",874790.0,2025,FL-503,Lakeland/Polk County CoC,99.99999990758485,95.0,99.99999990303988,5206944202.914245,5206944207.72625,5206944207.962904,2025,2023,census_msa_2023,pep,2025,100
74,14260,"Boise City, ID",864243.0,2025,ID-500,Boise/Ada County CoC,99.99999996803695,95.0,8.963107209125532,2746864547.250348,2746864548.1283298,30646342648.38098,2025,2023,census_msa_2023,pep,2025,100
75,37100,"Oxnard-Thousand Oaks-Ventura, CA",830851.0,2025,CA-611,"Oxnard, San Buenaventura/Ventura County CoC",99.99999994170271,95.0,84.08820093094329,4805608232.68713,4805608235.488669,5714961408.954027,2025,2023,census_msa_2023,pep,2025,100
76,19430,"Dayton-Kettering-Beavercreek, OH",826554.0,2025,OH-505,"Dayton, Kettering/Montgomery County CoC",99.25130978957675,95.0,36.21344563275748,1210056123.2247732,1219184034.7399142,3341455368.5280824,2025,2023,census_msa_2023,pep,2025,100
77,44700,"Stockton-Lodi, CA",823815.0,2025,CA-511,Stockton/San Joaquin County CoC,99.99999989876225,95.0,99.99999989513493,3694879828.8801146,3694879832.6207275,3694879832.7547526,2025,2023,census_msa_2023,pep,2025,100
78,24660,"Greensboro-High Point, NC",805945.0,2025,NC-504,"Greensboro, High Point/Guilford County CoC",99.53035071051113,95.0,32.4546404066319,1698272752.2222166,1706286313.7714903,5232757876.667724,2025,2023,census_msa_2023,pep,2025,100
79,17820,"Colorado Springs, CO",781796.0,2025,CO-504,Colorado Springs/El Paso County CoC,99.99999995104542,95.0,79.21717709543607,5515421733.97436,5515421736.674412,6962406306.563681,2025,2023,census_msa_2023,pep,2025,100
82,19780,"Des Moines-West Des Moines, IA",758539.0,2025,IA-502,Des Moines/Polk County CoC,99.99999997079897,95.0,17.34767943179755,1637555625.7712047,1637555626.2493877,9439623508.200386,2025,2023,census_msa_2023,pep,2025,100
83,19660,"Deltona-Daytona Beach-Ormond Beach, FL",746933.0,2025,FL-504,"Deltona, Daytona Beach/Volusia, Flagler Counties CoC",99.9999999152418,95.0,86.1372864014452,4469177646.116375,4469177649.904369,5188435615.776946,2025,2023,census_msa_2023,pep,2025,100
84,28880,"Kiryas Joel-Poughkeepsie-Newburgh, NY",718377.0,2025,NY-601,Poughkeepsie/Dutchess County CoC,99.99999988518694,95.0,49.60868862952769,2137505406.317035,2137505408.7711704,4308731928.553269,2025,2023,census_msa_2023,pep,2025,100
84,28880,"Kiryas Joel-Poughkeepsie-Newburgh, NY",718377.0,2025,NY-602,"Newburgh, Middletown/Orange County CoC",99.99999825903969,95.0,50.383189355780274,2170876566.395957,2170876604.1900573,4308731928.553269,2025,2023,census_msa_2023,pep,2025,100
85,49180,"Winston-Salem, NC",712206.0,2025,NC-500,Winston-Salem/Forsyth County CoC,99.99999997426981,95.0,20.18109207071411,1066532160.4284358,1066532160.7028565,5284808952.317,2025,2023,census_msa_2023,pep,2025,100
86,31540,"Madison, WI",709685.0,2025,WI-503,Madison/Dane County CoC,99.98693843313373,95.0,36.567714110308316,3206966010.6298184,3207384945.359115,8769938424.25,2025,2023,census_msa_2023,pep,2025,100
87,10420,"Akron, OH",701780.0,2025,OH-506,"Akron, Barberton/Summit County CoC",99.9980770021986,95.0,45.57096191576644,1090806194.8380046,1090827171.4205282,2393643120.4903145,2025,2023,census_msa_2023,pep,2025,100
89,37340,"Palm Bay-Melbourne-Titusville, FL",663982.0,2025,FL-513,"Palm Bay, Melbourne/Brevard County CoC",99.99999992287195,95.0,68.18451089899125,2749683335.7126966,2749683337.8334737,4032709627.830412,2025,2023,census_msa_2023,pep,2025,100
90,48620,"Wichita, KS",663809.0,2025,KS-502,Wichita/Sedgwick County CoC,99.9999999695128,95.0,24.133994198219348,2613610744.190168,2613610744.9869847,10829582218.02757,2025,2023,census_msa_2023,pep,2025,100
92,12260,"Augusta-Richmond County, GA-SC",641231.0,2025,GA-504,Augusta-Richmond County CoC,99.99999998381844,95.0,9.173190414631637,851031902.4899889,851031902.6276991,9277381848.877312,2025,2023,census_msa_2023,pep,2025,100
93,20500,"Durham-Chapel Hill, NC",625485.0,2025,NC-513,Chapel Hill/Orange County CoC,99.9999999447441,95.0,22.21005157472834,1042298433.2424154,1042298433.8183469,4692913160.22153,2025,2023,census_msa_2023,pep,2025,100
93,20500,"Durham-Chapel Hill, NC",625485.0,2025,NC-502,Durham City & County CoC,99.90621617415718,95.0,16.324287563597974,766084639.3844959,766803777.3035583,4692913160.22153,2025,2023,census_msa_2023,pep,2025,100
95,25420,"Harrisburg-Carlisle, PA",617427.0,2025,PA-501,Harrisburg/Dauphin County CoC,99.99999989202534,95.0,31.846124137790188,1372489145.0004952,1372489146.4824357,4309752543.39297,2025,2023,census_msa_2023,pep,2025,100
97,44060,"Spokane-Spokane Valley, WA",608012.0,2025,WA-502,Spokane City & County CoC,99.99999994782108,95.0,41.21697634027509,4612726653.748998,4612726656.155869,11191327126.15234,2025,2023,census_msa_2023,pep,2025,100
98,45780,"Toledo, OH",599376.0,2025,OH-501,Toledo/Lucas County CoC,99.99999992309364,95.0,21.312752548856,896214195.8719836,896214196.5612293,4205060767.338987,2025,2023,census_msa_2023,pep,2025,100
