geo_type,geo_id,msa_id,cbsa_code,msa_name,year,msa_population_rank_2020_census_nonpr,msa_2020_census_population,pit_total,pit_sheltered,pit_unsheltered,january_tmin_c,january_tmin_below_freezing,sanctuary_match,sanctuary_state_match,sanctuary_county_match,sanctuary_city_match,sanctuary_matched_states,sanctuary_matched_counties,sanctuary_matched_cities,match_basis,source_panel
msa,35620,35620,35620,"New York-Newark-Jersey City, NY-NJ",2020,1,20081935,90579.39454953992,85255.73712585281,5323.657423687099,-1.717139230070213,True,True,True,False,True,New York,,"Hoboken, NJ; Jersey City, NJ; New York City, NY; Newark, NJ; Paterson, NJ",state+city,top50_msa_nonpr_coc_pit_contract_rent_2010_2020
msa,31080,31080,31080,"Los Angeles-Long Beach-Anaheim, CA",2020,2,13200998,73409.36378373583,21410.649566354783,51998.71421738106,7.0391087928085785,False,True,True,False,True,California,,"Los Angeles, CA",state+city,top50_msa_nonpr_coc_pit_contract_rent_2010_2020
msa,16980,16980,16980,"Chicago-Naperville-Elgin, IL-IN",2020,3,9449351,8115.4126384569045,6255.3536366301805,1860.0590018267242,-4.946792615268044,True,True,True,True,True,Illinois,"Cook County, IL","Chicago, IL",state+county+city,top50_msa_nonpr_coc_pit_contract_rent_2010_2020
msa,19100,19100,19100,"Dallas-Fort Worth-Arlington, TX",2020,4,7637387,6786.671541965686,4251.535652450436,2535.1358895152503,3.653333139582008,False,False,False,False,False,,,,none,top50_msa_nonpr_coc_pit_contract_rent_2010_2020
msa,26420,26420,26420,"Houston-Pasadena-The Woodlands, TX",2020,5,7149642,4193.629542379103,2399.9730641935225,1793.6564781855805,8.461206852879878,False,False,False,False,False,,,,none,top50_msa_nonpr_coc_pit_contract_rent_2010_2020
msa,47900,47900,47900,"Washington-Arlington-Alexandria, DC-VA-MD-WV",2020,6,6278542,9967.33725721209,8750.475136352139,1216.86212085995,-1.0596674983601313,True,True,True,False,False,District of Columbia,,,state,top50_msa_nonpr_coc_pit_contract_rent_2010_2020
msa,37980,37980,37980,"Philadelphia-Camden-Wilmington, PA-NJ-DE-MD",2020,7,6245051,8441.590938792584,7175.980748336306,1265.6101904562777,-1.5046169971025614,True,True,True,False,True,Delaware,,"Philadelphia, PA",state+city,top50_msa_nonpr_coc_pit_contract_rent_2010_2020
msa,33100,33100,33100,"Miami-Fort Lauderdale-West Palm Beach, FL",2020,8,6138333,7280.702533055039,4246.864602394908,3033.8379306601314,15.008545644111996,False,False,False,False,False,,,,none,top50_msa_nonpr_coc_pit_contract_rent_2010_2020
msa,12060,12060,12060,"Atlanta-Sandy Springs-Roswell, GA",2020,9,6104803,4882.589746566689,3287.251506342792,1595.3382402238974,2.835798929651156,False,False,False,False,False,,,,none,top50_msa_nonpr_coc_pit_contract_rent_2010_2020
msa,14460,14460,14460,"Boston-Cambridge-Newton, MA-NH",2020,10,4941632,12499.488727099091,11752.504936122004,746.9837909770871,-4.048379522616431,True,True,False,False,True,,,"Boston, MA",city,top50_msa_nonpr_coc_pit_contract_rent_2010_2020
msa,38060,38060,38060,"Phoenix-Mesa-Chandler, AZ",2020,11,4845832,7527.180945617636,3703.02288491245,3824.1580607051865,3.7952033155220444,False,False,False,False,False,,,,none,top50_msa_nonpr_coc_pit_contract_rent_2010_2020
msa,41860,41860,41860,"San Francisco-Oakland-Fremont, CA",2020,12,4749008,21141.997143655233,6470.998762018692,14670.998381636542,6.110097133716823,False,True,True,True,True,California,"San Francisco County, CA","Berkeley, CA; San Francisco City, CA",state+county+city,top50_msa_nonpr_coc_pit_contract_rent_2010_2020
msa,40140,40140,40140,"Riverside-San Bernardino-Ontario, CA",2020,13,4599839,6010.9636011284565,1464.6164242994046,4546.347176829052,3.963200990354734,False,True,True,False,False,California,,,state,top50_msa_nonpr_coc_pit_contract_rent_2010_2020
msa,19820,19820,19820,"Detroit-Warren-Dearborn, MI",2020,14,4392041,2653.016227585425,2361.4932039534365,291.5230236319884,-3.801702544971785,True,False,False,False,False,,,,none,top50_msa_nonpr_coc_pit_contract_rent_2010_2020
msa,42660,42660,42660,"Seattle-Tacoma-Bellevue, WA",2020,15,4018762,14780.000199358556,7615.000112107498,7165.000087251057,-0.0022702087379334137,True,True,True,False,True,Washington,,"Seattle, WA",state+city,top50_msa_nonpr_coc_pit_contract_rent_2010_2020
msa,33460,33460,33460,"Minneapolis-St. Paul-Bloomington, MN-WI",2020,16,3690261,5515.9991466277215,4295.668870304493,1220.3302763232289,-12.02221365494464,True,True,True,False,False,Minnesota,,,state,top50_msa_nonpr_coc_pit_contract_rent_2010_2020
msa,41740,41740,41740,"San Diego-Chula Vista-Carlsbad, CA",2020,17,3298634,7637.839927657782,3666.916506310114,3970.9234213476684,4.99421932916814,False,True,True,True,False,California,"San Diego County, CA",,state+county,top50_msa_nonpr_coc_pit_contract_rent_2010_2020
msa,45300,45300,45300,"Tampa-St. Petersburg-Clearwater, FL",2020,18,3175275,4696.666758782908,2515.892922720849,2180.7738360620588,11.385533206056774,False,False,False,False,False,,,,none,top50_msa_nonpr_coc_pit_contract_rent_2010_2020
msa,19740,19740,19740,"Denver-Aurora-Centennial, CO",2020,19,2963821,5172.057609743627,3830.142885389839,1341.914724353788,-8.42254039551943,True,True,True,False,True,Colorado,,"Denver, CO",state+city,top50_msa_nonpr_coc_pit_contract_rent_2010_2020
msa,12580,12580,12580,"Baltimore-Columbia-Towson, MD",2020,20,2844510,3691.1889792316883,3005.4484704932306,685.7405087384576,-0.5980655161900591,True,True,False,True,False,,"Baltimore County, MD",,county,top50_msa_nonpr_coc_pit_contract_rent_2010_2020
msa,41180,41180,41180,"St. Louis, MO-IL",2020,21,2820253,2594.286523362015,2046.2926174873244,547.9939058746905,-2.8025734753942073,True,True,True,False,False,Illinois,,,state,top50_msa_nonpr_coc_pit_contract_rent_2010_2020
msa,36740,36740,36740,"Orlando-Kissimmee-Sanford, FL",2020,22,2673376,2293.005952902956,1661.4777420634505,631.5282108395052,11.225771905658636,False,False,False,False,False,,,,none,top50_msa_nonpr_coc_pit_contract_rent_2010_2020
msa,16740,16740,16740,"Charlotte-Concord-Gastonia, NC-SC",2020,23,2660329,2252.050752251035,1805.4910204178625,446.5597318331724,2.2997455710389185,False,False,False,False,False,,,,none,top50_msa_nonpr_coc_pit_contract_rent_2010_2020
msa,41700,41700,41700,"San Antonio-New Braunfels, TX",2020,24,2558143,3177.3044498114236,1749.5557921507527,1427.7486576606705,6.09220855401479,False,False,False,False,False,,,,none,top50_msa_nonpr_coc_pit_contract_rent_2010_2020
msa,38900,38900,38900,"Portland-Vancouver-Hillsboro, OR-WA",2020,25,2512859,6316.753595745966,3085.061888054719,3231.691707691247,2.1739813180493566,False,True,True,False,True,Oregon; Washington,,"Portland, OR",state+city,top50_msa_nonpr_coc_pit_contract_rent_2010_2020
msa,38300,38300,38300,"Pittsburgh, PA",2020,26,2457000,1209.4934188560835,1019.5698686185322,189.92355023755144,-3.261265438913246,True,False,False,False,False,,,,none,top50_msa_nonpr_coc_pit_contract_rent_2010_2020
msa,40900,40900,40900,"Sacramento-Roseville-Folsom, CA",2020,27,2397382,7557.8789153098605,2376.573423983594,5181.305491326268,2.1873538419540504,False,True,True,False,False,California,,,state,top50_msa_nonpr_coc_pit_contract_rent_2010_2020
msa,12420,12420,12420,"Austin-Round Rock-San Marcos, TX",2020,28,2283371,2636.540245679682,980.7243704706033,1655.8158752090787,5.359037480911302,False,False,False,False,False,,,,none,top50_msa_nonpr_coc_pit_contract_rent_2010_2020
msa,29820,29820,29820,"Las Vegas-Henderson-North Las Vegas, NV",2020,29,2265461,5282.999954547003,1821.9999840317346,3460.9999705152686,1.7678813270501854,False,True,True,False,False,Nevada,,,state,top50_msa_nonpr_coc_pit_contract_rent_2010_2020
msa,17140,17140,17140,"Cincinnati, OH-KY-IN",2020,30,2249797,1439.8659818591548,1291.1471721977318,148.71880966142282,-1.4759519386769222,True,False,False,False,False,,,,none,top50_msa_nonpr_coc_pit_contract_rent_2010_2020
msa,28140,28140,28140,"Kansas City, MO-KS",2020,31,2192035,2280.6953370640645,1682.1399139063737,598.5554231576908,-4.673674292797884,True,False,False,False,False,,,,none,top50_msa_nonpr_coc_pit_contract_rent_2010_2020
msa,17410,17410,17410,"Cleveland, OH",2020,32,2185825,1890.7726797382124,1722.2949483951054,168.47773134310708,-2.6442165720939665,True,False,False,False,False,,,,none,top50_msa_nonpr_coc_pit_contract_rent_2010_2020
msa,18140,18140,18140,"Columbus, OH",2020,33,2138926,2443.9576102079395,1898.5041006567021,545.4535095512374,-2.576097321872692,True,False,False,False,False,,,,none,top50_msa_nonpr_coc_pit_contract_rent_2010_2020
msa,26900,26900,26900,"Indianapolis-Carmel-Greenwood, IN",2020,34,2089673,2004.3609999456041,1737.9147329261411,266.4462670194628,-2.7485785696289913,True,False,False,False,False,,,,none,top50_msa_nonpr_coc_pit_contract_rent_2010_2020
msa,34980,34980,34980,"Nashville-Davidson--Murfreesboro--Franklin, TN",2020,35,2014444,2623.980111783183,1810.9158758370843,813.0642359460987,0.712771870639928,False,False,False,False,False,,,,none,top50_msa_nonpr_coc_pit_contract_rent_2010_2020
msa,41940,41940,41940,"San Jose-Sunnyvale-Santa Clara, CA",2020,36,2000468,10397.949538047174,1885.4494312649542,8512.50010678222,4.243425089655778,False,True,True,False,False,California,,,state,top50_msa_nonpr_coc_pit_contract_rent_2010_2020
msa,47260,47260,47260,"Virginia Beach-Chesapeake-Norfolk, VA-NC",2020,37,1780059,1442.7639987607442,1183.2519131428667,259.51208561787746,2.8094923549398882,False,False,False,False,False,,,,none,top50_msa_nonpr_coc_pit_contract_rent_2010_2020
msa,39300,39300,39300,"Providence-Warwick, RI-MA",2020,38,1676579,2109.00220074165,1866.0023095391334,242.99989120251647,-2.4737217086136307,True,True,True,False,False,Rhode Island,,,state,top50_msa_nonpr_coc_pit_contract_rent_2010_2020
msa,27260,27260,27260,"Jacksonville, FL",2020,39,1605848,1733.000285162926,1077.0001423286592,656.0001428342671,8.636930162031815,False,False,False,False,False,,,,none,top50_msa_nonpr_coc_pit_contract_rent_2010_2020
msa,33340,33340,33340,"Milwaukee-Waukesha, WI",2020,40,1574731,1032.4741310539484,942.5903546813021,89.88377637264622,-6.998220779570026,True,False,False,False,False,,,,none,top50_msa_nonpr_coc_pit_contract_rent_2010_2020
msa,36420,36420,36420,"Oklahoma City, OK",2020,41,1425695,1874.5465613823305,1162.3772091563044,712.1693522260258,-0.4294882684574029,True,False,False,False,False,,,,none,top50_msa_nonpr_coc_pit_contract_rent_2010_2020
msa,39580,39580,39580,"Raleigh-Cary, NC",2020,42,1413982,1076.5080689590457,812.3031528276874,264.2049161313583,2.4589955088614692,False,False,False,False,False,,,,none,top50_msa_nonpr_coc_pit_contract_rent_2010_2020
msa,31140,31140,31140,"Louisville/Jefferson County, KY-IN",2020,43,1362180,1392.7102254721517,1178.1377514754215,214.57247399673042,-1.0653273507650947,True,False,False,False,False,,,,none,top50_msa_nonpr_coc_pit_contract_rent_2010_2020
msa,32820,32820,32820,"Memphis, TN-MS-AR",2020,44,1345425,1154.5547741721068,945.5534698558964,209.00130431621045,2.30432986776917,False,False,False,False,False,,,,none,top50_msa_nonpr_coc_pit_contract_rent_2010_2020
msa,40060,40060,40060,"Richmond, VA",2020,45,1314434,622.5793770543265,477.97923571520573,144.60014133912082,0.30358015271740996,False,False,False,False,False,,,,none,top50_msa_nonpr_coc_pit_contract_rent_2010_2020
msa,41620,41620,41620,"Salt Lake City-Murray, UT",2020,46,1257936,2031.4924342631705,1734.1873310330352,297.30510323013505,-4.389495605803003,True,False,False,False,False,,,,none,top50_msa_nonpr_coc_pit_contract_rent_2010_2020
msa,13820,13820,13820,"Birmingham, AL",2020,47,1180631,882.4913681105678,618.852317905749,263.63905020481883,3.0410864720513366,False,False,False,False,False,,,,none,top50_msa_nonpr_coc_pit_contract_rent_2010_2020
msa,15380,15380,15380,"Buffalo-Cheektowaga, NY",2020,48,1166902,448.45265057029707,431.4813920046597,16.971258565637388,-3.9569570556575178,True,True,True,False,False,New York,,,state,top50_msa_nonpr_coc_pit_contract_rent_2010_2020
msa,23420,23420,23420,"Fresno, CA",2020,49,1164909,3640.999981369839,959.9999951556475,2680.9999862141913,0.2357148699291496,False,True,True,False,False,California,,,state,top50_msa_nonpr_coc_pit_contract_rent_2010_2020
msa,24340,24340,24340,"Grand Rapids-Wyoming-Kentwood, MI",2020,50,1150015,1251.9706215247752,1146.664780918491,105.30584060628419,-4.378723406167396,True,False,False,False,False,,,,none,top50_msa_nonpr_coc_pit_contract_rent_2010_2020
