geo_type,geo_id,msa_id,cbsa_code,msa_name,year,msa_population_rank_2020_census_nonpr,msa_2020_census_population,pit_total,pit_sheltered,pit_unsheltered,median_contract_rent_weighted,contract_rent_cash_renter_households,contract_rent_distribution_total,contract_rent_distribution_with_cash_rent,contract_rent_distribution_cash_rent_lt_100,contract_rent_distribution_cash_rent_100_to_149,contract_rent_distribution_cash_rent_150_to_199,contract_rent_distribution_cash_rent_200_to_249,contract_rent_distribution_cash_rent_250_to_299,contract_rent_distribution_cash_rent_300_to_349,contract_rent_distribution_cash_rent_350_to_399,contract_rent_distribution_cash_rent_400_to_449,contract_rent_distribution_cash_rent_450_to_499,contract_rent_distribution_cash_rent_500_to_549,contract_rent_distribution_cash_rent_550_to_599,contract_rent_distribution_cash_rent_600_to_649,contract_rent_distribution_cash_rent_650_to_699,contract_rent_distribution_cash_rent_700_to_749,contract_rent_distribution_cash_rent_750_to_799,contract_rent_distribution_cash_rent_800_to_899,contract_rent_distribution_cash_rent_900_to_999,contract_rent_distribution_cash_rent_1000_to_1249,contract_rent_distribution_cash_rent_1250_to_1499,contract_rent_distribution_cash_rent_1500_to_1999,contract_rent_distribution_cash_rent_2000_plus,contract_rent_distribution_cash_rent_2000_to_2499,contract_rent_distribution_cash_rent_2500_to_2999,contract_rent_distribution_cash_rent_3000_to_3499,contract_rent_distribution_cash_rent_3500_plus,contract_rent_distribution_no_cash_rent,acs5_vintage,tract_vintage,rent_source,pit_vintage,pit_allocation_basis,coc_boundary_vintage,county_vintage,msa_definition_version
msa,35620,35620,35620,"New York-Newark-Jersey City, NY-NJ",2010,1,20081935,67494.54965614234,63213.91644229142,4280.633213850916,1047.103354765285,3104810.0,3196625.0,3104810.0,18164.0,31283.0,63375.0,77033.0,42921.0,46933.0,38734.0,50590.0,46791.0,79113.0,69415.0,103957.0,88570.0,123336.0,114623.0,292500.0,303994.0,579944.0,348715.0,346946.0,237873.0,,,,,91815.0,2010,2010,data/curated/acs_contract_rent_cache/acs5_contract_rent_tracts__A2010.parquet,2020,coc_area,2020,2023,census_msa_2023
msa,35620,35620,35620,"New York-Newark-Jersey City, NY-NJ",2020,1,20081935,90579.39454953992,85255.73712585281,5323.657423687099,1462.679118223892,3317825.0,3418154.0,3317825.0,14984.0,17389.0,43587.0,70400.0,56207.0,41147.0,30425.0,34895.0,28513.0,41266.0,27607.0,45434.0,31016.0,46448.0,49523.0,149172.0,165358.0,538699.0,499654.0,698414.0,,315134.0,155930.0,100910.0,115713.0,100329.0,2020,2020,data/curated/acs_contract_rent_cache/acs5_contract_rent_tracts__A2020.parquet,2020,coc_area,2020,2023,census_msa_2023
msa,31080,31080,31080,"Los Angeles-Long Beach-Anaheim, CA",2010,2,13200998,47047.29034713772,19602.918133628424,27444.372213509294,1125.6361917588122,2000644.0,2051269.0,2000644.0,7181.0,5022.0,8711.0,29961.0,16731.0,14123.0,13026.0,23926.0,21172.0,39146.0,32321.0,59885.0,49242.0,75496.0,81962.0,193294.0,196011.0,397523.0,279304.0,295218.0,161389.0,,,,,50625.0,2010,2010,data/curated/acs_contract_rent_cache/acs5_contract_rent_tracts__A2010.parquet,2020,coc_area,2020,2023,census_msa_2023
msa,31080,31080,31080,"Los Angeles-Long Beach-Anaheim, CA",2020,2,13200998,73409.36378373583,21410.649566354783,51998.71421738106,1562.732456325719,2185538.0,2242805.0,2185538.0,7695.0,4063.0,4346.0,23983.0,23343.0,11777.0,8248.0,13943.0,10559.0,18687.0,11399.0,22445.0,14835.0,28180.0,28306.0,89185.0,105769.0,342570.0,325080.0,548003.0,,286669.0,135308.0,67614.0,53531.0,57267.0,2020,2020,data/curated/acs_contract_rent_cache/acs5_contract_rent_tracts__A2020.parquet,2020,coc_area,2020,2023,census_msa_2023
msa,16980,16980,16980,"Chicago-Naperville-Elgin, IL-IN",2010,3,9449351,10449.951610386952,8988.54972697011,1461.4018834168419,819.8497378285756,1045710.0,1080013.0,1045710.0,12834.0,11895.0,19691.0,12070.0,11549.0,15212.0,15170.0,23885.0,25812.0,47526.0,45689.0,72873.0,65271.0,82423.0,78112.0,148307.0,91976.0,125847.0,64622.0,49816.0,25130.0,,,,,34303.0,2010,2010,data/curated/acs_contract_rent_cache/acs5_contract_rent_tracts__A2010.parquet,2020,coc_area,2020,2023,census_msa_2023
msa,16980,16980,16980,"Chicago-Naperville-Elgin, IL-IN",2020,3,9449351,8115.4126384569045,6255.3536366301805,1860.0590018267242,1103.3664101994452,1186325.0,1227604.0,1186325.0,11646.0,8274.0,16834.0,16264.0,11252.0,11962.0,9973.0,16585.0,12691.0,25431.0,22144.0,38209.0,30293.0,49662.0,51566.0,128102.0,118893.0,214615.0,140575.0,151876.0,,57590.0,21722.0,11519.0,8647.0,41279.0,2020,2020,data/curated/acs_contract_rent_cache/acs5_contract_rent_tracts__A2020.parquet,2020,coc_area,2020,2023,census_msa_2023
msa,19100,19100,19100,"Dallas-Fort Worth-Arlington, TX",2010,4,7637387,6187.706379207543,5593.066275127894,594.6401040796486,710.5451612087495,791561.0,818964.0,791561.0,7596.0,5897.0,6950.0,5762.0,5747.0,11443.0,16149.0,34087.0,48155.0,67613.0,64816.0,76894.0,67484.0,67211.0,53310.0,80100.0,49844.0,67619.0,28093.0,18095.0,8696.0,,,,,27403.0,2010,2010,data/curated/acs_contract_rent_cache/acs5_contract_rent_tracts__A2010.parquet,2020,coc_area,2020,2023,census_msa_2023
msa,19100,19100,19100,"Dallas-Fort Worth-Arlington, TX",2020,4,7637387,6786.671541965686,4251.535652450436,2535.1358895152503,1079.368155089679,1026011.0,1054443.0,1026011.0,4119.0,3118.0,4960.0,6315.0,4534.0,5628.0,5803.0,7490.0,8430.0,17067.0,16080.0,31701.0,33433.0,46451.0,54245.0,125881.0,114917.0,215416.0,142819.0,128907.0,,29509.0,10320.0,4301.0,4567.0,28432.0,2020,2020,data/curated/acs_contract_rent_cache/acs5_contract_rent_tracts__A2020.parquet,2020,coc_area,2020,2023,census_msa_2023
msa,26420,26420,26420,"Houston-Pasadena-The Woodlands, TX",2010,5,7149642,6722.038630883081,4353.251213832525,2368.7874170505556,693.5537104986453,687982.0,719570.0,687982.0,5186.0,6103.0,5006.0,6526.0,7499.0,12261.0,17494.0,38312.0,49130.0,62410.0,56716.0,65304.0,51034.0,53544.0,40394.0,62358.0,42843.0,57405.0,24416.0,15769.0,8272.0,,,,,31588.0,2010,2010,data/curated/acs_contract_rent_cache/acs5_contract_rent_tracts__A2010.parquet,2020,coc_area,2020,2023,census_msa_2023
msa,26420,26420,26420,"Houston-Pasadena-The Woodlands, TX",2020,5,7149642,4193.629542379103,2399.9730641935225,1793.6564781855805,1036.2136125130066,909985.0,943457.0,909985.0,4740.0,4049.0,5660.0,5741.0,4285.0,6271.0,5454.0,9361.0,8120.0,21236.0,20492.0,38025.0,36854.0,51605.0,52759.0,106984.0,97475.0,175056.0,117890.0,96166.0,,24034.0,8491.0,4619.0,4618.0,33472.0,2020,2020,data/curated/acs_contract_rent_cache/acs5_contract_rent_tracts__A2020.parquet,2020,coc_area,2020,2023,census_msa_2023
msa,47900,47900,47900,"Washington-Arlington-Alexandria, DC-VA-MD-WV",2010,6,6278542,12100.796774323067,10611.450576450176,1489.3461978728924,1205.2484294784167,659303.0,681614.0,659303.0,7462.0,6388.0,8719.0,5195.0,4535.0,4824.0,4356.0,6964.0,5645.0,9782.0,8013.0,12198.0,10964.0,15611.0,17276.0,47496.0,56251.0,143235.0,105849.0,113860.0,64680.0,,,,,22311.0,2010,2010,data/curated/acs_contract_rent_cache/acs5_contract_rent_tracts__A2010.parquet,2020,coc_area,2020,2023,census_msa_2023
msa,47900,47900,47900,"Washington-Arlington-Alexandria, DC-VA-MD-WV",2020,6,6278542,9967.33725721209,8750.475136352139,1216.86212085995,1633.449180098779,781591.0,803862.0,781591.0,5684.0,4584.0,4456.0,8751.0,3799.0,4525.0,3768.0,3849.0,2522.0,6357.0,3634.0,5478.0,5195.0,6911.0,6878.0,17091.0,23875.0,92644.0,134323.0,243186.0,,107870.0,45829.0,24022.0,16360.0,22271.0,2020,2020,data/curated/acs_contract_rent_cache/acs5_contract_rent_tracts__A2020.parquet,2020,coc_area,2020,2023,census_msa_2023
msa,37980,37980,37980,"Philadelphia-Camden-Wilmington, PA-NJ-DE-MD",2010,7,6245051,9784.22197575861,8978.73866681234,805.4833089462688,804.8176830422883,639805.0,669475.0,639805.0,9508.0,8085.0,12992.0,11091.0,8765.0,11897.0,12284.0,19110.0,19653.0,29396.0,29211.0,43557.0,38791.0,45661.0,44164.0,83958.0,60259.0,73116.0,34652.0,28505.0,15150.0,,,,,29670.0,2010,2010,data/curated/acs_contract_rent_cache/acs5_contract_rent_tracts__A2010.parquet,2020,coc_area,2020,2023,census_msa_2023
msa,37980,37980,37980,"Philadelphia-Camden-Wilmington, PA-NJ-DE-MD",2020,7,6245051,8441.590938792584,7175.980748336306,1265.6101904562777,1068.6129328762358,730668.0,758304.0,730668.0,7558.0,6317.0,7559.0,14049.0,7599.0,9254.0,5933.0,8516.0,6605.0,17346.0,11479.0,22330.0,19475.0,31305.0,34953.0,78354.0,77645.0,144017.0,90709.0,83977.0,,27195.0,9213.0,5389.0,3891.0,27636.0,2020,2020,data/curated/acs_contract_rent_cache/acs5_contract_rent_tracts__A2020.parquet,2020,coc_area,2020,2023,census_msa_2023
msa,33100,33100,33100,"Miami-Fort Lauderdale-West Palm Beach, FL",2010,8,6138333,9250.686756458328,6284.714476646275,2965.972279812052,967.6808067263437,662841.0,690566.0,662841.0,6109.0,12864.0,10281.0,6076.0,5058.0,5790.0,5594.0,8384.0,9738.0,16845.0,16066.0,25890.0,24041.0,34485.0,37921.0,84175.0,73548.0,128367.0,69981.0,56821.0,24807.0,,,,,27725.0,2010,2010,data/curated/acs_contract_rent_cache/acs5_contract_rent_tracts__A2010.parquet,2020,coc_area,2020,2023,census_msa_2023
msa,33100,33100,33100,"Miami-Fort Lauderdale-West Palm Beach, FL",2020,8,6138333,7280.702533055039,4246.864602394908,3033.8379306601314,1327.067042838312,846645.0,873001.0,846645.0,3866.0,5958.0,11383.0,7926.0,4859.0,4624.0,3686.0,6011.0,3949.0,8702.0,6174.0,11325.0,8414.0,14938.0,17461.0,52206.0,63543.0,175188.0,153064.0,178911.0,,64202.0,23165.0,9608.0,7482.0,26356.0,2020,2020,data/curated/acs_contract_rent_cache/acs5_contract_rent_tracts__A2020.parquet,2020,coc_area,2020,2023,census_msa_2023
msa,12060,12060,12060,"Atlanta-Sandy Springs-Roswell, GA",2010,9,6104803,8830.975173378445,5466.431565320455,3364.5436080579907,753.4894845084966,583318.0,604834.0,583318.0,6888.0,5936.0,7816.0,6547.0,5827.0,8497.0,9758.0,16077.0,18579.0,31224.0,35212.0,46553.0,45956.0,50213.0,46563.0,83266.0,52150.0,65396.0,22403.0,13495.0,4962.0,,,,,21516.0,2010,2010,data/curated/acs_contract_rent_cache/acs5_contract_rent_tracts__A2010.parquet,2020,coc_area,2020,2023,census_msa_2023
msa,12060,12060,12060,"Atlanta-Sandy Springs-Roswell, GA",2020,9,6104803,4882.589746566689,3287.251506342792,1595.3382402238974,1046.899011063482,748284.0,771669.0,748284.0,5588.0,5191.0,4897.0,7719.0,4950.0,6401.0,6143.0,10029.0,8191.0,15731.0,15040.0,24947.0,21152.0,31549.0,34236.0,85061.0,84413.0,160818.0,111130.0,79442.0,,15487.0,5007.0,2326.0,2836.0,23385.0,2020,2020,data/curated/acs_contract_rent_cache/acs5_contract_rent_tracts__A2020.parquet,2020,coc_area,2020,2023,census_msa_2023
msa,14460,14460,14460,"Boston-Cambridge-Newton, MA-NH",2010,10,4941632,10991.133334154614,10424.68701677676,566.4463173778547,1034.1288825800443,618678.0,639479.0,618678.0,6324.0,7484.0,14801.0,24223.0,13189.0,14249.0,9117.0,10649.0,8640.0,14463.0,8880.0,16504.0,12308.0,19443.0,19448.0,54916.0,54052.0,118534.0,81340.0,74539.0,35575.0,,,,,20801.0,2010,2010,data/curated/acs_contract_rent_cache/acs5_contract_rent_tracts__A2010.parquet,2020,coc_area,2020,2023,census_msa_2023
msa,14460,14460,14460,"Boston-Cambridge-Newton, MA-NH",2020,10,4941632,12499.488727099091,11752.504936122004,746.9837909770871,1475.7897646924685,687409.0,709196.0,687409.0,5373.0,5241.0,6926.0,16143.0,19358.0,12072.0,9008.0,10861.0,6856.0,11249.0,5480.0,10436.0,6110.0,9872.0,8733.0,24781.0,28632.0,91962.0,89392.0,150918.0,,83631.0,36667.0,21947.0,15761.0,21787.0,2020,2020,data/curated/acs_contract_rent_cache/acs5_contract_rent_tracts__A2020.parquet,2020,coc_area,2020,2023,census_msa_2023
msa,38060,38060,38060,"Phoenix-Mesa-Chandler, AZ",2010,11,4845832,7155.145869846288,4316.439975769749,2838.70589407654,803.7983482377026,471779.0,492017.0,471779.0,2946.0,3054.0,3569.0,3786.0,3615.0,4742.0,7016.0,12020.0,15082.0,28064.0,28493.0,39715.0,32862.0,33767.0,31645.0,55854.0,44719.0,72134.0,25740.0,15076.0,7880.0,,,,,20238.0,2010,2010,data/curated/acs_contract_rent_cache/acs5_contract_rent_tracts__A2010.parquet,2020,coc_area,2020,2023,census_msa_2023
msa,38060,38060,38060,"Phoenix-Mesa-Chandler, AZ",2020,11,4845832,7527.180945617636,3703.02288491245,3824.1580607051865,1043.1836805497078,597714.0,621809.0,597714.0,2416.0,2115.0,2250.0,4183.0,2281.0,3449.0,3002.0,6562.0,6683.0,15340.0,14751.0,23019.0,17951.0,27723.0,29337.0,69513.0,66416.0,136789.0,82202.0,59264.0,,12501.0,4656.0,2764.0,2547.0,24095.0,2020,2020,data/curated/acs_contract_rent_cache/acs5_contract_rent_tracts__A2020.parquet,2020,coc_area,2020,2023,census_msa_2023
msa,41860,41860,41860,"San Francisco-Oakland-Fremont, CA",2010,12,4749008,15372.997409055979,7363.998884239964,8008.998524816015,1243.9462256241918,677642.0,697573.0,677642.0,3747.0,3500.0,3801.0,11726.0,9761.0,6215.0,4692.0,8137.0,8256.0,10351.0,7188.0,12618.0,10403.0,15561.0,16067.0,46595.0,50415.0,129806.0,101207.0,129904.0,87692.0,,,,,19931.0,2010,2010,data/curated/acs_contract_rent_cache/acs5_contract_rent_tracts__A2010.parquet,2020,coc_area,2020,2023,census_msa_2023
msa,41860,41860,41860,"San Francisco-Oakland-Fremont, CA",2020,12,4749008,21141.997143655233,6470.998762018692,14670.998381636542,1946.7034478297956,745529.0,766245.0,745529.0,3219.0,2276.0,3558.0,8374.0,12184.0,5604.0,4065.0,5399.0,4511.0,6803.0,4041.0,7140.0,4194.0,6955.0,5948.0,16784.0,18346.0,60360.0,63636.0,160273.0,,133373.0,88013.0,59551.0,60922.0,20716.0,2020,2020,data/curated/acs_contract_rent_cache/acs5_contract_rent_tracts__A2020.parquet,2020,coc_area,2020,2023,census_msa_2023
msa,40140,40140,40140,"Riverside-San Bernardino-Ontario, CA",2010,13,4599839,5153.318021338429,1851.5101553819793,3301.80786595645,991.6209884442723,392471.0,407778.0,392471.0,1968.0,1369.0,2877.0,4574.0,3292.0,4915.0,5026.0,7333.0,6453.0,12683.0,10322.0,15181.0,14355.0,17579.0,20769.0,45572.0,40575.0,74964.0,45632.0,42201.0,14831.0,,,,,15307.0,2010,2010,data/curated/acs_contract_rent_cache/acs5_contract_rent_tracts__A2010.parquet,2020,coc_area,2020,2023,census_msa_2023
msa,40140,40140,40140,"Riverside-San Bernardino-Ontario, CA",2020,13,4599839,6010.9636011284565,1464.6164242994046,4546.347176829052,1268.5951459132905,477472.0,494470.0,477472.0,1317.0,1329.0,1437.0,5115.0,2523.0,3254.0,3344.0,5828.0,4117.0,8516.0,5918.0,11388.0,7707.0,14477.0,14759.0,34540.0,34746.0,90383.0,76961.0,99390.0,,34584.0,11141.0,3190.0,1508.0,16998.0,2020,2020,data/curated/acs_contract_rent_cache/acs5_contract_rent_tracts__A2020.parquet,2020,coc_area,2020,2023,census_msa_2023
msa,19820,19820,19820,"Detroit-Warren-Dearborn, MI",2010,14,4392041,5112.190753089689,3937.293577537493,1174.8971755521957,663.586036653017,423184.0,445203.0,423184.0,5005.0,4896.0,11114.0,8056.0,7282.0,10408.0,11978.0,21405.0,24948.0,36256.0,33831.0,42943.0,32961.0,32801.0,27181.0,40894.0,23642.0,24259.0,8872.0,8029.0,6423.0,,,,,22019.0,2010,2010,data/curated/acs_contract_rent_cache/acs5_contract_rent_tracts__A2010.parquet,2020,coc_area,2020,2023,census_msa_2023
msa,19820,19820,19820,"Detroit-Warren-Dearborn, MI",2020,14,4392041,2653.016227585425,2361.4932039534365,291.5230236319884,828.7434609315785,503699.0,527304.0,503699.0,4643.0,3965.0,6905.0,12161.0,5915.0,7222.0,7304.0,11801.0,12033.0,26039.0,21851.0,34491.0,31377.0,35941.0,39244.0,67611.0,46878.0,63893.0,29451.0,21413.0,,6960.0,2702.0,1944.0,1955.0,23605.0,2020,2020,data/curated/acs_contract_rent_cache/acs5_contract_rent_tracts__A2020.parquet,2020,coc_area,2020,2023,census_msa_2023
msa,42660,42660,42660,"Seattle-Tacoma-Bellevue, WA",2010,15,4018762,12847.000334745833,9262.000195532139,3585.0001392136955,900.0114432251714,491732.0,506020.0,491732.0,3933.0,4902.0,7741.0,5474.0,4071.0,4471.0,4164.0,7042.0,8821.0,13119.0,15686.0,25771.0,27558.0,32406.0,35458.0,63514.0,49529.0,80487.0,48549.0,34640.0,14396.0,,,,,14288.0,2010,2010,data/curated/acs_contract_rent_cache/acs5_contract_rent_tracts__A2010.parquet,2020,coc_area,2020,2023,census_msa_2023
msa,42660,42660,42660,"Seattle-Tacoma-Bellevue, WA",2020,15,4018762,14780.000199358556,7615.000112107498,7165.000087251057,1477.9955406987597,592259.0,608723.0,592259.0,2708.0,2141.0,6055.0,5963.0,3513.0,4645.0,2217.0,3315.0,2698.0,4933.0,3632.0,5359.0,4612.0,8029.0,9516.0,25990.0,30412.0,93737.0,100540.0,158206.0,,67259.0,25471.0,12784.0,8524.0,16464.0,2020,2020,data/curated/acs_contract_rent_cache/acs5_contract_rent_tracts__A2020.parquet,2020,coc_area,2020,2023,census_msa_2023
msa,33460,33460,33460,"Minneapolis-St. Paul-Bloomington, MN-WI",2010,16,3690261,5636.344863875148,5073.990358057313,562.3545058178353,783.9153172512252,340036.0,350370.0,340036.0,4768.0,3326.0,6363.0,8969.0,5710.0,5161.0,4481.0,7150.0,6834.0,11870.0,17101.0,25582.0,24338.0,26762.0,27574.0,42510.0,30875.0,41420.0,21454.0,12712.0,5076.0,,,,,10334.0,2010,2010,data/curated/acs_contract_rent_cache/acs5_contract_rent_tracts__A2010.parquet,2020,coc_area,2020,2023,census_msa_2023
msa,33460,33460,33460,"Minneapolis-St. Paul-Bloomington, MN-WI",2020,16,3690261,5515.9991466277215,4295.668870304493,1220.3302763232289,1070.6511171486159,400320.0,411006.0,400320.0,2975.0,1983.0,3075.0,8717.0,6539.0,4724.0,4736.0,4434.0,3967.0,5899.0,4964.0,8481.0,7879.0,13750.0,17237.0,41983.0,43897.0,82827.0,60710.0,50345.0,,13029.0,3775.0,2245.0,2149.0,10686.0,2020,2020,data/curated/acs_contract_rent_cache/acs5_contract_rent_tracts__A2020.parquet,2020,coc_area,2020,2023,census_msa_2023
msa,41740,41740,41740,"San Diego-Chula Vista-Carlsbad, CA",2010,17,3298634,8382.832347888285,3917.9045265843365,4464.927821303948,1197.6982985676784,454293.0,467844.0,454293.0,856.0,1014.0,1293.0,5869.0,3070.0,2746.0,2357.0,4237.0,3660.0,5657.0,4568.0,7511.0,7978.0,13520.0,17911.0,42380.0,46033.0,91066.0,67754.0,84539.0,40274.0,,,,,13551.0,2010,2010,data/curated/acs_contract_rent_cache/acs5_contract_rent_tracts__A2010.parquet,2020,coc_area,2020,2023,census_msa_2023
msa,41740,41740,41740,"San Diego-Chula Vista-Carlsbad, CA",2020,17,3298634,7637.839927657782,3666.916506310114,3970.9234213476684,1673.2928023808115,508535.0,521353.0,508535.0,1074.0,757.0,848.0,3639.0,4003.0,2200.0,1887.0,2844.0,2111.0,4480.0,1872.0,2964.0,2828.0,4067.0,4135.0,11511.0,17643.0,65717.0,81510.0,147599.0,,81083.0,36498.0,16576.0,10689.0,12818.0,2020,2020,data/curated/acs_contract_rent_cache/acs5_contract_rent_tracts__A2020.parquet,2020,coc_area,2020,2023,census_msa_2023
msa,45300,45300,45300,"Tampa-St. Petersburg-Clearwater, FL",2010,18,3175275,16185.728129619158,4241.634114444826,11944.09401517433,773.9935394187314,326976.0,340764.0,326976.0,2661.0,4138.0,3318.0,3131.0,2870.0,4282.0,4875.0,10244.0,10635.0,17140.0,18207.0,26275.0,24620.0,28581.0,25092.0,43415.0,26610.0,39045.0,15425.0,9669.0,6743.0,,,,,13788.0,2010,2010,data/curated/acs_contract_rent_cache/acs5_contract_rent_tracts__A2010.parquet,2020,coc_area,2020,2023,census_msa_2023
msa,45300,45300,45300,"Tampa-St. Petersburg-Clearwater, FL",2020,18,3175275,4696.666758782908,2515.892922720849,2180.7738360620588,1044.3151213744175,408275.0,423683.0,408275.0,1991.0,1996.0,3050.0,3207.0,2290.0,2849.0,2454.0,5388.0,4360.0,9879.0,8309.0,15288.0,11939.0,17008.0,22073.0,47077.0,45680.0,83998.0,57482.0,42442.0,,10897.0,4392.0,2275.0,1951.0,15408.0,2020,2020,data/curated/acs_contract_rent_cache/acs5_contract_rent_tracts__A2020.parquet,2020,coc_area,2020,2023,census_msa_2023
msa,19740,19740,19740,"Denver-Aurora-Centennial, CO",2010,19,2963821,7563.910540116272,5935.27014978699,1628.640390329281,793.2601410107228,320287.0,328371.0,320287.0,2694.0,2271.0,4493.0,3721.0,2435.0,2781.0,3215.0,6976.0,12477.0,19006.0,20515.0,25388.0,23083.0,24437.0,22166.0,37086.0,26784.0,41785.0,21029.0,12890.0,5055.0,,,,,8084.0,2010,2010,data/curated/acs_contract_rent_cache/acs5_contract_rent_tracts__A2010.parquet,2020,coc_area,2020,2023,census_msa_2023
msa,19740,19740,19740,"Denver-Aurora-Centennial, CO",2020,19,2963821,5172.057609743627,3830.142885389839,1341.914724353788,1353.6763461840483,377952.0,386465.0,377952.0,2041.0,1080.0,2061.0,4345.0,2800.0,3009.0,1630.0,1785.0,1972.0,2892.0,1997.0,3230.0,3169.0,4879.0,6385.0,19642.0,24136.0,74155.0,76176.0,95332.0,,31910.0,7949.0,3001.0,2376.0,8513.0,2020,2020,data/curated/acs_contract_rent_cache/acs5_contract_rent_tracts__A2020.parquet,2020,coc_area,2020,2023,census_msa_2023
msa,12580,12580,12580,"Baltimore-Columbia-Towson, MD",2010,20,2844510,5384.684920028193,3577.9443629303705,1806.740557097823,878.8254614298509,313996.0,325797.0,313996.0,5170.0,5416.0,8356.0,4812.0,4261.0,4289.0,4848.0,6936.0,6299.0,9795.0,10366.0,15847.0,15537.0,19312.0,20010.0,36122.0,30013.0,50113.0,27936.0,21305.0,7253.0,,,,,11801.0,2010,2010,data/curated/acs_contract_rent_cache/acs5_contract_rent_tracts__A2010.parquet,2020,coc_area,2020,2023,census_msa_2023
msa,12580,12580,12580,"Baltimore-Columbia-Towson, MD",2020,20,2844510,3691.1889792316883,3005.4484704932306,685.7405087384576,1198.390172766612,343199.0,354918.0,343199.0,4127.0,4538.0,4548.0,7038.0,3404.0,4400.0,3460.0,3189.0,3025.0,5076.0,3074.0,6791.0,5471.0,8889.0,9429.0,25160.0,29803.0,65623.0,52966.0,64522.0,,18909.0,5916.0,2416.0,1425.0,11719.0,2020,2020,data/curated/acs_contract_rent_cache/acs5_contract_rent_tracts__A2020.parquet,2020,coc_area,2020,2023,census_msa_2023
msa,41180,41180,41180,"St. Louis, MO-IL",2010,21,2820253,3881.3220976508183,2734.9093153943413,1146.412782256477,583.5997175669928,294126.0,310087.0,294126.0,5475.0,4970.0,6866.0,6420.0,7411.0,10677.0,15839.0,25399.0,23983.0,29477.0,25640.0,26235.0,19284.0,17173.0,14422.0,19299.0,10942.0,12796.0,4700.0,3897.0,3221.0,,,,,15961.0,2010,2010,data/curated/acs_contract_rent_cache/acs5_contract_rent_tracts__A2010.parquet,2020,coc_area,2020,2023,census_msa_2023
msa,41180,41180,41180,"St. Louis, MO-IL",2020,21,2820253,2594.286523362015,2046.2926174873244,547.9939058746905,758.5275161940015,334271.0,349762.0,334271.0,2558.0,3725.0,5360.0,5590.0,3696.0,4933.0,7321.0,11594.0,13238.0,23086.0,22562.0,28774.0,23679.0,23885.0,22835.0,37971.0,26654.0,32169.0,16041.0,10197.0,,3797.0,1497.0,1322.0,1787.0,15491.0,2020,2020,data/curated/acs_contract_rent_cache/acs5_contract_rent_tracts__A2020.parquet,2020,coc_area,2020,2023,census_msa_2023
msa,36740,36740,36740,"Orlando-Kissimmee-Sanford, FL",2010,22,2673376,4604.406552895266,2185.0258964758445,2419.380656419421,852.9402669501535,254033.0,262772.0,254033.0,1284.0,1823.0,1349.0,1492.0,1372.0,2469.0,2817.0,4501.0,4803.0,8841.0,9381.0,16145.0,16405.0,21092.0,19950.0,38326.0,30263.0,40307.0,18150.0,9575.0,3688.0,,,,,8739.0,2010,2010,data/curated/acs_contract_rent_cache/acs5_contract_rent_tracts__A2010.parquet,2020,coc_area,2020,2023,census_msa_2023
msa,36740,36740,36740,"Orlando-Kissimmee-Sanford, FL",2020,22,2673376,2293.005952902956,1661.4777420634505,631.5282108395052,1136.1512756161305,329881.0,339923.0,329881.0,814.0,1964.0,1278.0,1299.0,1148.0,1574.0,1454.0,2455.0,2049.0,4962.0,4107.0,7351.0,7334.0,9978.0,13884.0,32044.0,34998.0,79489.0,59998.0,47138.0,,10106.0,2108.0,1016.0,1333.0,10042.0,2020,2020,data/curated/acs_contract_rent_cache/acs5_contract_rent_tracts__A2020.parquet,2020,coc_area,2020,2023,census_msa_2023
msa,16740,16740,16740,"Charlotte-Concord-Gastonia, NC-SC",2010,23,2660329,3514.0063749668016,2557.086028396541,956.9203465702606,632.8750731676942,241041.0,256135.0,241041.0,3616.0,3024.0,3597.0,3691.0,5036.0,7225.0,9659.0,17395.0,18074.0,21687.0,20883.0,22683.0,18152.0,16281.0,13149.0,20256.0,12897.0,13643.0,5060.0,3169.0,1864.0,,,,,15094.0,2010,2010,data/curated/acs_contract_rent_cache/acs5_contract_rent_tracts__A2010.parquet,2020,coc_area,2020,2023,census_msa_2023
msa,16740,16740,16740,"Charlotte-Concord-Gastonia, NC-SC",2020,23,2660329,2252.050752251035,1805.4910204178625,446.5597318331724,938.6511195816653,315870.0,331376.0,315870.0,2203.0,1943.0,2428.0,3042.0,3210.0,4454.0,4028.0,9257.0,9215.0,13335.0,12317.0,17342.0,13363.0,14900.0,15171.0,31467.0,30288.0,58228.0,37600.0,23003.0,,5169.0,1863.0,1131.0,913.0,15506.0,2020,2020,data/curated/acs_contract_rent_cache/acs5_contract_rent_tracts__A2020.parquet,2020,coc_area,2020,2023,census_msa_2023
msa,41700,41700,41700,"San Antonio-New Braunfels, TX",2010,24,2558143,3686.426079294842,1790.4382722196867,1895.9878070751552,644.9928724676272,235998.0,250100.0,235998.0,4354.0,3820.0,4400.0,4152.0,3944.0,5611.0,7726.0,15538.0,16681.0,20970.0,20454.0,20876.0,18719.0,16405.0,13315.0,19377.0,12859.0,14729.0,6134.0,3430.0,2504.0,,,,,14102.0,2010,2010,data/curated/acs_contract_rent_cache/acs5_contract_rent_tracts__A2010.parquet,2020,coc_area,2020,2023,census_msa_2023
msa,41700,41700,41700,"San Antonio-New Braunfels, TX",2020,24,2558143,3177.3044498114236,1749.5557921507527,1427.7486576606705,924.9714130157614,292524.0,307320.0,292524.0,2122.0,2550.0,3401.0,4193.0,2725.0,2980.0,2961.0,4170.0,3791.0,8606.0,8047.0,15164.0,14666.0,19076.0,17903.0,36612.0,32211.0,51915.0,31133.0,20206.0,,4811.0,1494.0,940.0,847.0,14796.0,2020,2020,data/curated/acs_contract_rent_cache/acs5_contract_rent_tracts__A2020.parquet,2020,coc_area,2020,2023,census_msa_2023
msa,38900,38900,38900,"Portland-Vancouver-Hillsboro, OR-WA",2010,25,2512859,8040.758600859609,4103.18852964291,3937.5700712166995,758.243959152443,301938.0,311474.0,301938.0,2132.0,3125.0,3914.0,3069.0,2385.0,3327.0,3331.0,5393.0,7610.0,14446.0,20080.0,28485.0,28701.0,29755.0,24401.0,35372.0,24319.0,32931.0,14450.0,9781.0,4931.0,,,,,9536.0,2010,2010,data/curated/acs_contract_rent_cache/acs5_contract_rent_tracts__A2010.parquet,2020,coc_area,2020,2023,census_msa_2023
msa,38900,38900,38900,"Portland-Vancouver-Hillsboro, OR-WA",2020,25,2512859,6316.753595745966,3085.061888054719,3231.691707691247,1227.5295287703382,350847.0,361229.0,350847.0,1130.0,1449.0,3444.0,3360.0,1726.0,2344.0,1949.0,2656.0,1949.0,4101.0,3132.0,5758.0,4457.0,6872.0,9749.0,22409.0,28486.0,83131.0,68455.0,67076.0,,17839.0,4682.0,2324.0,2369.0,10382.0,2020,2020,data/curated/acs_contract_rent_cache/acs5_contract_rent_tracts__A2020.parquet,2020,coc_area,2020,2023,census_msa_2023
msa,38300,38300,38300,"Pittsburgh, PA",2010,26,2457000,1666.3076955186605,1529.4306286375636,136.87706688109674,530.1780110505389,271232.0,291248.0,271232.0,6010.0,4775.0,8326.0,11023.0,11377.0,16824.0,20205.0,29091.0,24733.0,26067.0,21844.0,19845.0,13775.0,12343.0,8982.0,11913.0,6799.0,7526.0,4095.0,2891.0,2788.0,,,,,20016.0,2010,2010,data/curated/acs_contract_rent_cache/acs5_contract_rent_tracts__A2010.parquet,2020,coc_area,2020,2023,census_msa_2023
msa,38300,38300,38300,"Pittsburgh, PA",2020,26,2457000,1209.4934188560835,1019.5698686185322,189.92355023755144,740.9415324344882,298981.0,319205.0,298981.0,4351.0,3423.0,4681.0,8483.0,6551.0,8667.0,9940.0,14516.0,13798.0,21803.0,18588.0,22078.0,18991.0,20019.0,16443.0,26741.0,17841.0,27376.0,13769.0,12741.0,,4294.0,1551.0,1022.0,1314.0,20224.0,2020,2020,data/curated/acs_contract_rent_cache/acs5_contract_rent_tracts__A2020.parquet,2020,coc_area,2020,2023,census_msa_2023
msa,40900,40900,40900,"Sacramento-Roseville-Folsom, CA",2010,27,2397382,4424.14270495567,2376.6534014861654,2047.4893034695044,931.7714127621598,280182.0,288896.0,280182.0,1735.0,1096.0,2669.0,3901.0,1884.0,2558.0,2463.0,3990.0,3589.0,6451.0,7106.0,13093.0,14740.0,18882.0,20394.0,37112.0,30362.0,47794.0,30803.0,22588.0,6972.0,,,,,8714.0,2010,2010,data/curated/acs_contract_rent_cache/acs5_contract_rent_tracts__A2010.parquet,2020,coc_area,2020,2023,census_msa_2023
msa,40900,40900,40900,"Sacramento-Roseville-Folsom, CA",2020,27,2397382,7557.8789153098605,2376.573423983594,5181.305491326268,1234.760298793529,315615.0,326324.0,315615.0,1091.0,913.0,1845.0,3232.0,2361.0,2255.0,1505.0,2322.0,2288.0,4389.0,2899.0,4800.0,4765.0,8390.0,8445.0,24579.0,25035.0,68399.0,56409.0,64161.0,,18091.0,4416.0,1635.0,1390.0,10709.0,2020,2020,data/curated/acs_contract_rent_cache/acs5_contract_rent_tracts__A2020.parquet,2020,coc_area,2020,2023,census_msa_2023
msa,12420,12420,12420,"Austin-Round Rock-San Marcos, TX",2010,28,2283371,2297.433460664376,1315.970667728277,981.462792936099,771.2818468543824,245366.0,252571.0,245366.0,1466.0,1681.0,1433.0,1833.0,1719.0,2195.0,2742.0,5458.0,8690.0,15722.0,17798.0,21625.0,20916.0,21664.0,17849.0,30460.0,19163.0,30171.0,11537.0,7660.0,3584.0,,,,,7205.0,2010,2010,data/curated/acs_contract_rent_cache/acs5_contract_rent_tracts__A2010.parquet,2020,coc_area,2020,2023,census_msa_2023
msa,12420,12420,12420,"Austin-Round Rock-San Marcos, TX",2020,28,2283371,2636.540245679682,980.7243704706033,1655.8158752090787,1206.2455175185737,322655.0,329874.0,322655.0,1510.0,1128.0,1700.0,1531.0,920.0,1568.0,1981.0,1855.0,1804.0,3981.0,2903.0,4711.0,3940.0,6632.0,8377.0,26521.0,34041.0,80949.0,55548.0,57444.0,,14395.0,5158.0,2318.0,1740.0,7219.0,2020,2020,data/curated/acs_contract_rent_cache/acs5_contract_rent_tracts__A2020.parquet,2020,coc_area,2020,2023,census_msa_2023
msa,29820,29820,29820,"Las Vegas-Henderson-North Las Vegas, NV",2010,29,2265461,9948.999910948427,7003.999936684162,2944.9999742642653,913.2075841535902,283217.0,290654.0,283217.0,1932.0,1468.0,1145.0,1334.0,1010.0,1457.0,1539.0,4358.0,4396.0,8801.0,10707.0,17350.0,15306.0,19940.0,19069.0,38690.0,32604.0,55612.0,28846.0,13526.0,4127.0,,,,,7437.0,2010,2010,data/curated/acs_contract_rent_cache/acs5_contract_rent_tracts__A2010.parquet,2020,coc_area,2020,2023,census_msa_2023
msa,29820,29820,29820,"Las Vegas-Henderson-North Las Vegas, NV",2020,29,2265461,5282.999954547003,1821.9999840317346,3460.9999705152686,1043.201070941452,356584.0,365779.0,356584.0,835.0,777.0,1691.0,1381.0,1054.0,1302.0,1724.0,2698.0,2939.0,7344.0,8364.0,13815.0,12458.0,17299.0,17131.0,40344.0,39110.0,87627.0,57560.0,31841.0,,6427.0,1523.0,612.0,728.0,9195.0,2020,2020,data/curated/acs_contract_rent_cache/acs5_contract_rent_tracts__A2020.parquet,2020,coc_area,2020,2023,census_msa_2023
msa,17140,17140,17140,"Cincinnati, OH-KY-IN",2010,30,2249797,1466.976390115034,1287.9992792002802,178.97711091475387,574.0653185464254,240559.0,251683.0,240559.0,5532.0,4288.0,5590.0,4569.0,4249.0,9652.0,13578.0,22158.0,21903.0,25304.0,20824.0,20844.0,15350.0,13726.0,10519.0,16451.0,8832.0,8964.0,2934.0,2708.0,2584.0,,,,,11124.0,2010,2010,data/curated/acs_contract_rent_cache/acs5_contract_rent_tracts__A2010.parquet,2020,coc_area,2020,2023,census_msa_2023
msa,17140,17140,17140,"Cincinnati, OH-KY-IN",2020,30,2249797,1439.8659818591548,1291.1471721977318,148.71880966142282,736.7182755699606,272762.0,285893.0,272762.0,3904.0,3488.0,3656.0,5400.0,3771.0,5208.0,5702.0,10122.0,12566.0,20561.0,18568.0,22852.0,16865.0,20721.0,17802.0,28659.0,19490.0,25753.0,12911.0,9737.0,,2317.0,932.0,775.0,1002.0,13131.0,2020,2020,data/curated/acs_contract_rent_cache/acs5_contract_rent_tracts__A2020.parquet,2020,coc_area,2020,2023,census_msa_2023
msa,28140,28140,28140,"Kansas City, MO-KS",2010,31,2192035,2512.5823860930623,2220.877441087428,291.7049450056343,625.7303790410076,231466.0,243136.0,231466.0,3496.0,3020.0,5246.0,4708.0,4285.0,7487.0,9924.0,14523.0,17206.0,22089.0,19669.0,22587.0,16423.0,16154.0,13255.0,19056.0,10900.0,10859.0,4142.0,3475.0,2962.0,,,,,11670.0,2010,2010,data/curated/acs_contract_rent_cache/acs5_contract_rent_tracts__A2010.parquet,2020,coc_area,2020,2023,census_msa_2023
msa,28140,28140,28140,"Kansas City, MO-KS",2020,31,2192035,2280.6953370640645,1682.1399139063737,598.5554231576908,824.7166804754014,282380.0,293659.0,282380.0,2877.0,2506.0,2431.0,4632.0,3312.0,4042.0,5047.0,7741.0,7270.0,15289.0,13821.0,18821.0,16050.0,21175.0,20508.0,34260.0,26113.0,38637.0,17781.0,14110.0,,3236.0,847.0,838.0,1036.0,11279.0,2020,2020,data/curated/acs_contract_rent_cache/acs5_contract_rent_tracts__A2020.parquet,2020,coc_area,2020,2023,census_msa_2023
msa,17410,17410,17410,"Cleveland, OH",2010,32,2185825,2552.7678534194824,2348.835635814086,203.93221760539646,590.6055856709557,268180.0,280801.0,268180.0,5641.0,3398.0,8323.0,4977.0,6128.0,8202.0,10892.0,20321.0,23181.0,27790.0,25893.0,25886.0,19205.0,18043.0,14017.0,18652.0,9966.0,9631.0,2899.0,2451.0,2684.0,,,,,12621.0,2010,2010,data/curated/acs_contract_rent_cache/acs5_contract_rent_tracts__A2010.parquet,2020,coc_area,2020,2023,census_msa_2023
msa,17410,17410,17410,"Cleveland, OH",2020,32,2185825,1890.7726797382124,1722.2949483951054,168.47773134310708,730.01019361563,304220.0,319008.0,304220.0,5344.0,2083.0,3040.0,10084.0,4507.0,5890.0,5939.0,10693.0,11993.0,20275.0,21977.0,27451.0,23157.0,23416.0,22356.0,32558.0,21678.0,27633.0,11151.0,7634.0,,2666.0,1032.0,757.0,906.0,14788.0,2020,2020,data/curated/acs_contract_rent_cache/acs5_contract_rent_tracts__A2020.parquet,2020,coc_area,2020,2023,census_msa_2023
msa,18140,18140,18140,"Columbus, OH",2010,33,2138926,1906.4987180583714,1647.8418357669768,258.6568822913946,605.2460447090043,248045.0,256442.0,248045.0,4415.0,3043.0,4533.0,3289.0,3493.0,6689.0,10372.0,17723.0,20583.0,25023.0,24750.0,26017.0,20410.0,17097.0,13624.0,18103.0,10063.0,10361.0,3603.0,2921.0,1933.0,,,,,8397.0,2010,2010,data/curated/acs_contract_rent_cache/acs5_contract_rent_tracts__A2010.parquet,2020,coc_area,2020,2023,census_msa_2023
msa,18140,18140,18140,"Columbus, OH",2020,33,2138926,2443.9576102079395,1898.5041006567021,545.4535095512374,835.9035722075873,298615.0,307826.0,298615.0,2244.0,3424.0,2697.0,4162.0,2501.0,3367.0,4155.0,7073.0,7959.0,14240.0,15610.0,18765.0,18286.0,22545.0,20116.0,40017.0,30514.0,42514.0,20188.0,13022.0,,3389.0,744.0,488.0,595.0,9211.0,2020,2020,data/curated/acs_contract_rent_cache/acs5_contract_rent_tracts__A2020.parquet,2020,coc_area,2020,2023,census_msa_2023
msa,26900,26900,26900,"Indianapolis-Carmel-Greenwood, IN",2010,34,2089673,2005.3494767724314,1760.3435203837946,245.00595638863683,612.3422126116599,211855.0,222212.0,211855.0,2684.0,2526.0,3406.0,2837.0,2333.0,5673.0,6913.0,16514.0,19715.0,23769.0,20966.0,22581.0,16578.0,15160.0,10890.0,14545.0,9197.0,9307.0,2672.0,1897.0,1692.0,,,,,10357.0,2010,2010,data/curated/acs_contract_rent_cache/acs5_contract_rent_tracts__A2010.parquet,2020,coc_area,2020,2023,census_msa_2023
msa,26900,26900,26900,"Indianapolis-Carmel-Greenwood, IN",2020,34,2089673,2004.3609999456041,1737.9147329261411,266.4462670194628,797.2236438670114,260247.0,268732.0,260247.0,1604.0,2474.0,2554.0,2889.0,2207.0,3043.0,2718.0,5875.0,6699.0,15252.0,16332.0,24133.0,18417.0,22381.0,19818.0,34111.0,20090.0,31747.0,15324.0,8374.0,,2398.0,528.0,730.0,549.0,8485.0,2020,2020,data/curated/acs_contract_rent_cache/acs5_contract_rent_tracts__A2020.parquet,2020,coc_area,2020,2023,census_msa_2023
msa,34980,34980,34980,"Nashville-Davidson--Murfreesboro--Franklin, TN",2010,35,2014444,2750.006573388454,2204.0430245044918,545.9635488839621,643.1950456756945,186572.0,197819.0,186572.0,3470.0,2498.0,3749.0,3366.0,3037.0,5230.0,5894.0,9945.0,10064.0,16656.0,17102.0,19282.0,13839.0,13905.0,11483.0,16979.0,9957.0,11083.0,3930.0,3301.0,1802.0,,,,,11247.0,2010,2010,data/curated/acs_contract_rent_cache/acs5_contract_rent_tracts__A2010.parquet,2020,coc_area,2020,2023,census_msa_2023
msa,34980,34980,34980,"Nashville-Davidson--Murfreesboro--Franklin, TN",2020,35,2014444,2623.980111783183,1810.9158758370843,813.0642359460987,1007.1340704587956,239322.0,251500.0,239322.0,2638.0,1733.0,1988.0,3712.0,2242.0,3247.0,3176.0,4567.0,4368.0,6938.0,5807.0,10073.0,7607.0,11142.0,10398.0,24352.0,23677.0,44500.0,30246.0,26269.0,,6380.0,2102.0,959.0,1201.0,12178.0,2020,2020,data/curated/acs_contract_rent_cache/acs5_contract_rent_tracts__A2020.parquet,2020,coc_area,2020,2023,census_msa_2023
msa,41940,41940,41940,"San Jose-Sunnyvale-Santa Clara, CA",2010,36,2000468,7797.378924539002,2333.230544217001,5464.148380322001,1333.8946476014455,242418.0,249353.0,242418.0,866.0,711.0,848.0,3253.0,1789.0,1576.0,1265.0,2102.0,1619.0,2860.0,2110.0,2791.0,2026.0,3194.0,3609.0,14420.0,17100.0,47179.0,43670.0,57110.0,32320.0,,,,,6935.0,2010,2010,data/curated/acs_contract_rent_cache/acs5_contract_rent_tracts__A2010.parquet,2020,coc_area,2020,2023,census_msa_2023
msa,41940,41940,41940,"San Jose-Sunnyvale-Santa Clara, CA",2020,36,2000468,10397.949538047174,1885.4494312649542,8512.50010678222,2249.8825219149885,276503.0,283462.0,276503.0,1001.0,282.0,346.0,1256.0,1838.0,2482.0,934.0,1450.0,1261.0,2064.0,945.0,1879.0,1419.0,1367.0,1405.0,3548.0,3445.0,13252.0,16978.0,50937.0,,60398.0,48303.0,32514.0,27199.0,6959.0,2020,2020,data/curated/acs_contract_rent_cache/acs5_contract_rent_tracts__A2020.parquet,2020,coc_area,2020,2023,census_msa_2023
msa,47260,47260,47260,"Virginia Beach-Chesapeake-Norfolk, VA-NC",2010,37,1780059,1832.8179115202581,1605.0420101753696,227.77590134488855,816.8993821920392,212141.0,220650.0,212141.0,3802.0,3041.0,3261.0,3149.0,2170.0,3188.0,3530.0,4273.0,5938.0,8787.0,8657.0,12213.0,13745.0,15131.0,14884.0,26177.0,20871.0,30089.0,14937.0,10168.0,4130.0,,,,,8509.0,2010,2010,data/curated/acs_contract_rent_cache/acs5_contract_rent_tracts__A2010.parquet,2020,coc_area,2020,2023,census_msa_2023
msa,47260,47260,47260,"Virginia Beach-Chesapeake-Norfolk, VA-NC",2020,37,1780059,1442.7639987607442,1183.2519131428667,259.51208561787746,1037.4232578451556,242385.0,250619.0,242385.0,2846.0,2562.0,2101.0,3524.0,2276.0,2640.0,1381.0,2955.0,2000.0,4150.0,3400.0,5835.0,6568.0,10889.0,11948.0,27059.0,28464.0,52433.0,32252.0,27403.0,,6282.0,1722.0,839.0,856.0,8234.0,2020,2020,data/curated/acs_contract_rent_cache/acs5_contract_rent_tracts__A2020.parquet,2020,coc_area,2020,2023,census_msa_2023
msa,39300,39300,39300,"Providence-Warwick, RI-MA",2010,38,1676579,2083.003224982528,1920.0033857032042,162.99983927932414,728.2519071586603,221948.0,229534.0,221948.0,2947.0,2862.0,5311.0,11363.0,6807.0,6865.0,5315.0,9040.0,6126.0,11831.0,8650.0,16284.0,12204.0,16274.0,15453.0,27241.0,17610.0,21325.0,8649.0,6419.0,3372.0,,,,,7586.0,2010,2010,data/curated/acs_contract_rent_cache/acs5_contract_rent_tracts__A2010.parquet,2020,coc_area,2020,2023,census_msa_2023
msa,39300,39300,39300,"Providence-Warwick, RI-MA",2020,38,1676579,2109.00220074165,1866.0023095391334,242.99989120251647,894.4394714241942,232110.0,241221.0,232110.0,1559.0,2093.0,2934.0,9549.0,7250.0,6120.0,3960.0,5483.0,3536.0,7784.0,4835.0,12407.0,8062.0,12066.0,13365.0,28719.0,22633.0,34334.0,21307.0,17020.0,,4224.0,1429.0,946.0,495.0,9111.0,2020,2020,data/curated/acs_contract_rent_cache/acs5_contract_rent_tracts__A2020.parquet,2020,coc_area,2020,2023,census_msa_2023
msa,27260,27260,27260,"Jacksonville, FL",2010,39,1605848,4493.000678356893,2270.000222010255,2223.000456346638,761.9840012119296,151824.0,160246.0,151824.0,2149.0,2207.0,2525.0,2310.0,1688.0,2038.0,2492.0,4908.0,5030.0,8615.0,9427.0,10787.0,10160.0,12502.0,11422.0,19252.0,13779.0,17497.0,6563.0,4219.0,2254.0,,,,,8422.0,2010,2010,data/curated/acs_contract_rent_cache/acs5_contract_rent_tracts__A2010.parquet,2020,coc_area,2020,2023,census_msa_2023
msa,27260,27260,27260,"Jacksonville, FL",2020,39,1605848,1733.000285162926,1077.0001423286592,656.0001428342671,980.9154013355209,192202.0,200923.0,192202.0,1690.0,1189.0,1351.0,2335.0,1582.0,1499.0,1453.0,2532.0,2065.0,5312.0,4790.0,7801.0,8929.0,9675.0,10836.0,24281.0,21473.0,38832.0,23189.0,16357.0,,3058.0,1017.0,580.0,376.0,8721.0,2020,2020,data/curated/acs_contract_rent_cache/acs5_contract_rent_tracts__A2020.parquet,2020,coc_area,2020,2023,census_msa_2023
msa,33340,33340,33340,"Milwaukee-Waukesha, WI",2010,40,1574731,1629.0962724935412,1390.986163646846,238.11010884669514,664.0404478361461,223101.0,228941.0,223101.0,1663.0,1537.0,2999.0,4438.0,2783.0,5192.0,4776.0,9797.0,13817.0,19770.0,21956.0,25544.0,20700.0,17504.0,14461.0,20378.0,12437.0,13696.0,4871.0,2956.0,1826.0,,,,,5840.0,2010,2010,data/curated/acs_contract_rent_cache/acs5_contract_rent_tracts__A2010.parquet,2020,coc_area,2020,2023,census_msa_2023
msa,33340,33340,33340,"Milwaukee-Waukesha, WI",2020,40,1574731,1032.4741310539484,942.5903546813021,89.88377637264622,829.0189642007281,248618.0,254775.0,248618.0,780.0,811.0,2802.0,3391.0,3992.0,2894.0,2346.0,5043.0,4562.0,11080.0,11748.0,21307.0,18248.0,20580.0,19830.0,32808.0,23318.0,31270.0,16463.0,9882.0,,3438.0,1165.0,416.0,444.0,6157.0,2020,2020,data/curated/acs_contract_rent_cache/acs5_contract_rent_tracts__A2020.parquet,2020,coc_area,2020,2023,census_msa_2023
msa,36420,36420,36420,"Oklahoma City, OK",2010,41,1425695,1760.8521913048216,1205.4096810408114,555.4425102640101,542.2965736297898,148112.0,157931.0,148112.0,2277.0,2031.0,2470.0,3320.0,3761.0,7167.0,12146.0,16084.0,17716.0,16523.0,12257.0,12614.0,9050.0,6513.0,4801.0,7014.0,3919.0,4246.0,1470.0,1286.0,1447.0,,,,,9819.0,2010,2010,data/curated/acs_contract_rent_cache/acs5_contract_rent_tracts__A2010.parquet,2020,coc_area,2020,2023,census_msa_2023
msa,36420,36420,36420,"Oklahoma City, OK",2020,41,1425695,1874.5465613823305,1162.3772091563044,712.1693522260258,742.2829257412152,176650.0,186307.0,176650.0,1450.0,1800.0,2015.0,2935.0,2179.0,3114.0,3110.0,5504.0,6091.0,15117.0,11855.0,15133.0,12694.0,14548.0,12885.0,19772.0,12665.0,18062.0,8382.0,4703.0,,1580.0,309.0,430.0,317.0,9657.0,2020,2020,data/curated/acs_contract_rent_cache/acs5_contract_rent_tracts__A2020.parquet,2020,coc_area,2020,2023,census_msa_2023
msa,39580,39580,39580,"Raleigh-Cary, NC",2010,42,1413982,1271.3842012481273,1129.433062245619,141.9511390025082,684.5489234210842,125458.0,130899.0,125458.0,1654.0,1529.0,1477.0,1619.0,1776.0,2837.0,2367.0,4756.0,5094.0,8710.0,10073.0,11766.0,12607.0,11166.0,9005.0,15446.0,8226.0,8855.0,3271.0,1997.0,1227.0,,,,,5441.0,2010,2010,data/curated/acs_contract_rent_cache/acs5_contract_rent_tracts__A2010.parquet,2020,coc_area,2020,2023,census_msa_2023
msa,39580,39580,39580,"Raleigh-Cary, NC",2020,42,1413982,1076.5080689590457,812.3031528276874,264.2049161313583,1012.3636511190329,167639.0,173685.0,167639.0,789.0,969.0,1352.0,1906.0,1181.0,1486.0,1622.0,2493.0,2968.0,4535.0,3877.0,4862.0,4956.0,5973.0,6890.0,20108.0,17606.0,39368.0,22981.0,16647.0,,2907.0,863.0,563.0,737.0,6046.0,2020,2020,data/curated/acs_contract_rent_cache/acs5_contract_rent_tracts__A2020.parquet,2020,coc_area,2020,2023,census_msa_2023
msa,31140,31140,31140,"Louisville/Jefferson County, KY-IN",2010,43,1362180,2021.3195581439668,1769.410504561199,251.90905358276783,542.7005545803582,143100.0,151634.0,143100.0,3708.0,2188.0,4346.0,3197.0,3765.0,6097.0,8632.0,14131.0,13358.0,14639.0,13016.0,13854.0,9856.0,8346.0,5959.0,8177.0,3852.0,3209.0,1143.0,867.0,760.0,,,,,8534.0,2010,2010,data/curated/acs_contract_rent_cache/acs5_contract_rent_tracts__A2010.parquet,2020,coc_area,2020,2023,census_msa_2023
msa,31140,31140,31140,"Louisville/Jefferson County, KY-IN",2020,43,1362180,1392.7102254721517,1178.1377514754215,214.57247399673042,726.2773132454488,160960.0,168932.0,160960.0,2842.0,2134.0,3170.0,4177.0,2472.0,3071.0,2753.0,5613.0,6095.0,10160.0,9391.0,13278.0,11589.0,12443.0,10932.0,19608.0,12929.0,16802.0,6225.0,3378.0,,980.0,218.0,253.0,447.0,7972.0,2020,2020,data/curated/acs_contract_rent_cache/acs5_contract_rent_tracts__A2020.parquet,2020,coc_area,2020,2023,census_msa_2023
msa,32820,32820,32820,"Memphis, TN-MS-AR",2010,44,1345425,1945.6352791817371,1604.6195745447826,341.01570463695475,594.2568260797617,157211.0,166403.0,157211.0,3559.0,2228.0,3798.0,3621.0,3933.0,6187.0,7645.0,12500.0,11682.0,14272.0,13383.0,16020.0,10893.0,9546.0,7817.0,12232.0,5595.0,7010.0,2266.0,1895.0,1129.0,,,,,9192.0,2010,2010,data/curated/acs_contract_rent_cache/acs5_contract_rent_tracts__A2010.parquet,2020,coc_area,2020,2023,census_msa_2023
msa,32820,32820,32820,"Memphis, TN-MS-AR",2020,44,1345425,1154.5547741721068,945.5534698558964,209.00130431621045,764.7658404621651,194525.0,203847.0,194525.0,1835.0,1714.0,1887.0,3347.0,2345.0,3782.0,3474.0,7449.0,8040.0,12825.0,14477.0,16473.0,12590.0,13495.0,13516.0,21007.0,15519.0,21688.0,10587.0,6327.0,,1194.0,316.0,286.0,352.0,9322.0,2020,2020,data/curated/acs_contract_rent_cache/acs5_contract_rent_tracts__A2020.parquet,2020,coc_area,2020,2023,census_msa_2023
msa,40060,40060,40060,"Richmond, VA",2010,45,1314434,1130.0826018798841,1036.7741929936417,93.30840888624232,740.057729926568,133011.0,140148.0,133011.0,2657.0,1707.0,2726.0,1927.0,2222.0,1844.0,2206.0,4386.0,4253.0,6990.0,7325.0,10746.0,8915.0,10739.0,10437.0,17509.0,12309.0,13813.0,5328.0,2926.0,2046.0,,,,,7137.0,2010,2010,data/curated/acs_contract_rent_cache/acs5_contract_rent_tracts__A2010.parquet,2020,coc_area,2020,2023,census_msa_2023
msa,40060,40060,40060,"Richmond, VA",2020,45,1314434,622.5793770543265,477.97923571520573,144.60014133912082,987.0810828193436,157258.0,162761.0,157258.0,2380.0,1454.0,1507.0,2513.0,1419.0,1438.0,954.0,1442.0,1979.0,3835.0,3179.0,4890.0,6117.0,7399.0,9493.0,17199.0,17032.0,36175.0,19402.0,13003.0,,2279.0,1011.0,435.0,723.0,5503.0,2020,2020,data/curated/acs_contract_rent_cache/acs5_contract_rent_tracts__A2020.parquet,2020,coc_area,2020,2023,census_msa_2023
msa,41620,41620,41620,"Salt Lake City-Murray, UT",2010,46,1257936,2036.4044995469146,1797.4834605693432,238.9210389775717,742.5726198354921,105770.0,109769.0,105770.0,706.0,761.0,1365.0,942.0,1084.0,1372.0,1550.0,2656.0,4428.0,7111.0,7721.0,10803.0,9881.0,9428.0,7379.0,11640.0,8030.0,10310.0,4707.0,2570.0,1326.0,,,,,3999.0,2010,2010,data/curated/acs_contract_rent_cache/acs5_contract_rent_tracts__A2010.parquet,2020,coc_area,2020,2023,census_msa_2023
msa,41620,41620,41620,"Salt Lake City-Murray, UT",2020,46,1257936,2031.4924342631705,1734.1873310330352,297.30510323013505,1065.3192832515904,124714.0,128492.0,124714.0,285.0,419.0,698.0,1378.0,711.0,1218.0,1076.0,1010.0,966.0,1743.0,2093.0,3140.0,3213.0,5144.0,6130.0,13351.0,13147.0,30224.0,19096.0,15670.0,,2537.0,692.0,563.0,210.0,3778.0,2020,2020,data/curated/acs_contract_rent_cache/acs5_contract_rent_tracts__A2020.parquet,2020,coc_area,2020,2023,census_msa_2023
msa,13820,13820,13820,"Birmingham, AL",2010,47,1180631,2343.109334188366,1128.1032940340842,1215.006040154282,538.461863478737,109686.0,120544.0,109686.0,3219.0,2883.0,3622.0,3864.0,4953.0,6585.0,7328.0,8739.0,7793.0,9540.0,8140.0,8336.0,6877.0,6288.0,4284.0,6695.0,3382.0,3992.0,1143.0,897.0,1126.0,,,,,10858.0,2010,2010,data/curated/acs_contract_rent_cache/acs5_contract_rent_tracts__A2010.parquet,2020,coc_area,2020,2023,census_msa_2023
msa,13820,13820,13820,"Birmingham, AL",2020,47,1180631,882.4913681105678,618.852317905749,263.63905020481883,715.4802714969129,124962.0,135994.0,124962.0,2169.0,3253.0,1728.0,3221.0,3351.0,4490.0,4746.0,6146.0,5398.0,8055.0,6790.0,8661.0,5401.0,6953.0,7110.0,12934.0,8785.0,13744.0,6429.0,3702.0,,930.0,453.0,124.0,389.0,11032.0,2020,2020,data/curated/acs_contract_rent_cache/acs5_contract_rent_tracts__A2020.parquet,2020,coc_area,2020,2023,census_msa_2023
msa,15380,15380,15380,"Buffalo-Cheektowaga, NY",2010,48,1166902,584.7369995713249,475.19523975717243,109.54175981415251,529.7572067190463,147667.0,153473.0,147667.0,2084.0,2497.0,2674.0,5353.0,5148.0,9328.0,11788.0,17180.0,15002.0,14155.0,11698.0,11345.0,9181.0,7785.0,4752.0,6679.0,3862.0,3508.0,1586.0,1007.0,1055.0,,,,,5806.0,2010,2010,data/curated/acs_contract_rent_cache/acs5_contract_rent_tracts__A2010.parquet,2020,coc_area,2020,2023,census_msa_2023
msa,15380,15380,15380,"Buffalo-Cheektowaga, NY",2020,48,1166902,448.45265057029707,431.4813920046597,16.971258565637388,733.4236162787714,156764.0,163686.0,156764.0,1128.0,1343.0,2085.0,4010.0,3610.0,4065.0,4279.0,7572.0,6645.0,11189.0,8204.0,12383.0,10205.0,12106.0,10667.0,18317.0,11297.0,14422.0,5835.0,4632.0,,1194.0,700.0,522.0,354.0,6922.0,2020,2020,data/curated/acs_contract_rent_cache/acs5_contract_rent_tracts__A2020.parquet,2020,coc_area,2020,2023,census_msa_2023
msa,23420,23420,23420,"Fresno, CA",2010,49,1164909,4287.999977451586,1830.9999903318019,2456.9999871197842,718.8044095368368,136040.0,143258.0,136040.0,1434.0,1429.0,2013.0,3268.0,2200.0,4464.0,3720.0,5349.0,5583.0,8840.0,7333.0,11497.0,10242.0,10440.0,8883.0,13584.0,9603.0,15102.0,6888.0,2984.0,1184.0,,,,,7218.0,2010,2010,data/curated/acs_contract_rent_cache/acs5_contract_rent_tracts__A2010.parquet,2020,coc_area,2020,2023,census_msa_2023
msa,23420,23420,23420,"Fresno, CA",2020,49,1164909,3640.999981369839,959.9999951556475,2680.9999862141913,889.4377952130826,152024.0,158886.0,152024.0,1436.0,1227.0,862.0,3099.0,1575.0,2342.0,2146.0,3095.0,3097.0,5987.0,4872.0,8131.0,7251.0,9950.0,9668.0,20684.0,16148.0,25693.0,12023.0,9554.0,,1700.0,622.0,535.0,327.0,6862.0,2020,2020,data/curated/acs_contract_rent_cache/acs5_contract_rent_tracts__A2020.parquet,2020,coc_area,2020,2023,census_msa_2023
msa,24340,24340,24340,"Grand Rapids-Wyoming-Kentwood, MI",2010,50,1150015,1013.6978355431587,962.6466896930636,51.05114585009531,603.7582143367521,91042.0,95897.0,91042.0,1049.0,1199.0,1873.0,1743.0,1586.0,2206.0,2723.0,4997.0,7222.0,10417.0,11277.0,10605.0,7386.0,6878.0,5134.0,5826.0,2920.0,2582.0,1278.0,1424.0,717.0,,,,,4855.0,2010,2010,data/curated/acs_contract_rent_cache/acs5_contract_rent_tracts__A2010.parquet,2020,coc_area,2020,2023,census_msa_2023
msa,24340,24340,24340,"Grand Rapids-Wyoming-Kentwood, MI",2020,50,1150015,1251.9706215247752,1146.664780918491,105.30584060628419,810.4840283549255,104893.0,109439.0,104893.0,645.0,653.0,1119.0,2004.0,1192.0,1693.0,1673.0,2243.0,2793.0,4446.0,4461.0,7001.0,6481.0,8237.0,8510.0,16171.0,10382.0,13745.0,5013.0,3654.0,,1806.0,557.0,215.0,199.0,4546.0,2020,2020,data/curated/acs_contract_rent_cache/acs5_contract_rent_tracts__A2020.parquet,2020,coc_area,2020,2023,census_msa_2023
