msa_population_rank_2020_census,msa_id,cbsa_code,msa_name,msa_2020_census_population,year,pit_total,pit_sheltered,pit_unsheltered,coc_count,covered_coc_count,missing_coc_count,missing_cocs,coc_population_coverage_ratio,msa_population_coverage_ratio,allocation_share_sum,expected_allocation_share_sum,unmapped_source_coc_count,unmapped_source_cocs,unmapped_source_additive_measure_totals,allocation_basis,denominator_source,boundary_vintage,county_vintage,block_vintage,decennial_vintage,msa_definition_version,source
1,35620,35620,"New York-Newark-Jersey City, NY-NJ",20081935,2020,91340.48137629197,85957.30254311499,5383.178833176968,19,19,0,,1.0,0.9995105278819839,15.900270967389197,15.900270967389197,187,"AK-500,AK-501,AL-501,AL-502,AL-503,AL-504,AL-505,AL-506,AR-500,AR-501,AR-505,AZ-501,CA-504,CA-508,CA-509,CA-510,CA-511,CA-513,CA-516,CA-517,CA-518,CA-519,CA-520,CA-522,CA-523,CA-524,CA-526,CA-527,CA-529,CA-530,CA-531,CA-603,CA-604,CA-613,CA-614,CO-504,CO-505,FL-500,FL-503,FL-504,FL-505,FL-506,FL-508,FL-509,FL-511,FL-513,FL-514,FL-515,FL-517,FL-518,FL-602,FL-603,FL-604,FL-606,GA-503,GA-504,GA-505,GA-507,GU-500,HI-500,HI-501,IA-500,IA-501,IA-502,ID-500,ID-501,IL-503,IL-507,IL-512,IL-513,IL-516,IL-518,KS-502,KS-503,KY-502,LA-500,LA-502,LA-503,LA-505,LA-506,LA-507,LA-509,MA-503,MA-504,MA-507,MD-500,MD-507,MD-508,MD-510,MD-512,MD-513,MI-506,MI-507,MI-508,MI-509,MI-510,MI-511,MI-512,MI-514,MI-515,MI-516,MI-517,MI-519,MI-523,MN-504,MN-506,MN-508,MN-509,MO-600,MO-602,MO-603,MP-500,MS-500,MS-503,MT-500,NC-500,NC-501,NC-504,NC-506,NC-511,NC-513,NC-516,ND-500,NE-500,NE-501,NE-502,NH-501,NH-502,NJ-500,NJ-514,NM-500,NM-501,NV-501,NV-502,NY-500,NY-501,NY-503,NY-505,NY-507,NY-510,NY-511,NY-512,NY-513,NY-514,NY-518,NY-519,NY-520,NY-522,NY-523,NY-608,OH-501,OH-506,OH-508,OK-501,OK-505,OR-500,OR-502,OR-503,OR-504,PA-501,PA-503,PA-506,PA-508,PA-509,PA-510,SC-500,SC-503,SD-500,TN-500,TN-502,TN-509,TN-512,TX-603,TX-604,TX-611,UT-504,VA-502,VA-508,VI-500,VT-500,VT-501,WA-502,WI-502,WI-503,WV-501,WV-503,WY-500","{""pit_sheltered"":72656.0,""pit_total"":122895.0,""pit_unsheltered"":50239.0}",block_population,pl_94_171_block_population,2020,2023,2020,2020,census_msa_2023,msa_fractional_rollup_population_basis_pit2020_vintage
2,31080,31080,"Los Angeles-Long Beach-Anaheim, CA",13200998,2020,73413.11383620178,21411.754333971592,52001.35950223018,8,8,0,,1.0,0.9998865532942317,5.0000184813315816,5.0000184813315816,187,"AK-500,AK-501,AL-501,AL-502,AL-503,AL-504,AL-505,AL-506,AR-500,AR-501,AR-505,AZ-501,CA-504,CA-508,CA-509,CA-510,CA-511,CA-513,CA-516,CA-517,CA-518,CA-519,CA-520,CA-522,CA-523,CA-524,CA-526,CA-527,CA-529,CA-530,CA-531,CA-603,CA-604,CA-613,CA-614,CO-504,CO-505,FL-500,FL-503,FL-504,FL-505,FL-506,FL-508,FL-509,FL-511,FL-513,FL-514,FL-515,FL-517,FL-518,FL-602,FL-603,FL-604,FL-606,GA-503,GA-504,GA-505,GA-507,GU-500,HI-500,HI-501,IA-500,IA-501,IA-502,ID-500,ID-501,IL-503,IL-507,IL-512,IL-513,IL-516,IL-518,KS-502,KS-503,KY-502,LA-500,LA-502,LA-503,LA-505,LA-506,LA-507,LA-509,MA-503,MA-504,MA-507,MD-500,MD-507,MD-508,MD-510,MD-512,MD-513,MI-506,MI-507,MI-508,MI-509,MI-510,MI-511,MI-512,MI-514,MI-515,MI-516,MI-517,MI-519,MI-523,MN-504,MN-506,MN-508,MN-509,MO-600,MO-602,MO-603,MP-500,MS-500,MS-503,MT-500,NC-500,NC-501,NC-504,NC-506,NC-511,NC-513,NC-516,ND-500,NE-500,NE-501,NE-502,NH-501,NH-502,NJ-500,NJ-514,NM-500,NM-501,NV-501,NV-502,NY-500,NY-501,NY-503,NY-505,NY-507,NY-510,NY-511,NY-512,NY-513,NY-514,NY-518,NY-519,NY-520,NY-522,NY-523,NY-608,OH-501,OH-506,OH-508,OK-501,OK-505,OR-500,OR-502,OR-503,OR-504,PA-501,PA-503,PA-506,PA-508,PA-509,PA-510,SC-500,SC-503,SD-500,TN-500,TN-502,TN-509,TN-512,TX-603,TX-604,TX-611,UT-504,VA-502,VA-508,VI-500,VT-500,VT-501,WA-502,WI-502,WI-503,WV-501,WV-503,WY-500","{""pit_sheltered"":72656.0,""pit_total"":122895.0,""pit_unsheltered"":50239.0}",block_population,pl_94_171_block_population,2020,2023,2020,2020,census_msa_2023,msa_fractional_rollup_population_basis_pit2020_vintage
3,16980,16980,"Chicago-Naperville-Elgin, IL-IN",9449351,2020,8307.78744574441,6400.972493265319,1906.8149524790917,9,9,0,,1.0,0.9999637337433548,7.352493799761096,7.352493799761096,187,"AK-500,AK-501,AL-501,AL-502,AL-503,AL-504,AL-505,AL-506,AR-500,AR-501,AR-505,AZ-501,CA-504,CA-508,CA-509,CA-510,CA-511,CA-513,CA-516,CA-517,CA-518,CA-519,CA-520,CA-522,CA-523,CA-524,CA-526,CA-527,CA-529,CA-530,CA-531,CA-603,CA-604,CA-613,CA-614,CO-504,CO-505,FL-500,FL-503,FL-504,FL-505,FL-506,FL-508,FL-509,FL-511,FL-513,FL-514,FL-515,FL-517,FL-518,FL-602,FL-603,FL-604,FL-606,GA-503,GA-504,GA-505,GA-507,GU-500,HI-500,HI-501,IA-500,IA-501,IA-502,ID-500,ID-501,IL-503,IL-507,IL-512,IL-513,IL-516,IL-518,KS-502,KS-503,KY-502,LA-500,LA-502,LA-503,LA-505,LA-506,LA-507,LA-509,MA-503,MA-504,MA-507,MD-500,MD-507,MD-508,MD-510,MD-512,MD-513,MI-506,MI-507,MI-508,MI-509,MI-510,MI-511,MI-512,MI-514,MI-515,MI-516,MI-517,MI-519,MI-523,MN-504,MN-506,MN-508,MN-509,MO-600,MO-602,MO-603,MP-500,MS-500,MS-503,MT-500,NC-500,NC-501,NC-504,NC-506,NC-511,NC-513,NC-516,ND-500,NE-500,NE-501,NE-502,NH-501,NH-502,NJ-500,NJ-514,NM-500,NM-501,NV-501,NV-502,NY-500,NY-501,NY-503,NY-505,NY-507,NY-510,NY-511,NY-512,NY-513,NY-514,NY-518,NY-519,NY-520,NY-522,NY-523,NY-608,OH-501,OH-506,OH-508,OK-501,OK-505,OR-500,OR-502,OR-503,OR-504,PA-501,PA-503,PA-506,PA-508,PA-509,PA-510,SC-500,SC-503,SD-500,TN-500,TN-502,TN-509,TN-512,TX-603,TX-604,TX-611,UT-504,VA-502,VA-508,VI-500,VT-500,VT-501,WA-502,WI-502,WI-503,WV-501,WV-503,WY-500","{""pit_sheltered"":72656.0,""pit_total"":122895.0,""pit_unsheltered"":50239.0}",block_population,pl_94_171_block_population,2020,2023,2020,2020,census_msa_2023,msa_fractional_rollup_population_basis_pit2020_vintage
4,19100,19100,"Dallas-Fort Worth-Arlington, TX",7637387,2020,7756.236026424795,4625.890578350305,3130.3454480744913,4,4,0,,1.0,1.0,2.328025138254932,2.328025138254932,187,"AK-500,AK-501,AL-501,AL-502,AL-503,AL-504,AL-505,AL-506,AR-500,AR-501,AR-505,AZ-501,CA-504,CA-508,CA-509,CA-510,CA-511,CA-513,CA-516,CA-517,CA-518,CA-519,CA-520,CA-522,CA-523,CA-524,CA-526,CA-527,CA-529,CA-530,CA-531,CA-603,CA-604,CA-613,CA-614,CO-504,CO-505,FL-500,FL-503,FL-504,FL-505,FL-506,FL-508,FL-509,FL-511,FL-513,FL-514,FL-515,FL-517,FL-518,FL-602,FL-603,FL-604,FL-606,GA-503,GA-504,GA-505,GA-507,GU-500,HI-500,HI-501,IA-500,IA-501,IA-502,ID-500,ID-501,IL-503,IL-507,IL-512,IL-513,IL-516,IL-518,KS-502,KS-503,KY-502,LA-500,LA-502,LA-503,LA-505,LA-506,LA-507,LA-509,MA-503,MA-504,MA-507,MD-500,MD-507,MD-508,MD-510,MD-512,MD-513,MI-506,MI-507,MI-508,MI-509,MI-510,MI-511,MI-512,MI-514,MI-515,MI-516,MI-517,MI-519,MI-523,MN-504,MN-506,MN-508,MN-509,MO-600,MO-602,MO-603,MP-500,MS-500,MS-503,MT-500,NC-500,NC-501,NC-504,NC-506,NC-511,NC-513,NC-516,ND-500,NE-500,NE-501,NE-502,NH-501,NH-502,NJ-500,NJ-514,NM-500,NM-501,NV-501,NV-502,NY-500,NY-501,NY-503,NY-505,NY-507,NY-510,NY-511,NY-512,NY-513,NY-514,NY-518,NY-519,NY-520,NY-522,NY-523,NY-608,OH-501,OH-506,OH-508,OK-501,OK-505,OR-500,OR-502,OR-503,OR-504,PA-501,PA-503,PA-506,PA-508,PA-509,PA-510,SC-500,SC-503,SD-500,TN-500,TN-502,TN-509,TN-512,TX-603,TX-604,TX-611,UT-504,VA-502,VA-508,VI-500,VT-500,VT-501,WA-502,WI-502,WI-503,WV-501,WV-503,WY-500","{""pit_sheltered"":72656.0,""pit_total"":122895.0,""pit_unsheltered"":50239.0}",block_population,pl_94_171_block_population,2020,2023,2020,2020,census_msa_2023,msa_fractional_rollup_population_basis_pit2020_vintage
5,26420,26420,"Houston-Pasadena-The Woodlands, TX",7149642,2020,4775.79201781266,2617.2554900052814,2158.5365278073778,2,2,0,,1.0,0.9999539322281406,1.0871702563336245,1.0871702563336245,187,"AK-500,AK-501,AL-501,AL-502,AL-503,AL-504,AL-505,AL-506,AR-500,AR-501,AR-505,AZ-501,CA-504,CA-508,CA-509,CA-510,CA-511,CA-513,CA-516,CA-517,CA-518,CA-519,CA-520,CA-522,CA-523,CA-524,CA-526,CA-527,CA-529,CA-530,CA-531,CA-603,CA-604,CA-613,CA-614,CO-504,CO-505,FL-500,FL-503,FL-504,FL-505,FL-506,FL-508,FL-509,FL-511,FL-513,FL-514,FL-515,FL-517,FL-518,FL-602,FL-603,FL-604,FL-606,GA-503,GA-504,GA-505,GA-507,GU-500,HI-500,HI-501,IA-500,IA-501,IA-502,ID-500,ID-501,IL-503,IL-507,IL-512,IL-513,IL-516,IL-518,KS-502,KS-503,KY-502,LA-500,LA-502,LA-503,LA-505,LA-506,LA-507,LA-509,MA-503,MA-504,MA-507,MD-500,MD-507,MD-508,MD-510,MD-512,MD-513,MI-506,MI-507,MI-508,MI-509,MI-510,MI-511,MI-512,MI-514,MI-515,MI-516,MI-517,MI-519,MI-523,MN-504,MN-506,MN-508,MN-509,MO-600,MO-602,MO-603,MP-500,MS-500,MS-503,MT-500,NC-500,NC-501,NC-504,NC-506,NC-511,NC-513,NC-516,ND-500,NE-500,NE-501,NE-502,NH-501,NH-502,NJ-500,NJ-514,NM-500,NM-501,NV-501,NV-502,NY-500,NY-501,NY-503,NY-505,NY-507,NY-510,NY-511,NY-512,NY-513,NY-514,NY-518,NY-519,NY-520,NY-522,NY-523,NY-608,OH-501,OH-506,OH-508,OK-501,OK-505,OR-500,OR-502,OR-503,OR-504,PA-501,PA-503,PA-506,PA-508,PA-509,PA-510,SC-500,SC-503,SD-500,TN-500,TN-502,TN-509,TN-512,TX-603,TX-604,TX-611,UT-504,VA-502,VA-508,VI-500,VT-500,VT-501,WA-502,WI-502,WI-503,WV-501,WV-503,WY-500","{""pit_sheltered"":72656.0,""pit_total"":122895.0,""pit_unsheltered"":50239.0}",block_population,pl_94_171_block_population,2020,2023,2020,2020,census_msa_2023,msa_fractional_rollup_population_basis_pit2020_vintage
6,47900,47900,"Washington-Arlington-Alexandria, DC-VA-MD-WV",6278542,2020,10083.79444057467,8847.678603312697,1236.115837261973,15,14,1,MD-514,0.977894038102465,0.9734709490961785,10.120592976530842,10.349375885519402,187,"AK-500,AK-501,AL-501,AL-502,AL-503,AL-504,AL-505,AL-506,AR-500,AR-501,AR-505,AZ-501,CA-504,CA-508,CA-509,CA-510,CA-511,CA-513,CA-516,CA-517,CA-518,CA-519,CA-520,CA-522,CA-523,CA-524,CA-526,CA-527,CA-529,CA-530,CA-531,CA-603,CA-604,CA-613,CA-614,CO-504,CO-505,FL-500,FL-503,FL-504,FL-505,FL-506,FL-508,FL-509,FL-511,FL-513,FL-514,FL-515,FL-517,FL-518,FL-602,FL-603,FL-604,FL-606,GA-503,GA-504,GA-505,GA-507,GU-500,HI-500,HI-501,IA-500,IA-501,IA-502,ID-500,ID-501,IL-503,IL-507,IL-512,IL-513,IL-516,IL-518,KS-502,KS-503,KY-502,LA-500,LA-502,LA-503,LA-505,LA-506,LA-507,LA-509,MA-503,MA-504,MA-507,MD-500,MD-507,MD-508,MD-510,MD-512,MD-513,MI-506,MI-507,MI-508,MI-509,MI-510,MI-511,MI-512,MI-514,MI-515,MI-516,MI-517,MI-519,MI-523,MN-504,MN-506,MN-508,MN-509,MO-600,MO-602,MO-603,MP-500,MS-500,MS-503,MT-500,NC-500,NC-501,NC-504,NC-506,NC-511,NC-513,NC-516,ND-500,NE-500,NE-501,NE-502,NH-501,NH-502,NJ-500,NJ-514,NM-500,NM-501,NV-501,NV-502,NY-500,NY-501,NY-503,NY-505,NY-507,NY-510,NY-511,NY-512,NY-513,NY-514,NY-518,NY-519,NY-520,NY-522,NY-523,NY-608,OH-501,OH-506,OH-508,OK-501,OK-505,OR-500,OR-502,OR-503,OR-504,PA-501,PA-503,PA-506,PA-508,PA-509,PA-510,SC-500,SC-503,SD-500,TN-500,TN-502,TN-509,TN-512,TX-603,TX-604,TX-611,UT-504,VA-502,VA-508,VI-500,VT-500,VT-501,WA-502,WI-502,WI-503,WV-501,WV-503,WY-500","{""pit_sheltered"":72656.0,""pit_total"":122895.0,""pit_unsheltered"":50239.0}",block_population,pl_94_171_block_population,2020,2023,2020,2020,census_msa_2023,msa_fractional_rollup_population_basis_pit2020_vintage
7,37980,37980,"Philadelphia-Camden-Wilmington, PA-NJ-DE-MD",6245051,2020,9199.360265421197,7798.069413588447,1401.2908518327517,10,9,1,MD-514,0.9832170429985658,0.9833897630463444,8.345084454578949,8.487530310834046,187,"AK-500,AK-501,AL-501,AL-502,AL-503,AL-504,AL-505,AL-506,AR-500,AR-501,AR-505,AZ-501,CA-504,CA-508,CA-509,CA-510,CA-511,CA-513,CA-516,CA-517,CA-518,CA-519,CA-520,CA-522,CA-523,CA-524,CA-526,CA-527,CA-529,CA-530,CA-531,CA-603,CA-604,CA-613,CA-614,CO-504,CO-505,FL-500,FL-503,FL-504,FL-505,FL-506,FL-508,FL-509,FL-511,FL-513,FL-514,FL-515,FL-517,FL-518,FL-602,FL-603,FL-604,FL-606,GA-503,GA-504,GA-505,GA-507,GU-500,HI-500,HI-501,IA-500,IA-501,IA-502,ID-500,ID-501,IL-503,IL-507,IL-512,IL-513,IL-516,IL-518,KS-502,KS-503,KY-502,LA-500,LA-502,LA-503,LA-505,LA-506,LA-507,LA-509,MA-503,MA-504,MA-507,MD-500,MD-507,MD-508,MD-510,MD-512,MD-513,MI-506,MI-507,MI-508,MI-509,MI-510,MI-511,MI-512,MI-514,MI-515,MI-516,MI-517,MI-519,MI-523,MN-504,MN-506,MN-508,MN-509,MO-600,MO-602,MO-603,MP-500,MS-500,MS-503,MT-500,NC-500,NC-501,NC-504,NC-506,NC-511,NC-513,NC-516,ND-500,NE-500,NE-501,NE-502,NH-501,NH-502,NJ-500,NJ-514,NM-500,NM-501,NV-501,NV-502,NY-500,NY-501,NY-503,NY-505,NY-507,NY-510,NY-511,NY-512,NY-513,NY-514,NY-518,NY-519,NY-520,NY-522,NY-523,NY-608,OH-501,OH-506,OH-508,OK-501,OK-505,OR-500,OR-502,OR-503,OR-504,PA-501,PA-503,PA-506,PA-508,PA-509,PA-510,SC-500,SC-503,SD-500,TN-500,TN-502,TN-509,TN-512,TX-603,TX-604,TX-611,UT-504,VA-502,VA-508,VI-500,VT-500,VT-501,WA-502,WI-502,WI-503,WV-501,WV-503,WY-500","{""pit_sheltered"":72656.0,""pit_total"":122895.0,""pit_unsheltered"":50239.0}",block_population,pl_94_171_block_population,2020,2023,2020,2020,census_msa_2023,msa_fractional_rollup_population_basis_pit2020_vintage
8,33100,33100,"Miami-Fort Lauderdale-West Palm Beach, FL",6138333,2020,7280.990836876271,4246.997087218937,3033.9937496573334,3,3,0,,1.0,0.998558510360075,2.999993931706149,2.999993931706149,187,"AK-500,AK-501,AL-501,AL-502,AL-503,AL-504,AL-505,AL-506,AR-500,AR-501,AR-505,AZ-501,CA-504,CA-508,CA-509,CA-510,CA-511,CA-513,CA-516,CA-517,CA-518,CA-519,CA-520,CA-522,CA-523,CA-524,CA-526,CA-527,CA-529,CA-530,CA-531,CA-603,CA-604,CA-613,CA-614,CO-504,CO-505,FL-500,FL-503,FL-504,FL-505,FL-506,FL-508,FL-509,FL-511,FL-513,FL-514,FL-515,FL-517,FL-518,FL-602,FL-603,FL-604,FL-606,GA-503,GA-504,GA-505,GA-507,GU-500,HI-500,HI-501,IA-500,IA-501,IA-502,ID-500,ID-501,IL-503,IL-507,IL-512,IL-513,IL-516,IL-518,KS-502,KS-503,KY-502,LA-500,LA-502,LA-503,LA-505,LA-506,LA-507,LA-509,MA-503,MA-504,MA-507,MD-500,MD-507,MD-508,MD-510,MD-512,MD-513,MI-506,MI-507,MI-508,MI-509,MI-510,MI-511,MI-512,MI-514,MI-515,MI-516,MI-517,MI-519,MI-523,MN-504,MN-506,MN-508,MN-509,MO-600,MO-602,MO-603,MP-500,MS-500,MS-503,MT-500,NC-500,NC-501,NC-504,NC-506,NC-511,NC-513,NC-516,ND-500,NE-500,NE-501,NE-502,NH-501,NH-502,NJ-500,NJ-514,NM-500,NM-501,NV-501,NV-502,NY-500,NY-501,NY-503,NY-505,NY-507,NY-510,NY-511,NY-512,NY-513,NY-514,NY-518,NY-519,NY-520,NY-522,NY-523,NY-608,OH-501,OH-506,OH-508,OK-501,OK-505,OR-500,OR-502,OR-503,OR-504,PA-501,PA-503,PA-506,PA-508,PA-509,PA-510,SC-500,SC-503,SD-500,TN-500,TN-502,TN-509,TN-512,TX-603,TX-604,TX-611,UT-504,VA-502,VA-508,VI-500,VT-500,VT-501,WA-502,WI-502,WI-503,WV-501,WV-503,WY-500","{""pit_sheltered"":72656.0,""pit_total"":122895.0,""pit_unsheltered"":50239.0}",block_population,pl_94_171_block_population,2020,2023,2020,2020,census_msa_2023,msa_fractional_rollup_population_basis_pit2020_vintage
9,12060,12060,"Atlanta-Sandy Springs-Roswell, GA",6104803,2020,6379.840726047525,4005.752953612597,2374.0877724349284,5,5,0,,1.0,1.0,4.481913250413319,4.481913250413319,187,"AK-500,AK-501,AL-501,AL-502,AL-503,AL-504,AL-505,AL-506,AR-500,AR-501,AR-505,AZ-501,CA-504,CA-508,CA-509,CA-510,CA-511,CA-513,CA-516,CA-517,CA-518,CA-519,CA-520,CA-522,CA-523,CA-524,CA-526,CA-527,CA-529,CA-530,CA-531,CA-603,CA-604,CA-613,CA-614,CO-504,CO-505,FL-500,FL-503,FL-504,FL-505,FL-506,FL-508,FL-509,FL-511,FL-513,FL-514,FL-515,FL-517,FL-518,FL-602,FL-603,FL-604,FL-606,GA-503,GA-504,GA-505,GA-507,GU-500,HI-500,HI-501,IA-500,IA-501,IA-502,ID-500,ID-501,IL-503,IL-507,IL-512,IL-513,IL-516,IL-518,KS-502,KS-503,KY-502,LA-500,LA-502,LA-503,LA-505,LA-506,LA-507,LA-509,MA-503,MA-504,MA-507,MD-500,MD-507,MD-508,MD-510,MD-512,MD-513,MI-506,MI-507,MI-508,MI-509,MI-510,MI-511,MI-512,MI-514,MI-515,MI-516,MI-517,MI-519,MI-523,MN-504,MN-506,MN-508,MN-509,MO-600,MO-602,MO-603,MP-500,MS-500,MS-503,MT-500,NC-500,NC-501,NC-504,NC-506,NC-511,NC-513,NC-516,ND-500,NE-500,NE-501,NE-502,NH-501,NH-502,NJ-500,NJ-514,NM-500,NM-501,NV-501,NV-502,NY-500,NY-501,NY-503,NY-505,NY-507,NY-510,NY-511,NY-512,NY-513,NY-514,NY-518,NY-519,NY-520,NY-522,NY-523,NY-608,OH-501,OH-506,OH-508,OK-501,OK-505,OR-500,OR-502,OR-503,OR-504,PA-501,PA-503,PA-506,PA-508,PA-509,PA-510,SC-500,SC-503,SD-500,TN-500,TN-502,TN-509,TN-512,TX-603,TX-604,TX-611,UT-504,VA-502,VA-508,VI-500,VT-500,VT-501,WA-502,WI-502,WI-503,WV-501,WV-503,WY-500","{""pit_sheltered"":72656.0,""pit_total"":122895.0,""pit_unsheltered"":50239.0}",block_population,pl_94_171_block_population,2020,2023,2020,2020,census_msa_2023,msa_fractional_rollup_population_basis_pit2020_vintage
10,14460,14460,"Boston-Cambridge-Newton, MA-NH",4941632,2020,14890.492273039154,13920.321424051908,970.1708489872456,11,10,1,MA-510_and_MA-516_Shared_Jurisdiction,0.8818798742534008,0.8133271133526851,7.465955070899612,8.465954705248588,187,"AK-500,AK-501,AL-501,AL-502,AL-503,AL-504,AL-505,AL-506,AR-500,AR-501,AR-505,AZ-501,CA-504,CA-508,CA-509,CA-510,CA-511,CA-513,CA-516,CA-517,CA-518,CA-519,CA-520,CA-522,CA-523,CA-524,CA-526,CA-527,CA-529,CA-530,CA-531,CA-603,CA-604,CA-613,CA-614,CO-504,CO-505,FL-500,FL-503,FL-504,FL-505,FL-506,FL-508,FL-509,FL-511,FL-513,FL-514,FL-515,FL-517,FL-518,FL-602,FL-603,FL-604,FL-606,GA-503,GA-504,GA-505,GA-507,GU-500,HI-500,HI-501,IA-500,IA-501,IA-502,ID-500,ID-501,IL-503,IL-507,IL-512,IL-513,IL-516,IL-518,KS-502,KS-503,KY-502,LA-500,LA-502,LA-503,LA-505,LA-506,LA-507,LA-509,MA-503,MA-504,MA-507,MD-500,MD-507,MD-508,MD-510,MD-512,MD-513,MI-506,MI-507,MI-508,MI-509,MI-510,MI-511,MI-512,MI-514,MI-515,MI-516,MI-517,MI-519,MI-523,MN-504,MN-506,MN-508,MN-509,MO-600,MO-602,MO-603,MP-500,MS-500,MS-503,MT-500,NC-500,NC-501,NC-504,NC-506,NC-511,NC-513,NC-516,ND-500,NE-500,NE-501,NE-502,NH-501,NH-502,NJ-500,NJ-514,NM-500,NM-501,NV-501,NV-502,NY-500,NY-501,NY-503,NY-505,NY-507,NY-510,NY-511,NY-512,NY-513,NY-514,NY-518,NY-519,NY-520,NY-522,NY-523,NY-608,OH-501,OH-506,OH-508,OK-501,OK-505,OR-500,OR-502,OR-503,OR-504,PA-501,PA-503,PA-506,PA-508,PA-509,PA-510,SC-500,SC-503,SD-500,TN-500,TN-502,TN-509,TN-512,TX-603,TX-604,TX-611,UT-504,VA-502,VA-508,VI-500,VT-500,VT-501,WA-502,WI-502,WI-503,WV-501,WV-503,WY-500","{""pit_sheltered"":72656.0,""pit_total"":122895.0,""pit_unsheltered"":50239.0}",block_population,pl_94_171_block_population,2020,2023,2020,2020,census_msa_2023,msa_fractional_rollup_population_basis_pit2020_vintage
11,38060,38060,"Phoenix-Mesa-Chandler, AZ",4845832,2020,7982.537107227392,3919.4028930823974,4063.1342141449945,2,2,0,,1.0,0.9999998608497034,1.2520291321827681,1.2520291321827681,187,"AK-500,AK-501,AL-501,AL-502,AL-503,AL-504,AL-505,AL-506,AR-500,AR-501,AR-505,AZ-501,CA-504,CA-508,CA-509,CA-510,CA-511,CA-513,CA-516,CA-517,CA-518,CA-519,CA-520,CA-522,CA-523,CA-524,CA-526,CA-527,CA-529,CA-530,CA-531,CA-603,CA-604,CA-613,CA-614,CO-504,CO-505,FL-500,FL-503,FL-504,FL-505,FL-506,FL-508,FL-509,FL-511,FL-513,FL-514,FL-515,FL-517,FL-518,FL-602,FL-603,FL-604,FL-606,GA-503,GA-504,GA-505,GA-507,GU-500,HI-500,HI-501,IA-500,IA-501,IA-502,ID-500,ID-501,IL-503,IL-507,IL-512,IL-513,IL-516,IL-518,KS-502,KS-503,KY-502,LA-500,LA-502,LA-503,LA-505,LA-506,LA-507,LA-509,MA-503,MA-504,MA-507,MD-500,MD-507,MD-508,MD-510,MD-512,MD-513,MI-506,MI-507,MI-508,MI-509,MI-510,MI-511,MI-512,MI-514,MI-515,MI-516,MI-517,MI-519,MI-523,MN-504,MN-506,MN-508,MN-509,MO-600,MO-602,MO-603,MP-500,MS-500,MS-503,MT-500,NC-500,NC-501,NC-504,NC-506,NC-511,NC-513,NC-516,ND-500,NE-500,NE-501,NE-502,NH-501,NH-502,NJ-500,NJ-514,NM-500,NM-501,NV-501,NV-502,NY-500,NY-501,NY-503,NY-505,NY-507,NY-510,NY-511,NY-512,NY-513,NY-514,NY-518,NY-519,NY-520,NY-522,NY-523,NY-608,OH-501,OH-506,OH-508,OK-501,OK-505,OR-500,OR-502,OR-503,OR-504,PA-501,PA-503,PA-506,PA-508,PA-509,PA-510,SC-500,SC-503,SD-500,TN-500,TN-502,TN-509,TN-512,TX-603,TX-604,TX-611,UT-504,VA-502,VA-508,VI-500,VT-500,VT-501,WA-502,WI-502,WI-503,WV-501,WV-503,WY-500","{""pit_sheltered"":72656.0,""pit_total"":122895.0,""pit_unsheltered"":50239.0}",block_population,pl_94_171_block_population,2020,2023,2020,2020,census_msa_2023,msa_fractional_rollup_population_basis_pit2020_vintage
12,41860,41860,"San Francisco-Oakland-Fremont, CA",4749008,2020,21141.995163927182,6470.997937745355,14670.997226181828,5,5,0,,1.0,0.9996680206072721,4.999996928584161,4.999996928584161,187,"AK-500,AK-501,AL-501,AL-502,AL-503,AL-504,AL-505,AL-506,AR-500,AR-501,AR-505,AZ-501,CA-504,CA-508,CA-509,CA-510,CA-511,CA-513,CA-516,CA-517,CA-518,CA-519,CA-520,CA-522,CA-523,CA-524,CA-526,CA-527,CA-529,CA-530,CA-531,CA-603,CA-604,CA-613,CA-614,CO-504,CO-505,FL-500,FL-503,FL-504,FL-505,FL-506,FL-508,FL-509,FL-511,FL-513,FL-514,FL-515,FL-517,FL-518,FL-602,FL-603,FL-604,FL-606,GA-503,GA-504,GA-505,GA-507,GU-500,HI-500,HI-501,IA-500,IA-501,IA-502,ID-500,ID-501,IL-503,IL-507,IL-512,IL-513,IL-516,IL-518,KS-502,KS-503,KY-502,LA-500,LA-502,LA-503,LA-505,LA-506,LA-507,LA-509,MA-503,MA-504,MA-507,MD-500,MD-507,MD-508,MD-510,MD-512,MD-513,MI-506,MI-507,MI-508,MI-509,MI-510,MI-511,MI-512,MI-514,MI-515,MI-516,MI-517,MI-519,MI-523,MN-504,MN-506,MN-508,MN-509,MO-600,MO-602,MO-603,MP-500,MS-500,MS-503,MT-500,NC-500,NC-501,NC-504,NC-506,NC-511,NC-513,NC-516,ND-500,NE-500,NE-501,NE-502,NH-501,NH-502,NJ-500,NJ-514,NM-500,NM-501,NV-501,NV-502,NY-500,NY-501,NY-503,NY-505,NY-507,NY-510,NY-511,NY-512,NY-513,NY-514,NY-518,NY-519,NY-520,NY-522,NY-523,NY-608,OH-501,OH-506,OH-508,OK-501,OK-505,OR-500,OR-502,OR-503,OR-504,PA-501,PA-503,PA-506,PA-508,PA-509,PA-510,SC-500,SC-503,SD-500,TN-500,TN-502,TN-509,TN-512,TX-603,TX-604,TX-611,UT-504,VA-502,VA-508,VI-500,VT-500,VT-501,WA-502,WI-502,WI-503,WV-501,WV-503,WY-500","{""pit_sheltered"":72656.0,""pit_total"":122895.0,""pit_unsheltered"":50239.0}",block_population,pl_94_171_block_population,2020,2023,2020,2020,census_msa_2023,msa_fractional_rollup_population_basis_pit2020_vintage
13,40140,40140,"Riverside-San Bernardino-Ontario, CA",4599839,2020,6009.863945870301,1464.2433106440512,4545.62063522625,3,3,0,,1.0,0.9999997178636837,1.999980910183098,1.999980910183098,187,"AK-500,AK-501,AL-501,AL-502,AL-503,AL-504,AL-505,AL-506,AR-500,AR-501,AR-505,AZ-501,CA-504,CA-508,CA-509,CA-510,CA-511,CA-513,CA-516,CA-517,CA-518,CA-519,CA-520,CA-522,CA-523,CA-524,CA-526,CA-527,CA-529,CA-530,CA-531,CA-603,CA-604,CA-613,CA-614,CO-504,CO-505,FL-500,FL-503,FL-504,FL-505,FL-506,FL-508,FL-509,FL-511,FL-513,FL-514,FL-515,FL-517,FL-518,FL-602,FL-603,FL-604,FL-606,GA-503,GA-504,GA-505,GA-507,GU-500,HI-500,HI-501,IA-500,IA-501,IA-502,ID-500,ID-501,IL-503,IL-507,IL-512,IL-513,IL-516,IL-518,KS-502,KS-503,KY-502,LA-500,LA-502,LA-503,LA-505,LA-506,LA-507,LA-509,MA-503,MA-504,MA-507,MD-500,MD-507,MD-508,MD-510,MD-512,MD-513,MI-506,MI-507,MI-508,MI-509,MI-510,MI-511,MI-512,MI-514,MI-515,MI-516,MI-517,MI-519,MI-523,MN-504,MN-506,MN-508,MN-509,MO-600,MO-602,MO-603,MP-500,MS-500,MS-503,MT-500,NC-500,NC-501,NC-504,NC-506,NC-511,NC-513,NC-516,ND-500,NE-500,NE-501,NE-502,NH-501,NH-502,NJ-500,NJ-514,NM-500,NM-501,NV-501,NV-502,NY-500,NY-501,NY-503,NY-505,NY-507,NY-510,NY-511,NY-512,NY-513,NY-514,NY-518,NY-519,NY-520,NY-522,NY-523,NY-608,OH-501,OH-506,OH-508,OK-501,OK-505,OR-500,OR-502,OR-503,OR-504,PA-501,PA-503,PA-506,PA-508,PA-509,PA-510,SC-500,SC-503,SD-500,TN-500,TN-502,TN-509,TN-512,TX-603,TX-604,TX-611,UT-504,VA-502,VA-508,VI-500,VT-500,VT-501,WA-502,WI-502,WI-503,WV-501,WV-503,WY-500","{""pit_sheltered"":72656.0,""pit_total"":122895.0,""pit_unsheltered"":50239.0}",block_population,pl_94_171_block_population,2020,2023,2020,2020,census_msa_2023,msa_fractional_rollup_population_basis_pit2020_vintage
14,19820,19820,"Detroit-Warren-Dearborn, MI",4392041,2020,2758.7478101240995,2448.0769024432116,310.67090768088815,7,7,0,,1.0,0.9996772440576123,5.102441930059543,5.102441930059543,187,"AK-500,AK-501,AL-501,AL-502,AL-503,AL-504,AL-505,AL-506,AR-500,AR-501,AR-505,AZ-501,CA-504,CA-508,CA-509,CA-510,CA-511,CA-513,CA-516,CA-517,CA-518,CA-519,CA-520,CA-522,CA-523,CA-524,CA-526,CA-527,CA-529,CA-530,CA-531,CA-603,CA-604,CA-613,CA-614,CO-504,CO-505,FL-500,FL-503,FL-504,FL-505,FL-506,FL-508,FL-509,FL-511,FL-513,FL-514,FL-515,FL-517,FL-518,FL-602,FL-603,FL-604,FL-606,GA-503,GA-504,GA-505,GA-507,GU-500,HI-500,HI-501,IA-500,IA-501,IA-502,ID-500,ID-501,IL-503,IL-507,IL-512,IL-513,IL-516,IL-518,KS-502,KS-503,KY-502,LA-500,LA-502,LA-503,LA-505,LA-506,LA-507,LA-509,MA-503,MA-504,MA-507,MD-500,MD-507,MD-508,MD-510,MD-512,MD-513,MI-506,MI-507,MI-508,MI-509,MI-510,MI-511,MI-512,MI-514,MI-515,MI-516,MI-517,MI-519,MI-523,MN-504,MN-506,MN-508,MN-509,MO-600,MO-602,MO-603,MP-500,MS-500,MS-503,MT-500,NC-500,NC-501,NC-504,NC-506,NC-511,NC-513,NC-516,ND-500,NE-500,NE-501,NE-502,NH-501,NH-502,NJ-500,NJ-514,NM-500,NM-501,NV-501,NV-502,NY-500,NY-501,NY-503,NY-505,NY-507,NY-510,NY-511,NY-512,NY-513,NY-514,NY-518,NY-519,NY-520,NY-522,NY-523,NY-608,OH-501,OH-506,OH-508,OK-501,OK-505,OR-500,OR-502,OR-503,OR-504,PA-501,PA-503,PA-506,PA-508,PA-509,PA-510,SC-500,SC-503,SD-500,TN-500,TN-502,TN-509,TN-512,TX-603,TX-604,TX-611,UT-504,VA-502,VA-508,VI-500,VT-500,VT-501,WA-502,WI-502,WI-503,WV-501,WV-503,WY-500","{""pit_sheltered"":72656.0,""pit_total"":122895.0,""pit_unsheltered"":50239.0}",block_population,pl_94_171_block_population,2020,2023,2020,2020,census_msa_2023,msa_fractional_rollup_population_basis_pit2020_vintage
15,42660,42660,"Seattle-Tacoma-Bellevue, WA",4018762,2020,14779.99999854824,7614.999999247719,7164.999999300519,3,3,0,,1.0,0.99963006056689,2.999999999234703,2.999999999234703,187,"AK-500,AK-501,AL-501,AL-502,AL-503,AL-504,AL-505,AL-506,AR-500,AR-501,AR-505,AZ-501,CA-504,CA-508,CA-509,CA-510,CA-511,CA-513,CA-516,CA-517,CA-518,CA-519,CA-520,CA-522,CA-523,CA-524,CA-526,CA-527,CA-529,CA-530,CA-531,CA-603,CA-604,CA-613,CA-614,CO-504,CO-505,FL-500,FL-503,FL-504,FL-505,FL-506,FL-508,FL-509,FL-511,FL-513,FL-514,FL-515,FL-517,FL-518,FL-602,FL-603,FL-604,FL-606,GA-503,GA-504,GA-505,GA-507,GU-500,HI-500,HI-501,IA-500,IA-501,IA-502,ID-500,ID-501,IL-503,IL-507,IL-512,IL-513,IL-516,IL-518,KS-502,KS-503,KY-502,LA-500,LA-502,LA-503,LA-505,LA-506,LA-507,LA-509,MA-503,MA-504,MA-507,MD-500,MD-507,MD-508,MD-510,MD-512,MD-513,MI-506,MI-507,MI-508,MI-509,MI-510,MI-511,MI-512,MI-514,MI-515,MI-516,MI-517,MI-519,MI-523,MN-504,MN-506,MN-508,MN-509,MO-600,MO-602,MO-603,MP-500,MS-500,MS-503,MT-500,NC-500,NC-501,NC-504,NC-506,NC-511,NC-513,NC-516,ND-500,NE-500,NE-501,NE-502,NH-501,NH-502,NJ-500,NJ-514,NM-500,NM-501,NV-501,NV-502,NY-500,NY-501,NY-503,NY-505,NY-507,NY-510,NY-511,NY-512,NY-513,NY-514,NY-518,NY-519,NY-520,NY-522,NY-523,NY-608,OH-501,OH-506,OH-508,OK-501,OK-505,OR-500,OR-502,OR-503,OR-504,PA-501,PA-503,PA-506,PA-508,PA-509,PA-510,SC-500,SC-503,SD-500,TN-500,TN-502,TN-509,TN-512,TX-603,TX-604,TX-611,UT-504,VA-502,VA-508,VI-500,VT-500,VT-501,WA-502,WI-502,WI-503,WV-501,WV-503,WY-500","{""pit_sheltered"":72656.0,""pit_total"":122895.0,""pit_unsheltered"":50239.0}",block_population,pl_94_171_block_population,2020,2023,2020,2020,census_msa_2023,msa_fractional_rollup_population_basis_pit2020_vintage
16,33460,33460,"Minneapolis-St. Paul-Bloomington, MN-WI",3690261,2020,5744.133875296058,4426.28475210916,1317.8491231868977,7,7,0,,1.0,0.9999999535306222,3.5275989265137184,3.5275989265137184,187,"AK-500,AK-501,AL-501,AL-502,AL-503,AL-504,AL-505,AL-506,AR-500,AR-501,AR-505,AZ-501,CA-504,CA-508,CA-509,CA-510,CA-511,CA-513,CA-516,CA-517,CA-518,CA-519,CA-520,CA-522,CA-523,CA-524,CA-526,CA-527,CA-529,CA-530,CA-531,CA-603,CA-604,CA-613,CA-614,CO-504,CO-505,FL-500,FL-503,FL-504,FL-505,FL-506,FL-508,FL-509,FL-511,FL-513,FL-514,FL-515,FL-517,FL-518,FL-602,FL-603,FL-604,FL-606,GA-503,GA-504,GA-505,GA-507,GU-500,HI-500,HI-501,IA-500,IA-501,IA-502,ID-500,ID-501,IL-503,IL-507,IL-512,IL-513,IL-516,IL-518,KS-502,KS-503,KY-502,LA-500,LA-502,LA-503,LA-505,LA-506,LA-507,LA-509,MA-503,MA-504,MA-507,MD-500,MD-507,MD-508,MD-510,MD-512,MD-513,MI-506,MI-507,MI-508,MI-509,MI-510,MI-511,MI-512,MI-514,MI-515,MI-516,MI-517,MI-519,MI-523,MN-504,MN-506,MN-508,MN-509,MO-600,MO-602,MO-603,MP-500,MS-500,MS-503,MT-500,NC-500,NC-501,NC-504,NC-506,NC-511,NC-513,NC-516,ND-500,NE-500,NE-501,NE-502,NH-501,NH-502,NJ-500,NJ-514,NM-500,NM-501,NV-501,NV-502,NY-500,NY-501,NY-503,NY-505,NY-507,NY-510,NY-511,NY-512,NY-513,NY-514,NY-518,NY-519,NY-520,NY-522,NY-523,NY-608,OH-501,OH-506,OH-508,OK-501,OK-505,OR-500,OR-502,OR-503,OR-504,PA-501,PA-503,PA-506,PA-508,PA-509,PA-510,SC-500,SC-503,SD-500,TN-500,TN-502,TN-509,TN-512,TX-603,TX-604,TX-611,UT-504,VA-502,VA-508,VI-500,VT-500,VT-501,WA-502,WI-502,WI-503,WV-501,WV-503,WY-500","{""pit_sheltered"":72656.0,""pit_total"":122895.0,""pit_unsheltered"":50239.0}",block_population,pl_94_171_block_population,2020,2023,2020,2020,census_msa_2023,msa_fractional_rollup_population_basis_pit2020_vintage
17,41740,41740,"San Diego-Chula Vista-Carlsbad, CA",3298634,2020,7637.979609067262,3666.990210323337,3970.9893987439245,1,1,0,,1.0,0.9993211607239528,0.99999733033088,0.99999733033088,187,"AK-500,AK-501,AL-501,AL-502,AL-503,AL-504,AL-505,AL-506,AR-500,AR-501,AR-505,AZ-501,CA-504,CA-508,CA-509,CA-510,CA-511,CA-513,CA-516,CA-517,CA-518,CA-519,CA-520,CA-522,CA-523,CA-524,CA-526,CA-527,CA-529,CA-530,CA-531,CA-603,CA-604,CA-613,CA-614,CO-504,CO-505,FL-500,FL-503,FL-504,FL-505,FL-506,FL-508,FL-509,FL-511,FL-513,FL-514,FL-515,FL-517,FL-518,FL-602,FL-603,FL-604,FL-606,GA-503,GA-504,GA-505,GA-507,GU-500,HI-500,HI-501,IA-500,IA-501,IA-502,ID-500,ID-501,IL-503,IL-507,IL-512,IL-513,IL-516,IL-518,KS-502,KS-503,KY-502,LA-500,LA-502,LA-503,LA-505,LA-506,LA-507,LA-509,MA-503,MA-504,MA-507,MD-500,MD-507,MD-508,MD-510,MD-512,MD-513,MI-506,MI-507,MI-508,MI-509,MI-510,MI-511,MI-512,MI-514,MI-515,MI-516,MI-517,MI-519,MI-523,MN-504,MN-506,MN-508,MN-509,MO-600,MO-602,MO-603,MP-500,MS-500,MS-503,MT-500,NC-500,NC-501,NC-504,NC-506,NC-511,NC-513,NC-516,ND-500,NE-500,NE-501,NE-502,NH-501,NH-502,NJ-500,NJ-514,NM-500,NM-501,NV-501,NV-502,NY-500,NY-501,NY-503,NY-505,NY-507,NY-510,NY-511,NY-512,NY-513,NY-514,NY-518,NY-519,NY-520,NY-522,NY-523,NY-608,OH-501,OH-506,OH-508,OK-501,OK-505,OR-500,OR-502,OR-503,OR-504,PA-501,PA-503,PA-506,PA-508,PA-509,PA-510,SC-500,SC-503,SD-500,TN-500,TN-502,TN-509,TN-512,TX-603,TX-604,TX-611,UT-504,VA-502,VA-508,VI-500,VT-500,VT-501,WA-502,WI-502,WI-503,WV-501,WV-503,WY-500","{""pit_sheltered"":72656.0,""pit_total"":122895.0,""pit_unsheltered"":50239.0}",block_population,pl_94_171_block_population,2020,2023,2020,2020,census_msa_2023,msa_fractional_rollup_population_basis_pit2020_vintage
18,45300,45300,"Tampa-St. Petersburg-Clearwater, FL",3175275,2020,4734.608310603961,2530.946968219762,2203.6613423841995,4,4,0,,1.0,0.9827718943822619,3.2256163735476715,3.2256163735476715,187,"AK-500,AK-501,AL-501,AL-502,AL-503,AL-504,AL-505,AL-506,AR-500,AR-501,AR-505,AZ-501,CA-504,CA-508,CA-509,CA-510,CA-511,CA-513,CA-516,CA-517,CA-518,CA-519,CA-520,CA-522,CA-523,CA-524,CA-526,CA-527,CA-529,CA-530,CA-531,CA-603,CA-604,CA-613,CA-614,CO-504,CO-505,FL-500,FL-503,FL-504,FL-505,FL-506,FL-508,FL-509,FL-511,FL-513,FL-514,FL-515,FL-517,FL-518,FL-602,FL-603,FL-604,FL-606,GA-503,GA-504,GA-505,GA-507,GU-500,HI-500,HI-501,IA-500,IA-501,IA-502,ID-500,ID-501,IL-503,IL-507,IL-512,IL-513,IL-516,IL-518,KS-502,KS-503,KY-502,LA-500,LA-502,LA-503,LA-505,LA-506,LA-507,LA-509,MA-503,MA-504,MA-507,MD-500,MD-507,MD-508,MD-510,MD-512,MD-513,MI-506,MI-507,MI-508,MI-509,MI-510,MI-511,MI-512,MI-514,MI-515,MI-516,MI-517,MI-519,MI-523,MN-504,MN-506,MN-508,MN-509,MO-600,MO-602,MO-603,MP-500,MS-500,MS-503,MT-500,NC-500,NC-501,NC-504,NC-506,NC-511,NC-513,NC-516,ND-500,NE-500,NE-501,NE-502,NH-501,NH-502,NJ-500,NJ-514,NM-500,NM-501,NV-501,NV-502,NY-500,NY-501,NY-503,NY-505,NY-507,NY-510,NY-511,NY-512,NY-513,NY-514,NY-518,NY-519,NY-520,NY-522,NY-523,NY-608,OH-501,OH-506,OH-508,OK-501,OK-505,OR-500,OR-502,OR-503,OR-504,PA-501,PA-503,PA-506,PA-508,PA-509,PA-510,SC-500,SC-503,SD-500,TN-500,TN-502,TN-509,TN-512,TX-603,TX-604,TX-611,UT-504,VA-502,VA-508,VI-500,VT-500,VT-501,WA-502,WI-502,WI-503,WV-501,WV-503,WY-500","{""pit_sheltered"":72656.0,""pit_total"":122895.0,""pit_unsheltered"":50239.0}",block_population,pl_94_171_block_population,2020,2023,2020,2020,census_msa_2023,msa_fractional_rollup_population_basis_pit2020_vintage
19,19740,19740,"Denver-Aurora-Centennial, CO",2963821,2020,5550.681168717863,4111.316752592983,1439.3644161248803,2,2,0,,1.0,0.9788371518685359,0.9476930083834764,0.9476930083834764,187,"AK-500,AK-501,AL-501,AL-502,AL-503,AL-504,AL-505,AL-506,AR-500,AR-501,AR-505,AZ-501,CA-504,CA-508,CA-509,CA-510,CA-511,CA-513,CA-516,CA-517,CA-518,CA-519,CA-520,CA-522,CA-523,CA-524,CA-526,CA-527,CA-529,CA-530,CA-531,CA-603,CA-604,CA-613,CA-614,CO-504,CO-505,FL-500,FL-503,FL-504,FL-505,FL-506,FL-508,FL-509,FL-511,FL-513,FL-514,FL-515,FL-517,FL-518,FL-602,FL-603,FL-604,FL-606,GA-503,GA-504,GA-505,GA-507,GU-500,HI-500,HI-501,IA-500,IA-501,IA-502,ID-500,ID-501,IL-503,IL-507,IL-512,IL-513,IL-516,IL-518,KS-502,KS-503,KY-502,LA-500,LA-502,LA-503,LA-505,LA-506,LA-507,LA-509,MA-503,MA-504,MA-507,MD-500,MD-507,MD-508,MD-510,MD-512,MD-513,MI-506,MI-507,MI-508,MI-509,MI-510,MI-511,MI-512,MI-514,MI-515,MI-516,MI-517,MI-519,MI-523,MN-504,MN-506,MN-508,MN-509,MO-600,MO-602,MO-603,MP-500,MS-500,MS-503,MT-500,NC-500,NC-501,NC-504,NC-506,NC-511,NC-513,NC-516,ND-500,NE-500,NE-501,NE-502,NH-501,NH-502,NJ-500,NJ-514,NM-500,NM-501,NV-501,NV-502,NY-500,NY-501,NY-503,NY-505,NY-507,NY-510,NY-511,NY-512,NY-513,NY-514,NY-518,NY-519,NY-520,NY-522,NY-523,NY-608,OH-501,OH-506,OH-508,OK-501,OK-505,OR-500,OR-502,OR-503,OR-504,PA-501,PA-503,PA-506,PA-508,PA-509,PA-510,SC-500,SC-503,SD-500,TN-500,TN-502,TN-509,TN-512,TX-603,TX-604,TX-611,UT-504,VA-502,VA-508,VI-500,VT-500,VT-501,WA-502,WI-502,WI-503,WV-501,WV-503,WY-500","{""pit_sheltered"":72656.0,""pit_total"":122895.0,""pit_unsheltered"":50239.0}",block_population,pl_94_171_block_population,2020,2023,2020,2020,census_msa_2023,msa_fractional_rollup_population_basis_pit2020_vintage
20,12580,12580,"Baltimore-Columbia-Towson, MD",2844510,2020,4074.2743632398524,3328.1999316642477,746.0744315756049,10,10,0,,1.0,0.9988226612704172,7.288359869148328,7.288359869148328,187,"AK-500,AK-501,AL-501,AL-502,AL-503,AL-504,AL-505,AL-506,AR-500,AR-501,AR-505,AZ-501,CA-504,CA-508,CA-509,CA-510,CA-511,CA-513,CA-516,CA-517,CA-518,CA-519,CA-520,CA-522,CA-523,CA-524,CA-526,CA-527,CA-529,CA-530,CA-531,CA-603,CA-604,CA-613,CA-614,CO-504,CO-505,FL-500,FL-503,FL-504,FL-505,FL-506,FL-508,FL-509,FL-511,FL-513,FL-514,FL-515,FL-517,FL-518,FL-602,FL-603,FL-604,FL-606,GA-503,GA-504,GA-505,GA-507,GU-500,HI-500,HI-501,IA-500,IA-501,IA-502,ID-500,ID-501,IL-503,IL-507,IL-512,IL-513,IL-516,IL-518,KS-502,KS-503,KY-502,LA-500,LA-502,LA-503,LA-505,LA-506,LA-507,LA-509,MA-503,MA-504,MA-507,MD-500,MD-507,MD-508,MD-510,MD-512,MD-513,MI-506,MI-507,MI-508,MI-509,MI-510,MI-511,MI-512,MI-514,MI-515,MI-516,MI-517,MI-519,MI-523,MN-504,MN-506,MN-508,MN-509,MO-600,MO-602,MO-603,MP-500,MS-500,MS-503,MT-500,NC-500,NC-501,NC-504,NC-506,NC-511,NC-513,NC-516,ND-500,NE-500,NE-501,NE-502,NH-501,NH-502,NJ-500,NJ-514,NM-500,NM-501,NV-501,NV-502,NY-500,NY-501,NY-503,NY-505,NY-507,NY-510,NY-511,NY-512,NY-513,NY-514,NY-518,NY-519,NY-520,NY-522,NY-523,NY-608,OH-501,OH-506,OH-508,OK-501,OK-505,OR-500,OR-502,OR-503,OR-504,PA-501,PA-503,PA-506,PA-508,PA-509,PA-510,SC-500,SC-503,SD-500,TN-500,TN-502,TN-509,TN-512,TX-603,TX-604,TX-611,UT-504,VA-502,VA-508,VI-500,VT-500,VT-501,WA-502,WI-502,WI-503,WV-501,WV-503,WY-500","{""pit_sheltered"":72656.0,""pit_total"":122895.0,""pit_unsheltered"":50239.0}",block_population,pl_94_171_block_population,2020,2023,2020,2020,census_msa_2023,msa_fractional_rollup_population_basis_pit2020_vintage
21,41180,41180,"St. Louis, MO-IL",2820253,2020,2750.240171876607,2138.929263212139,611.3109086644679,9,9,0,,1.0,1.0,5.437835078828498,5.437835078828498,187,"AK-500,AK-501,AL-501,AL-502,AL-503,AL-504,AL-505,AL-506,AR-500,AR-501,AR-505,AZ-501,CA-504,CA-508,CA-509,CA-510,CA-511,CA-513,CA-516,CA-517,CA-518,CA-519,CA-520,CA-522,CA-523,CA-524,CA-526,CA-527,CA-529,CA-530,CA-531,CA-603,CA-604,CA-613,CA-614,CO-504,CO-505,FL-500,FL-503,FL-504,FL-505,FL-506,FL-508,FL-509,FL-511,FL-513,FL-514,FL-515,FL-517,FL-518,FL-602,FL-603,FL-604,FL-606,GA-503,GA-504,GA-505,GA-507,GU-500,HI-500,HI-501,IA-500,IA-501,IA-502,ID-500,ID-501,IL-503,IL-507,IL-512,IL-513,IL-516,IL-518,KS-502,KS-503,KY-502,LA-500,LA-502,LA-503,LA-505,LA-506,LA-507,LA-509,MA-503,MA-504,MA-507,MD-500,MD-507,MD-508,MD-510,MD-512,MD-513,MI-506,MI-507,MI-508,MI-509,MI-510,MI-511,MI-512,MI-514,MI-515,MI-516,MI-517,MI-519,MI-523,MN-504,MN-506,MN-508,MN-509,MO-600,MO-602,MO-603,MP-500,MS-500,MS-503,MT-500,NC-500,NC-501,NC-504,NC-506,NC-511,NC-513,NC-516,ND-500,NE-500,NE-501,NE-502,NH-501,NH-502,NJ-500,NJ-514,NM-500,NM-501,NV-501,NV-502,NY-500,NY-501,NY-503,NY-505,NY-507,NY-510,NY-511,NY-512,NY-513,NY-514,NY-518,NY-519,NY-520,NY-522,NY-523,NY-608,OH-501,OH-506,OH-508,OK-501,OK-505,OR-500,OR-502,OR-503,OR-504,PA-501,PA-503,PA-506,PA-508,PA-509,PA-510,SC-500,SC-503,SD-500,TN-500,TN-502,TN-509,TN-512,TX-603,TX-604,TX-611,UT-504,VA-502,VA-508,VI-500,VT-500,VT-501,WA-502,WI-502,WI-503,WV-501,WV-503,WY-500","{""pit_sheltered"":72656.0,""pit_total"":122895.0,""pit_unsheltered"":50239.0}",block_population,pl_94_171_block_population,2020,2023,2020,2020,census_msa_2023,msa_fractional_rollup_population_basis_pit2020_vintage
22,36740,36740,"Orlando-Kissimmee-Sanford, FL",2673376,2020,2320.125426601304,1672.2702436292398,647.8551829720639,2,2,0,,1.0,0.9787996222022551,1.4454131693792356,1.4454131693792356,187,"AK-500,AK-501,AL-501,AL-502,AL-503,AL-504,AL-505,AL-506,AR-500,AR-501,AR-505,AZ-501,CA-504,CA-508,CA-509,CA-510,CA-511,CA-513,CA-516,CA-517,CA-518,CA-519,CA-520,CA-522,CA-523,CA-524,CA-526,CA-527,CA-529,CA-530,CA-531,CA-603,CA-604,CA-613,CA-614,CO-504,CO-505,FL-500,FL-503,FL-504,FL-505,FL-506,FL-508,FL-509,FL-511,FL-513,FL-514,FL-515,FL-517,FL-518,FL-602,FL-603,FL-604,FL-606,GA-503,GA-504,GA-505,GA-507,GU-500,HI-500,HI-501,IA-500,IA-501,IA-502,ID-500,ID-501,IL-503,IL-507,IL-512,IL-513,IL-516,IL-518,KS-502,KS-503,KY-502,LA-500,LA-502,LA-503,LA-505,LA-506,LA-507,LA-509,MA-503,MA-504,MA-507,MD-500,MD-507,MD-508,MD-510,MD-512,MD-513,MI-506,MI-507,MI-508,MI-509,MI-510,MI-511,MI-512,MI-514,MI-515,MI-516,MI-517,MI-519,MI-523,MN-504,MN-506,MN-508,MN-509,MO-600,MO-602,MO-603,MP-500,MS-500,MS-503,MT-500,NC-500,NC-501,NC-504,NC-506,NC-511,NC-513,NC-516,ND-500,NE-500,NE-501,NE-502,NH-501,NH-502,NJ-500,NJ-514,NM-500,NM-501,NV-501,NV-502,NY-500,NY-501,NY-503,NY-505,NY-507,NY-510,NY-511,NY-512,NY-513,NY-514,NY-518,NY-519,NY-520,NY-522,NY-523,NY-608,OH-501,OH-506,OH-508,OK-501,OK-505,OR-500,OR-502,OR-503,OR-504,PA-501,PA-503,PA-506,PA-508,PA-509,PA-510,SC-500,SC-503,SD-500,TN-500,TN-502,TN-509,TN-512,TX-603,TX-604,TX-611,UT-504,VA-502,VA-508,VI-500,VT-500,VT-501,WA-502,WI-502,WI-503,WV-501,WV-503,WY-500","{""pit_sheltered"":72656.0,""pit_total"":122895.0,""pit_unsheltered"":50239.0}",block_population,pl_94_171_block_population,2020,2023,2020,2020,census_msa_2023,msa_fractional_rollup_population_basis_pit2020_vintage
23,16740,16740,"Charlotte-Concord-Gastonia, NC-SC",2660329,2020,2673.601073436674,2086.7262364629178,586.8748369737561,5,5,0,,1.0,1.0,2.195081109525465,2.195081109525465,187,"AK-500,AK-501,AL-501,AL-502,AL-503,AL-504,AL-505,AL-506,AR-500,AR-501,AR-505,AZ-501,CA-504,CA-508,CA-509,CA-510,CA-511,CA-513,CA-516,CA-517,CA-518,CA-519,CA-520,CA-522,CA-523,CA-524,CA-526,CA-527,CA-529,CA-530,CA-531,CA-603,CA-604,CA-613,CA-614,CO-504,CO-505,FL-500,FL-503,FL-504,FL-505,FL-506,FL-508,FL-509,FL-511,FL-513,FL-514,FL-515,FL-517,FL-518,FL-602,FL-603,FL-604,FL-606,GA-503,GA-504,GA-505,GA-507,GU-500,HI-500,HI-501,IA-500,IA-501,IA-502,ID-500,ID-501,IL-503,IL-507,IL-512,IL-513,IL-516,IL-518,KS-502,KS-503,KY-502,LA-500,LA-502,LA-503,LA-505,LA-506,LA-507,LA-509,MA-503,MA-504,MA-507,MD-500,MD-507,MD-508,MD-510,MD-512,MD-513,MI-506,MI-507,MI-508,MI-509,MI-510,MI-511,MI-512,MI-514,MI-515,MI-516,MI-517,MI-519,MI-523,MN-504,MN-506,MN-508,MN-509,MO-600,MO-602,MO-603,MP-500,MS-500,MS-503,MT-500,NC-500,NC-501,NC-504,NC-506,NC-511,NC-513,NC-516,ND-500,NE-500,NE-501,NE-502,NH-501,NH-502,NJ-500,NJ-514,NM-500,NM-501,NV-501,NV-502,NY-500,NY-501,NY-503,NY-505,NY-507,NY-510,NY-511,NY-512,NY-513,NY-514,NY-518,NY-519,NY-520,NY-522,NY-523,NY-608,OH-501,OH-506,OH-508,OK-501,OK-505,OR-500,OR-502,OR-503,OR-504,PA-501,PA-503,PA-506,PA-508,PA-509,PA-510,SC-500,SC-503,SD-500,TN-500,TN-502,TN-509,TN-512,TX-603,TX-604,TX-611,UT-504,VA-502,VA-508,VI-500,VT-500,VT-501,WA-502,WI-502,WI-503,WV-501,WV-503,WY-500","{""pit_sheltered"":72656.0,""pit_total"":122895.0,""pit_unsheltered"":50239.0}",block_population,pl_94_171_block_population,2020,2023,2020,2020,census_msa_2023,msa_fractional_rollup_population_basis_pit2020_vintage
24,41700,41700,"San Antonio-New Braunfels, TX",2558143,2020,3350.3604371190904,1814.1460513839788,1536.2143857351116,2,2,0,,1.0,1.0,1.0454838483495423,1.0454838483495423,187,"AK-500,AK-501,AL-501,AL-502,AL-503,AL-504,AL-505,AL-506,AR-500,AR-501,AR-505,AZ-501,CA-504,CA-508,CA-509,CA-510,CA-511,CA-513,CA-516,CA-517,CA-518,CA-519,CA-520,CA-522,CA-523,CA-524,CA-526,CA-527,CA-529,CA-530,CA-531,CA-603,CA-604,CA-613,CA-614,CO-504,CO-505,FL-500,FL-503,FL-504,FL-505,FL-506,FL-508,FL-509,FL-511,FL-513,FL-514,FL-515,FL-517,FL-518,FL-602,FL-603,FL-604,FL-606,GA-503,GA-504,GA-505,GA-507,GU-500,HI-500,HI-501,IA-500,IA-501,IA-502,ID-500,ID-501,IL-503,IL-507,IL-512,IL-513,IL-516,IL-518,KS-502,KS-503,KY-502,LA-500,LA-502,LA-503,LA-505,LA-506,LA-507,LA-509,MA-503,MA-504,MA-507,MD-500,MD-507,MD-508,MD-510,MD-512,MD-513,MI-506,MI-507,MI-508,MI-509,MI-510,MI-511,MI-512,MI-514,MI-515,MI-516,MI-517,MI-519,MI-523,MN-504,MN-506,MN-508,MN-509,MO-600,MO-602,MO-603,MP-500,MS-500,MS-503,MT-500,NC-500,NC-501,NC-504,NC-506,NC-511,NC-513,NC-516,ND-500,NE-500,NE-501,NE-502,NH-501,NH-502,NJ-500,NJ-514,NM-500,NM-501,NV-501,NV-502,NY-500,NY-501,NY-503,NY-505,NY-507,NY-510,NY-511,NY-512,NY-513,NY-514,NY-518,NY-519,NY-520,NY-522,NY-523,NY-608,OH-501,OH-506,OH-508,OK-501,OK-505,OR-500,OR-502,OR-503,OR-504,PA-501,PA-503,PA-506,PA-508,PA-509,PA-510,SC-500,SC-503,SD-500,TN-500,TN-502,TN-509,TN-512,TX-603,TX-604,TX-611,UT-504,VA-502,VA-508,VI-500,VT-500,VT-501,WA-502,WI-502,WI-503,WV-501,WV-503,WY-500","{""pit_sheltered"":72656.0,""pit_total"":122895.0,""pit_unsheltered"":50239.0}",block_population,pl_94_171_block_population,2020,2023,2020,2020,census_msa_2023,msa_fractional_rollup_population_basis_pit2020_vintage
25,38900,38900,"Portland-Vancouver-Hillsboro, OR-WA",2512859,2020,6886.740409396987,3179.067061671189,3707.6733477257976,6,6,0,,1.0,0.9999983900859499,4.136161923505846,4.136161923505846,187,"AK-500,AK-501,AL-501,AL-502,AL-503,AL-504,AL-505,AL-506,AR-500,AR-501,AR-505,AZ-501,CA-504,CA-508,CA-509,CA-510,CA-511,CA-513,CA-516,CA-517,CA-518,CA-519,CA-520,CA-522,CA-523,CA-524,CA-526,CA-527,CA-529,CA-530,CA-531,CA-603,CA-604,CA-613,CA-614,CO-504,CO-505,FL-500,FL-503,FL-504,FL-505,FL-506,FL-508,FL-509,FL-511,FL-513,FL-514,FL-515,FL-517,FL-518,FL-602,FL-603,FL-604,FL-606,GA-503,GA-504,GA-505,GA-507,GU-500,HI-500,HI-501,IA-500,IA-501,IA-502,ID-500,ID-501,IL-503,IL-507,IL-512,IL-513,IL-516,IL-518,KS-502,KS-503,KY-502,LA-500,LA-502,LA-503,LA-505,LA-506,LA-507,LA-509,MA-503,MA-504,MA-507,MD-500,MD-507,MD-508,MD-510,MD-512,MD-513,MI-506,MI-507,MI-508,MI-509,MI-510,MI-511,MI-512,MI-514,MI-515,MI-516,MI-517,MI-519,MI-523,MN-504,MN-506,MN-508,MN-509,MO-600,MO-602,MO-603,MP-500,MS-500,MS-503,MT-500,NC-500,NC-501,NC-504,NC-506,NC-511,NC-513,NC-516,ND-500,NE-500,NE-501,NE-502,NH-501,NH-502,NJ-500,NJ-514,NM-500,NM-501,NV-501,NV-502,NY-500,NY-501,NY-503,NY-505,NY-507,NY-510,NY-511,NY-512,NY-513,NY-514,NY-518,NY-519,NY-520,NY-522,NY-523,NY-608,OH-501,OH-506,OH-508,OK-501,OK-505,OR-500,OR-502,OR-503,OR-504,PA-501,PA-503,PA-506,PA-508,PA-509,PA-510,SC-500,SC-503,SD-500,TN-500,TN-502,TN-509,TN-512,TX-603,TX-604,TX-611,UT-504,VA-502,VA-508,VI-500,VT-500,VT-501,WA-502,WI-502,WI-503,WV-501,WV-503,WY-500","{""pit_sheltered"":72656.0,""pit_total"":122895.0,""pit_unsheltered"":50239.0}",block_population,pl_94_171_block_population,2020,2023,2020,2020,census_msa_2023,msa_fractional_rollup_population_basis_pit2020_vintage
26,38300,38300,"Pittsburgh, PA",2457000,2020,1641.093764893096,1409.0957643518254,231.99800054127076,5,5,0,,1.0,0.9999998826729154,4.304383806340995,4.304383806340995,187,"AK-500,AK-501,AL-501,AL-502,AL-503,AL-504,AL-505,AL-506,AR-500,AR-501,AR-505,AZ-501,CA-504,CA-508,CA-509,CA-510,CA-511,CA-513,CA-516,CA-517,CA-518,CA-519,CA-520,CA-522,CA-523,CA-524,CA-526,CA-527,CA-529,CA-530,CA-531,CA-603,CA-604,CA-613,CA-614,CO-504,CO-505,FL-500,FL-503,FL-504,FL-505,FL-506,FL-508,FL-509,FL-511,FL-513,FL-514,FL-515,FL-517,FL-518,FL-602,FL-603,FL-604,FL-606,GA-503,GA-504,GA-505,GA-507,GU-500,HI-500,HI-501,IA-500,IA-501,IA-502,ID-500,ID-501,IL-503,IL-507,IL-512,IL-513,IL-516,IL-518,KS-502,KS-503,KY-502,LA-500,LA-502,LA-503,LA-505,LA-506,LA-507,LA-509,MA-503,MA-504,MA-507,MD-500,MD-507,MD-508,MD-510,MD-512,MD-513,MI-506,MI-507,MI-508,MI-509,MI-510,MI-511,MI-512,MI-514,MI-515,MI-516,MI-517,MI-519,MI-523,MN-504,MN-506,MN-508,MN-509,MO-600,MO-602,MO-603,MP-500,MS-500,MS-503,MT-500,NC-500,NC-501,NC-504,NC-506,NC-511,NC-513,NC-516,ND-500,NE-500,NE-501,NE-502,NH-501,NH-502,NJ-500,NJ-514,NM-500,NM-501,NV-501,NV-502,NY-500,NY-501,NY-503,NY-505,NY-507,NY-510,NY-511,NY-512,NY-513,NY-514,NY-518,NY-519,NY-520,NY-522,NY-523,NY-608,OH-501,OH-506,OH-508,OK-501,OK-505,OR-500,OR-502,OR-503,OR-504,PA-501,PA-503,PA-506,PA-508,PA-509,PA-510,SC-500,SC-503,SD-500,TN-500,TN-502,TN-509,TN-512,TX-603,TX-604,TX-611,UT-504,VA-502,VA-508,VI-500,VT-500,VT-501,WA-502,WI-502,WI-503,WV-501,WV-503,WY-500","{""pit_sheltered"":72656.0,""pit_total"":122895.0,""pit_unsheltered"":50239.0}",block_population,pl_94_171_block_population,2020,2023,2020,2020,census_msa_2023,msa_fractional_rollup_population_basis_pit2020_vintage
27,40900,40900,"Sacramento-Roseville-Folsom, CA",2397382,2020,7558.990378419691,2376.9963913821825,5181.993987037509,4,4,0,,1.0,0.9999987310899173,3.9999858311502607,3.9999858311502607,187,"AK-500,AK-501,AL-501,AL-502,AL-503,AL-504,AL-505,AL-506,AR-500,AR-501,AR-505,AZ-501,CA-504,CA-508,CA-509,CA-510,CA-511,CA-513,CA-516,CA-517,CA-518,CA-519,CA-520,CA-522,CA-523,CA-524,CA-526,CA-527,CA-529,CA-530,CA-531,CA-603,CA-604,CA-613,CA-614,CO-504,CO-505,FL-500,FL-503,FL-504,FL-505,FL-506,FL-508,FL-509,FL-511,FL-513,FL-514,FL-515,FL-517,FL-518,FL-602,FL-603,FL-604,FL-606,GA-503,GA-504,GA-505,GA-507,GU-500,HI-500,HI-501,IA-500,IA-501,IA-502,ID-500,ID-501,IL-503,IL-507,IL-512,IL-513,IL-516,IL-518,KS-502,KS-503,KY-502,LA-500,LA-502,LA-503,LA-505,LA-506,LA-507,LA-509,MA-503,MA-504,MA-507,MD-500,MD-507,MD-508,MD-510,MD-512,MD-513,MI-506,MI-507,MI-508,MI-509,MI-510,MI-511,MI-512,MI-514,MI-515,MI-516,MI-517,MI-519,MI-523,MN-504,MN-506,MN-508,MN-509,MO-600,MO-602,MO-603,MP-500,MS-500,MS-503,MT-500,NC-500,NC-501,NC-504,NC-506,NC-511,NC-513,NC-516,ND-500,NE-500,NE-501,NE-502,NH-501,NH-502,NJ-500,NJ-514,NM-500,NM-501,NV-501,NV-502,NY-500,NY-501,NY-503,NY-505,NY-507,NY-510,NY-511,NY-512,NY-513,NY-514,NY-518,NY-519,NY-520,NY-522,NY-523,NY-608,OH-501,OH-506,OH-508,OK-501,OK-505,OR-500,OR-502,OR-503,OR-504,PA-501,PA-503,PA-506,PA-508,PA-509,PA-510,SC-500,SC-503,SD-500,TN-500,TN-502,TN-509,TN-512,TX-603,TX-604,TX-611,UT-504,VA-502,VA-508,VI-500,VT-500,VT-501,WA-502,WI-502,WI-503,WV-501,WV-503,WY-500","{""pit_sheltered"":72656.0,""pit_total"":122895.0,""pit_unsheltered"":50239.0}",block_population,pl_94_171_block_population,2020,2023,2020,2020,census_msa_2023,msa_fractional_rollup_population_basis_pit2020_vintage
28,12420,12420,"Austin-Round Rock-San Marcos, TX",2283371,2020,3281.8713841231274,1221.581389793428,2060.2899943296993,3,3,0,,1.0,0.9999999991524087,1.0843602094485116,1.0843602094485116,187,"AK-500,AK-501,AL-501,AL-502,AL-503,AL-504,AL-505,AL-506,AR-500,AR-501,AR-505,AZ-501,CA-504,CA-508,CA-509,CA-510,CA-511,CA-513,CA-516,CA-517,CA-518,CA-519,CA-520,CA-522,CA-523,CA-524,CA-526,CA-527,CA-529,CA-530,CA-531,CA-603,CA-604,CA-613,CA-614,CO-504,CO-505,FL-500,FL-503,FL-504,FL-505,FL-506,FL-508,FL-509,FL-511,FL-513,FL-514,FL-515,FL-517,FL-518,FL-602,FL-603,FL-604,FL-606,GA-503,GA-504,GA-505,GA-507,GU-500,HI-500,HI-501,IA-500,IA-501,IA-502,ID-500,ID-501,IL-503,IL-507,IL-512,IL-513,IL-516,IL-518,KS-502,KS-503,KY-502,LA-500,LA-502,LA-503,LA-505,LA-506,LA-507,LA-509,MA-503,MA-504,MA-507,MD-500,MD-507,MD-508,MD-510,MD-512,MD-513,MI-506,MI-507,MI-508,MI-509,MI-510,MI-511,MI-512,MI-514,MI-515,MI-516,MI-517,MI-519,MI-523,MN-504,MN-506,MN-508,MN-509,MO-600,MO-602,MO-603,MP-500,MS-500,MS-503,MT-500,NC-500,NC-501,NC-504,NC-506,NC-511,NC-513,NC-516,ND-500,NE-500,NE-501,NE-502,NH-501,NH-502,NJ-500,NJ-514,NM-500,NM-501,NV-501,NV-502,NY-500,NY-501,NY-503,NY-505,NY-507,NY-510,NY-511,NY-512,NY-513,NY-514,NY-518,NY-519,NY-520,NY-522,NY-523,NY-608,OH-501,OH-506,OH-508,OK-501,OK-505,OR-500,OR-502,OR-503,OR-504,PA-501,PA-503,PA-506,PA-508,PA-509,PA-510,SC-500,SC-503,SD-500,TN-500,TN-502,TN-509,TN-512,TX-603,TX-604,TX-611,UT-504,VA-502,VA-508,VI-500,VT-500,VT-501,WA-502,WI-502,WI-503,WV-501,WV-503,WY-500","{""pit_sheltered"":72656.0,""pit_total"":122895.0,""pit_unsheltered"":50239.0}",block_population,pl_94_171_block_population,2020,2023,2020,2020,census_msa_2023,msa_fractional_rollup_population_basis_pit2020_vintage
29,29820,29820,"Las Vegas-Henderson-North Las Vegas, NV",2265461,2020,5282.999999993105,1821.9999999976221,3460.999999995483,1,1,0,,1.0,0.9999999991900583,0.9999999999986949,0.9999999999986949,187,"AK-500,AK-501,AL-501,AL-502,AL-503,AL-504,AL-505,AL-506,AR-500,AR-501,AR-505,AZ-501,CA-504,CA-508,CA-509,CA-510,CA-511,CA-513,CA-516,CA-517,CA-518,CA-519,CA-520,CA-522,CA-523,CA-524,CA-526,CA-527,CA-529,CA-530,CA-531,CA-603,CA-604,CA-613,CA-614,CO-504,CO-505,FL-500,FL-503,FL-504,FL-505,FL-506,FL-508,FL-509,FL-511,FL-513,FL-514,FL-515,FL-517,FL-518,FL-602,FL-603,FL-604,FL-606,GA-503,GA-504,GA-505,GA-507,GU-500,HI-500,HI-501,IA-500,IA-501,IA-502,ID-500,ID-501,IL-503,IL-507,IL-512,IL-513,IL-516,IL-518,KS-502,KS-503,KY-502,LA-500,LA-502,LA-503,LA-505,LA-506,LA-507,LA-509,MA-503,MA-504,MA-507,MD-500,MD-507,MD-508,MD-510,MD-512,MD-513,MI-506,MI-507,MI-508,MI-509,MI-510,MI-511,MI-512,MI-514,MI-515,MI-516,MI-517,MI-519,MI-523,MN-504,MN-506,MN-508,MN-509,MO-600,MO-602,MO-603,MP-500,MS-500,MS-503,MT-500,NC-500,NC-501,NC-504,NC-506,NC-511,NC-513,NC-516,ND-500,NE-500,NE-501,NE-502,NH-501,NH-502,NJ-500,NJ-514,NM-500,NM-501,NV-501,NV-502,NY-500,NY-501,NY-503,NY-505,NY-507,NY-510,NY-511,NY-512,NY-513,NY-514,NY-518,NY-519,NY-520,NY-522,NY-523,NY-608,OH-501,OH-506,OH-508,OK-501,OK-505,OR-500,OR-502,OR-503,OR-504,PA-501,PA-503,PA-506,PA-508,PA-509,PA-510,SC-500,SC-503,SD-500,TN-500,TN-502,TN-509,TN-512,TX-603,TX-604,TX-611,UT-504,VA-502,VA-508,VI-500,VT-500,VT-501,WA-502,WI-502,WI-503,WV-501,WV-503,WY-500","{""pit_sheltered"":72656.0,""pit_total"":122895.0,""pit_unsheltered"":50239.0}",block_population,pl_94_171_block_population,2020,2023,2020,2020,census_msa_2023,msa_fractional_rollup_population_basis_pit2020_vintage
30,17140,17140,"Cincinnati, OH-KY-IN",2249797,2020,1956.7400203108305,1649.2289159985914,307.51110431223924,5,5,0,,1.0,1.0,1.2985648017874412,1.2985648017874412,187,"AK-500,AK-501,AL-501,AL-502,AL-503,AL-504,AL-505,AL-506,AR-500,AR-501,AR-505,AZ-501,CA-504,CA-508,CA-509,CA-510,CA-511,CA-513,CA-516,CA-517,CA-518,CA-519,CA-520,CA-522,CA-523,CA-524,CA-526,CA-527,CA-529,CA-530,CA-531,CA-603,CA-604,CA-613,CA-614,CO-504,CO-505,FL-500,FL-503,FL-504,FL-505,FL-506,FL-508,FL-509,FL-511,FL-513,FL-514,FL-515,FL-517,FL-518,FL-602,FL-603,FL-604,FL-606,GA-503,GA-504,GA-505,GA-507,GU-500,HI-500,HI-501,IA-500,IA-501,IA-502,ID-500,ID-501,IL-503,IL-507,IL-512,IL-513,IL-516,IL-518,KS-502,KS-503,KY-502,LA-500,LA-502,LA-503,LA-505,LA-506,LA-507,LA-509,MA-503,MA-504,MA-507,MD-500,MD-507,MD-508,MD-510,MD-512,MD-513,MI-506,MI-507,MI-508,MI-509,MI-510,MI-511,MI-512,MI-514,MI-515,MI-516,MI-517,MI-519,MI-523,MN-504,MN-506,MN-508,MN-509,MO-600,MO-602,MO-603,MP-500,MS-500,MS-503,MT-500,NC-500,NC-501,NC-504,NC-506,NC-511,NC-513,NC-516,ND-500,NE-500,NE-501,NE-502,NH-501,NH-502,NJ-500,NJ-514,NM-500,NM-501,NV-501,NV-502,NY-500,NY-501,NY-503,NY-505,NY-507,NY-510,NY-511,NY-512,NY-513,NY-514,NY-518,NY-519,NY-520,NY-522,NY-523,NY-608,OH-501,OH-506,OH-508,OK-501,OK-505,OR-500,OR-502,OR-503,OR-504,PA-501,PA-503,PA-506,PA-508,PA-509,PA-510,SC-500,SC-503,SD-500,TN-500,TN-502,TN-509,TN-512,TX-603,TX-604,TX-611,UT-504,VA-502,VA-508,VI-500,VT-500,VT-501,WA-502,WI-502,WI-503,WV-501,WV-503,WY-500","{""pit_sheltered"":72656.0,""pit_total"":122895.0,""pit_unsheltered"":50239.0}",block_population,pl_94_171_block_population,2020,2023,2020,2020,census_msa_2023,msa_fractional_rollup_population_basis_pit2020_vintage
31,28140,28140,"Kansas City, MO-KS",2192035,2020,2450.207717151651,1791.9558203621982,658.251896789453,4,4,0,,1.0,0.9999999999933366,2.2231011374561183,2.2231011374561183,187,"AK-500,AK-501,AL-501,AL-502,AL-503,AL-504,AL-505,AL-506,AR-500,AR-501,AR-505,AZ-501,CA-504,CA-508,CA-509,CA-510,CA-511,CA-513,CA-516,CA-517,CA-518,CA-519,CA-520,CA-522,CA-523,CA-524,CA-526,CA-527,CA-529,CA-530,CA-531,CA-603,CA-604,CA-613,CA-614,CO-504,CO-505,FL-500,FL-503,FL-504,FL-505,FL-506,FL-508,FL-509,FL-511,FL-513,FL-514,FL-515,FL-517,FL-518,FL-602,FL-603,FL-604,FL-606,GA-503,GA-504,GA-505,GA-507,GU-500,HI-500,HI-501,IA-500,IA-501,IA-502,ID-500,ID-501,IL-503,IL-507,IL-512,IL-513,IL-516,IL-518,KS-502,KS-503,KY-502,LA-500,LA-502,LA-503,LA-505,LA-506,LA-507,LA-509,MA-503,MA-504,MA-507,MD-500,MD-507,MD-508,MD-510,MD-512,MD-513,MI-506,MI-507,MI-508,MI-509,MI-510,MI-511,MI-512,MI-514,MI-515,MI-516,MI-517,MI-519,MI-523,MN-504,MN-506,MN-508,MN-509,MO-600,MO-602,MO-603,MP-500,MS-500,MS-503,MT-500,NC-500,NC-501,NC-504,NC-506,NC-511,NC-513,NC-516,ND-500,NE-500,NE-501,NE-502,NH-501,NH-502,NJ-500,NJ-514,NM-500,NM-501,NV-501,NV-502,NY-500,NY-501,NY-503,NY-505,NY-507,NY-510,NY-511,NY-512,NY-513,NY-514,NY-518,NY-519,NY-520,NY-522,NY-523,NY-608,OH-501,OH-506,OH-508,OK-501,OK-505,OR-500,OR-502,OR-503,OR-504,PA-501,PA-503,PA-506,PA-508,PA-509,PA-510,SC-500,SC-503,SD-500,TN-500,TN-502,TN-509,TN-512,TX-603,TX-604,TX-611,UT-504,VA-502,VA-508,VI-500,VT-500,VT-501,WA-502,WI-502,WI-503,WV-501,WV-503,WY-500","{""pit_sheltered"":72656.0,""pit_total"":122895.0,""pit_unsheltered"":50239.0}",block_population,pl_94_171_block_population,2020,2023,2020,2020,census_msa_2023,msa_fractional_rollup_population_basis_pit2020_vintage
32,17410,17410,"Cleveland, OH",2185825,2020,2547.438112548506,2285.968803021147,261.469309527359,3,3,0,,1.0,0.9992919507592162,2.1274612481073785,2.1274612481073785,187,"AK-500,AK-501,AL-501,AL-502,AL-503,AL-504,AL-505,AL-506,AR-500,AR-501,AR-505,AZ-501,CA-504,CA-508,CA-509,CA-510,CA-511,CA-513,CA-516,CA-517,CA-518,CA-519,CA-520,CA-522,CA-523,CA-524,CA-526,CA-527,CA-529,CA-530,CA-531,CA-603,CA-604,CA-613,CA-614,CO-504,CO-505,FL-500,FL-503,FL-504,FL-505,FL-506,FL-508,FL-509,FL-511,FL-513,FL-514,FL-515,FL-517,FL-518,FL-602,FL-603,FL-604,FL-606,GA-503,GA-504,GA-505,GA-507,GU-500,HI-500,HI-501,IA-500,IA-501,IA-502,ID-500,ID-501,IL-503,IL-507,IL-512,IL-513,IL-516,IL-518,KS-502,KS-503,KY-502,LA-500,LA-502,LA-503,LA-505,LA-506,LA-507,LA-509,MA-503,MA-504,MA-507,MD-500,MD-507,MD-508,MD-510,MD-512,MD-513,MI-506,MI-507,MI-508,MI-509,MI-510,MI-511,MI-512,MI-514,MI-515,MI-516,MI-517,MI-519,MI-523,MN-504,MN-506,MN-508,MN-509,MO-600,MO-602,MO-603,MP-500,MS-500,MS-503,MT-500,NC-500,NC-501,NC-504,NC-506,NC-511,NC-513,NC-516,ND-500,NE-500,NE-501,NE-502,NH-501,NH-502,NJ-500,NJ-514,NM-500,NM-501,NV-501,NV-502,NY-500,NY-501,NY-503,NY-505,NY-507,NY-510,NY-511,NY-512,NY-513,NY-514,NY-518,NY-519,NY-520,NY-522,NY-523,NY-608,OH-501,OH-506,OH-508,OK-501,OK-505,OR-500,OR-502,OR-503,OR-504,PA-501,PA-503,PA-506,PA-508,PA-509,PA-510,SC-500,SC-503,SD-500,TN-500,TN-502,TN-509,TN-512,TX-603,TX-604,TX-611,UT-504,VA-502,VA-508,VI-500,VT-500,VT-501,WA-502,WI-502,WI-503,WV-501,WV-503,WY-500","{""pit_sheltered"":72656.0,""pit_total"":122895.0,""pit_unsheltered"":50239.0}",block_population,pl_94_171_block_population,2020,2023,2020,2020,census_msa_2023,msa_fractional_rollup_population_basis_pit2020_vintage
33,18140,18140,"Columbus, OH",2138926,2020,2474.651791658207,1920.737431419182,553.914360239025,2,2,0,,1.0,1.0,1.1226311969969827,1.1226311969969827,187,"AK-500,AK-501,AL-501,AL-502,AL-503,AL-504,AL-505,AL-506,AR-500,AR-501,AR-505,AZ-501,CA-504,CA-508,CA-509,CA-510,CA-511,CA-513,CA-516,CA-517,CA-518,CA-519,CA-520,CA-522,CA-523,CA-524,CA-526,CA-527,CA-529,CA-530,CA-531,CA-603,CA-604,CA-613,CA-614,CO-504,CO-505,FL-500,FL-503,FL-504,FL-505,FL-506,FL-508,FL-509,FL-511,FL-513,FL-514,FL-515,FL-517,FL-518,FL-602,FL-603,FL-604,FL-606,GA-503,GA-504,GA-505,GA-507,GU-500,HI-500,HI-501,IA-500,IA-501,IA-502,ID-500,ID-501,IL-503,IL-507,IL-512,IL-513,IL-516,IL-518,KS-502,KS-503,KY-502,LA-500,LA-502,LA-503,LA-505,LA-506,LA-507,LA-509,MA-503,MA-504,MA-507,MD-500,MD-507,MD-508,MD-510,MD-512,MD-513,MI-506,MI-507,MI-508,MI-509,MI-510,MI-511,MI-512,MI-514,MI-515,MI-516,MI-517,MI-519,MI-523,MN-504,MN-506,MN-508,MN-509,MO-600,MO-602,MO-603,MP-500,MS-500,MS-503,MT-500,NC-500,NC-501,NC-504,NC-506,NC-511,NC-513,NC-516,ND-500,NE-500,NE-501,NE-502,NH-501,NH-502,NJ-500,NJ-514,NM-500,NM-501,NV-501,NV-502,NY-500,NY-501,NY-503,NY-505,NY-507,NY-510,NY-511,NY-512,NY-513,NY-514,NY-518,NY-519,NY-520,NY-522,NY-523,NY-608,OH-501,OH-506,OH-508,OK-501,OK-505,OR-500,OR-502,OR-503,OR-504,PA-501,PA-503,PA-506,PA-508,PA-509,PA-510,SC-500,SC-503,SD-500,TN-500,TN-502,TN-509,TN-512,TX-603,TX-604,TX-611,UT-504,VA-502,VA-508,VI-500,VT-500,VT-501,WA-502,WI-502,WI-503,WV-501,WV-503,WY-500","{""pit_sheltered"":72656.0,""pit_total"":122895.0,""pit_unsheltered"":50239.0}",block_population,pl_94_171_block_population,2020,2023,2020,2020,census_msa_2023,msa_fractional_rollup_population_basis_pit2020_vintage
34,26900,26900,"Indianapolis-Carmel-Greenwood, IN",2089673,2020,2324.948529488017,1996.5606540853282,328.3878754026884,2,2,0,,1.0,0.9694545506231944,1.1825485582085749,1.1825485582085749,187,"AK-500,AK-501,AL-501,AL-502,AL-503,AL-504,AL-505,AL-506,AR-500,AR-501,AR-505,AZ-501,CA-504,CA-508,CA-509,CA-510,CA-511,CA-513,CA-516,CA-517,CA-518,CA-519,CA-520,CA-522,CA-523,CA-524,CA-526,CA-527,CA-529,CA-530,CA-531,CA-603,CA-604,CA-613,CA-614,CO-504,CO-505,FL-500,FL-503,FL-504,FL-505,FL-506,FL-508,FL-509,FL-511,FL-513,FL-514,FL-515,FL-517,FL-518,FL-602,FL-603,FL-604,FL-606,GA-503,GA-504,GA-505,GA-507,GU-500,HI-500,HI-501,IA-500,IA-501,IA-502,ID-500,ID-501,IL-503,IL-507,IL-512,IL-513,IL-516,IL-518,KS-502,KS-503,KY-502,LA-500,LA-502,LA-503,LA-505,LA-506,LA-507,LA-509,MA-503,MA-504,MA-507,MD-500,MD-507,MD-508,MD-510,MD-512,MD-513,MI-506,MI-507,MI-508,MI-509,MI-510,MI-511,MI-512,MI-514,MI-515,MI-516,MI-517,MI-519,MI-523,MN-504,MN-506,MN-508,MN-509,MO-600,MO-602,MO-603,MP-500,MS-500,MS-503,MT-500,NC-500,NC-501,NC-504,NC-506,NC-511,NC-513,NC-516,ND-500,NE-500,NE-501,NE-502,NH-501,NH-502,NJ-500,NJ-514,NM-500,NM-501,NV-501,NV-502,NY-500,NY-501,NY-503,NY-505,NY-507,NY-510,NY-511,NY-512,NY-513,NY-514,NY-518,NY-519,NY-520,NY-522,NY-523,NY-608,OH-501,OH-506,OH-508,OK-501,OK-505,OR-500,OR-502,OR-503,OR-504,PA-501,PA-503,PA-506,PA-508,PA-509,PA-510,SC-500,SC-503,SD-500,TN-500,TN-502,TN-509,TN-512,TX-603,TX-604,TX-611,UT-504,VA-502,VA-508,VI-500,VT-500,VT-501,WA-502,WI-502,WI-503,WV-501,WV-503,WY-500","{""pit_sheltered"":72656.0,""pit_total"":122895.0,""pit_unsheltered"":50239.0}",block_population,pl_94_171_block_population,2020,2023,2020,2020,census_msa_2023,msa_fractional_rollup_population_basis_pit2020_vintage
35,41980,41980,"San Juan-Bayamón-Caguas, PR",2081265,2020,1640.7127924668948,413.24319053968327,1227.4696019272114,2,2,0,,1.0,0.9996226705451241,1.3119060234901367,1.3119060234901367,187,"AK-500,AK-501,AL-501,AL-502,AL-503,AL-504,AL-505,AL-506,AR-500,AR-501,AR-505,AZ-501,CA-504,CA-508,CA-509,CA-510,CA-511,CA-513,CA-516,CA-517,CA-518,CA-519,CA-520,CA-522,CA-523,CA-524,CA-526,CA-527,CA-529,CA-530,CA-531,CA-603,CA-604,CA-613,CA-614,CO-504,CO-505,FL-500,FL-503,FL-504,FL-505,FL-506,FL-508,FL-509,FL-511,FL-513,FL-514,FL-515,FL-517,FL-518,FL-602,FL-603,FL-604,FL-606,GA-503,GA-504,GA-505,GA-507,GU-500,HI-500,HI-501,IA-500,IA-501,IA-502,ID-500,ID-501,IL-503,IL-507,IL-512,IL-513,IL-516,IL-518,KS-502,KS-503,KY-502,LA-500,LA-502,LA-503,LA-505,LA-506,LA-507,LA-509,MA-503,MA-504,MA-507,MD-500,MD-507,MD-508,MD-510,MD-512,MD-513,MI-506,MI-507,MI-508,MI-509,MI-510,MI-511,MI-512,MI-514,MI-515,MI-516,MI-517,MI-519,MI-523,MN-504,MN-506,MN-508,MN-509,MO-600,MO-602,MO-603,MP-500,MS-500,MS-503,MT-500,NC-500,NC-501,NC-504,NC-506,NC-511,NC-513,NC-516,ND-500,NE-500,NE-501,NE-502,NH-501,NH-502,NJ-500,NJ-514,NM-500,NM-501,NV-501,NV-502,NY-500,NY-501,NY-503,NY-505,NY-507,NY-510,NY-511,NY-512,NY-513,NY-514,NY-518,NY-519,NY-520,NY-522,NY-523,NY-608,OH-501,OH-506,OH-508,OK-501,OK-505,OR-500,OR-502,OR-503,OR-504,PA-501,PA-503,PA-506,PA-508,PA-509,PA-510,SC-500,SC-503,SD-500,TN-500,TN-502,TN-509,TN-512,TX-603,TX-604,TX-611,UT-504,VA-502,VA-508,VI-500,VT-500,VT-501,WA-502,WI-502,WI-503,WV-501,WV-503,WY-500","{""pit_sheltered"":72656.0,""pit_total"":122895.0,""pit_unsheltered"":50239.0}",block_population,pl_94_171_block_population,2020,2023,2020,2020,census_msa_2023,msa_fractional_rollup_population_basis_pit2020_vintage
36,34980,34980,"Nashville-Davidson--Murfreesboro--Franklin, TN",2014444,2020,2758.840203826608,1910.9186618470228,847.9215419795856,4,4,0,,1.0,0.9999999999944769,2.937525180356695,2.937525180356695,187,"AK-500,AK-501,AL-501,AL-502,AL-503,AL-504,AL-505,AL-506,AR-500,AR-501,AR-505,AZ-501,CA-504,CA-508,CA-509,CA-510,CA-511,CA-513,CA-516,CA-517,CA-518,CA-519,CA-520,CA-522,CA-523,CA-524,CA-526,CA-527,CA-529,CA-530,CA-531,CA-603,CA-604,CA-613,CA-614,CO-504,CO-505,FL-500,FL-503,FL-504,FL-505,FL-506,FL-508,FL-509,FL-511,FL-513,FL-514,FL-515,FL-517,FL-518,FL-602,FL-603,FL-604,FL-606,GA-503,GA-504,GA-505,GA-507,GU-500,HI-500,HI-501,IA-500,IA-501,IA-502,ID-500,ID-501,IL-503,IL-507,IL-512,IL-513,IL-516,IL-518,KS-502,KS-503,KY-502,LA-500,LA-502,LA-503,LA-505,LA-506,LA-507,LA-509,MA-503,MA-504,MA-507,MD-500,MD-507,MD-508,MD-510,MD-512,MD-513,MI-506,MI-507,MI-508,MI-509,MI-510,MI-511,MI-512,MI-514,MI-515,MI-516,MI-517,MI-519,MI-523,MN-504,MN-506,MN-508,MN-509,MO-600,MO-602,MO-603,MP-500,MS-500,MS-503,MT-500,NC-500,NC-501,NC-504,NC-506,NC-511,NC-513,NC-516,ND-500,NE-500,NE-501,NE-502,NH-501,NH-502,NJ-500,NJ-514,NM-500,NM-501,NV-501,NV-502,NY-500,NY-501,NY-503,NY-505,NY-507,NY-510,NY-511,NY-512,NY-513,NY-514,NY-518,NY-519,NY-520,NY-522,NY-523,NY-608,OH-501,OH-506,OH-508,OK-501,OK-505,OR-500,OR-502,OR-503,OR-504,PA-501,PA-503,PA-506,PA-508,PA-509,PA-510,SC-500,SC-503,SD-500,TN-500,TN-502,TN-509,TN-512,TX-603,TX-604,TX-611,UT-504,VA-502,VA-508,VI-500,VT-500,VT-501,WA-502,WI-502,WI-503,WV-501,WV-503,WY-500","{""pit_sheltered"":72656.0,""pit_total"":122895.0,""pit_unsheltered"":50239.0}",block_population,pl_94_171_block_population,2020,2023,2020,2020,census_msa_2023,msa_fractional_rollup_population_basis_pit2020_vintage
37,41940,41940,"San Jose-Sunnyvale-Santa Clara, CA",2000468,2020,9947.373826069339,1770.4127067604934,8176.961119308845,3,3,0,,1.0,0.9999992891794365,1.1276098538291353,1.1276098538291353,187,"AK-500,AK-501,AL-501,AL-502,AL-503,AL-504,AL-505,AL-506,AR-500,AR-501,AR-505,AZ-501,CA-504,CA-508,CA-509,CA-510,CA-511,CA-513,CA-516,CA-517,CA-518,CA-519,CA-520,CA-522,CA-523,CA-524,CA-526,CA-527,CA-529,CA-530,CA-531,CA-603,CA-604,CA-613,CA-614,CO-504,CO-505,FL-500,FL-503,FL-504,FL-505,FL-506,FL-508,FL-509,FL-511,FL-513,FL-514,FL-515,FL-517,FL-518,FL-602,FL-603,FL-604,FL-606,GA-503,GA-504,GA-505,GA-507,GU-500,HI-500,HI-501,IA-500,IA-501,IA-502,ID-500,ID-501,IL-503,IL-507,IL-512,IL-513,IL-516,IL-518,KS-502,KS-503,KY-502,LA-500,LA-502,LA-503,LA-505,LA-506,LA-507,LA-509,MA-503,MA-504,MA-507,MD-500,MD-507,MD-508,MD-510,MD-512,MD-513,MI-506,MI-507,MI-508,MI-509,MI-510,MI-511,MI-512,MI-514,MI-515,MI-516,MI-517,MI-519,MI-523,MN-504,MN-506,MN-508,MN-509,MO-600,MO-602,MO-603,MP-500,MS-500,MS-503,MT-500,NC-500,NC-501,NC-504,NC-506,NC-511,NC-513,NC-516,ND-500,NE-500,NE-501,NE-502,NH-501,NH-502,NJ-500,NJ-514,NM-500,NM-501,NV-501,NV-502,NY-500,NY-501,NY-503,NY-505,NY-507,NY-510,NY-511,NY-512,NY-513,NY-514,NY-518,NY-519,NY-520,NY-522,NY-523,NY-608,OH-501,OH-506,OH-508,OK-501,OK-505,OR-500,OR-502,OR-503,OR-504,PA-501,PA-503,PA-506,PA-508,PA-509,PA-510,SC-500,SC-503,SD-500,TN-500,TN-502,TN-509,TN-512,TX-603,TX-604,TX-611,UT-504,VA-502,VA-508,VI-500,VT-500,VT-501,WA-502,WI-502,WI-503,WV-501,WV-503,WY-500","{""pit_sheltered"":72656.0,""pit_total"":122895.0,""pit_unsheltered"":50239.0}",block_population,pl_94_171_block_population,2020,2023,2020,2020,census_msa_2023,msa_fractional_rollup_population_basis_pit2020_vintage
38,47260,47260,"Virginia Beach-Chesapeake-Norfolk, VA-NC",1780059,2020,1629.2623628336464,1360.5181118808987,268.7442509527476,6,6,0,,1.0,0.9984207799999452,4.00054457773372,4.00054457773372,187,"AK-500,AK-501,AL-501,AL-502,AL-503,AL-504,AL-505,AL-506,AR-500,AR-501,AR-505,AZ-501,CA-504,CA-508,CA-509,CA-510,CA-511,CA-513,CA-516,CA-517,CA-518,CA-519,CA-520,CA-522,CA-523,CA-524,CA-526,CA-527,CA-529,CA-530,CA-531,CA-603,CA-604,CA-613,CA-614,CO-504,CO-505,FL-500,FL-503,FL-504,FL-505,FL-506,FL-508,FL-509,FL-511,FL-513,FL-514,FL-515,FL-517,FL-518,FL-602,FL-603,FL-604,FL-606,GA-503,GA-504,GA-505,GA-507,GU-500,HI-500,HI-501,IA-500,IA-501,IA-502,ID-500,ID-501,IL-503,IL-507,IL-512,IL-513,IL-516,IL-518,KS-502,KS-503,KY-502,LA-500,LA-502,LA-503,LA-505,LA-506,LA-507,LA-509,MA-503,MA-504,MA-507,MD-500,MD-507,MD-508,MD-510,MD-512,MD-513,MI-506,MI-507,MI-508,MI-509,MI-510,MI-511,MI-512,MI-514,MI-515,MI-516,MI-517,MI-519,MI-523,MN-504,MN-506,MN-508,MN-509,MO-600,MO-602,MO-603,MP-500,MS-500,MS-503,MT-500,NC-500,NC-501,NC-504,NC-506,NC-511,NC-513,NC-516,ND-500,NE-500,NE-501,NE-502,NH-501,NH-502,NJ-500,NJ-514,NM-500,NM-501,NV-501,NV-502,NY-500,NY-501,NY-503,NY-505,NY-507,NY-510,NY-511,NY-512,NY-513,NY-514,NY-518,NY-519,NY-520,NY-522,NY-523,NY-608,OH-501,OH-506,OH-508,OK-501,OK-505,OR-500,OR-502,OR-503,OR-504,PA-501,PA-503,PA-506,PA-508,PA-509,PA-510,SC-500,SC-503,SD-500,TN-500,TN-502,TN-509,TN-512,TX-603,TX-604,TX-611,UT-504,VA-502,VA-508,VI-500,VT-500,VT-501,WA-502,WI-502,WI-503,WV-501,WV-503,WY-500","{""pit_sheltered"":72656.0,""pit_total"":122895.0,""pit_unsheltered"":50239.0}",block_population,pl_94_171_block_population,2020,2023,2020,2020,census_msa_2023,msa_fractional_rollup_population_basis_pit2020_vintage
39,39300,39300,"Providence-Warwick, RI-MA",1676579,2020,4082.1308960853175,3599.6388164673563,482.4920796179616,6,6,0,,1.0,0.9997075151126712,4.893625018224216,4.893625018224216,187,"AK-500,AK-501,AL-501,AL-502,AL-503,AL-504,AL-505,AL-506,AR-500,AR-501,AR-505,AZ-501,CA-504,CA-508,CA-509,CA-510,CA-511,CA-513,CA-516,CA-517,CA-518,CA-519,CA-520,CA-522,CA-523,CA-524,CA-526,CA-527,CA-529,CA-530,CA-531,CA-603,CA-604,CA-613,CA-614,CO-504,CO-505,FL-500,FL-503,FL-504,FL-505,FL-506,FL-508,FL-509,FL-511,FL-513,FL-514,FL-515,FL-517,FL-518,FL-602,FL-603,FL-604,FL-606,GA-503,GA-504,GA-505,GA-507,GU-500,HI-500,HI-501,IA-500,IA-501,IA-502,ID-500,ID-501,IL-503,IL-507,IL-512,IL-513,IL-516,IL-518,KS-502,KS-503,KY-502,LA-500,LA-502,LA-503,LA-505,LA-506,LA-507,LA-509,MA-503,MA-504,MA-507,MD-500,MD-507,MD-508,MD-510,MD-512,MD-513,MI-506,MI-507,MI-508,MI-509,MI-510,MI-511,MI-512,MI-514,MI-515,MI-516,MI-517,MI-519,MI-523,MN-504,MN-506,MN-508,MN-509,MO-600,MO-602,MO-603,MP-500,MS-500,MS-503,MT-500,NC-500,NC-501,NC-504,NC-506,NC-511,NC-513,NC-516,ND-500,NE-500,NE-501,NE-502,NH-501,NH-502,NJ-500,NJ-514,NM-500,NM-501,NV-501,NV-502,NY-500,NY-501,NY-503,NY-505,NY-507,NY-510,NY-511,NY-512,NY-513,NY-514,NY-518,NY-519,NY-520,NY-522,NY-523,NY-608,OH-501,OH-506,OH-508,OK-501,OK-505,OR-500,OR-502,OR-503,OR-504,PA-501,PA-503,PA-506,PA-508,PA-509,PA-510,SC-500,SC-503,SD-500,TN-500,TN-502,TN-509,TN-512,TX-603,TX-604,TX-611,UT-504,VA-502,VA-508,VI-500,VT-500,VT-501,WA-502,WI-502,WI-503,WV-501,WV-503,WY-500","{""pit_sheltered"":72656.0,""pit_total"":122895.0,""pit_unsheltered"":50239.0}",block_population,pl_94_171_block_population,2020,2023,2020,2020,census_msa_2023,msa_fractional_rollup_population_basis_pit2020_vintage
40,27260,27260,"Jacksonville, FL",1605848,2020,1732.999999999996,1076.9999999999973,655.9999999999986,2,2,0,,1.0,0.9819670938336993,1.999999999999997,1.999999999999997,187,"AK-500,AK-501,AL-501,AL-502,AL-503,AL-504,AL-505,AL-506,AR-500,AR-501,AR-505,AZ-501,CA-504,CA-508,CA-509,CA-510,CA-511,CA-513,CA-516,CA-517,CA-518,CA-519,CA-520,CA-522,CA-523,CA-524,CA-526,CA-527,CA-529,CA-530,CA-531,CA-603,CA-604,CA-613,CA-614,CO-504,CO-505,FL-500,FL-503,FL-504,FL-505,FL-506,FL-508,FL-509,FL-511,FL-513,FL-514,FL-515,FL-517,FL-518,FL-602,FL-603,FL-604,FL-606,GA-503,GA-504,GA-505,GA-507,GU-500,HI-500,HI-501,IA-500,IA-501,IA-502,ID-500,ID-501,IL-503,IL-507,IL-512,IL-513,IL-516,IL-518,KS-502,KS-503,KY-502,LA-500,LA-502,LA-503,LA-505,LA-506,LA-507,LA-509,MA-503,MA-504,MA-507,MD-500,MD-507,MD-508,MD-510,MD-512,MD-513,MI-506,MI-507,MI-508,MI-509,MI-510,MI-511,MI-512,MI-514,MI-515,MI-516,MI-517,MI-519,MI-523,MN-504,MN-506,MN-508,MN-509,MO-600,MO-602,MO-603,MP-500,MS-500,MS-503,MT-500,NC-500,NC-501,NC-504,NC-506,NC-511,NC-513,NC-516,ND-500,NE-500,NE-501,NE-502,NH-501,NH-502,NJ-500,NJ-514,NM-500,NM-501,NV-501,NV-502,NY-500,NY-501,NY-503,NY-505,NY-507,NY-510,NY-511,NY-512,NY-513,NY-514,NY-518,NY-519,NY-520,NY-522,NY-523,NY-608,OH-501,OH-506,OH-508,OK-501,OK-505,OR-500,OR-502,OR-503,OR-504,PA-501,PA-503,PA-506,PA-508,PA-509,PA-510,SC-500,SC-503,SD-500,TN-500,TN-502,TN-509,TN-512,TX-603,TX-604,TX-611,UT-504,VA-502,VA-508,VI-500,VT-500,VT-501,WA-502,WI-502,WI-503,WV-501,WV-503,WY-500","{""pit_sheltered"":72656.0,""pit_total"":122895.0,""pit_unsheltered"":50239.0}",block_population,pl_94_171_block_population,2020,2023,2020,2020,census_msa_2023,msa_fractional_rollup_population_basis_pit2020_vintage
41,33340,33340,"Milwaukee-Waukesha, WI",1574731,2020,1380.1583348985712,1274.2256200358795,105.9327148626917,2,2,0,,1.0,0.9999474859186758,1.1514617188639085,1.1514617188639085,187,"AK-500,AK-501,AL-501,AL-502,AL-503,AL-504,AL-505,AL-506,AR-500,AR-501,AR-505,AZ-501,CA-504,CA-508,CA-509,CA-510,CA-511,CA-513,CA-516,CA-517,CA-518,CA-519,CA-520,CA-522,CA-523,CA-524,CA-526,CA-527,CA-529,CA-530,CA-531,CA-603,CA-604,CA-613,CA-614,CO-504,CO-505,FL-500,FL-503,FL-504,FL-505,FL-506,FL-508,FL-509,FL-511,FL-513,FL-514,FL-515,FL-517,FL-518,FL-602,FL-603,FL-604,FL-606,GA-503,GA-504,GA-505,GA-507,GU-500,HI-500,HI-501,IA-500,IA-501,IA-502,ID-500,ID-501,IL-503,IL-507,IL-512,IL-513,IL-516,IL-518,KS-502,KS-503,KY-502,LA-500,LA-502,LA-503,LA-505,LA-506,LA-507,LA-509,MA-503,MA-504,MA-507,MD-500,MD-507,MD-508,MD-510,MD-512,MD-513,MI-506,MI-507,MI-508,MI-509,MI-510,MI-511,MI-512,MI-514,MI-515,MI-516,MI-517,MI-519,MI-523,MN-504,MN-506,MN-508,MN-509,MO-600,MO-602,MO-603,MP-500,MS-500,MS-503,MT-500,NC-500,NC-501,NC-504,NC-506,NC-511,NC-513,NC-516,ND-500,NE-500,NE-501,NE-502,NH-501,NH-502,NJ-500,NJ-514,NM-500,NM-501,NV-501,NV-502,NY-500,NY-501,NY-503,NY-505,NY-507,NY-510,NY-511,NY-512,NY-513,NY-514,NY-518,NY-519,NY-520,NY-522,NY-523,NY-608,OH-501,OH-506,OH-508,OK-501,OK-505,OR-500,OR-502,OR-503,OR-504,PA-501,PA-503,PA-506,PA-508,PA-509,PA-510,SC-500,SC-503,SD-500,TN-500,TN-502,TN-509,TN-512,TX-603,TX-604,TX-611,UT-504,VA-502,VA-508,VI-500,VT-500,VT-501,WA-502,WI-502,WI-503,WV-501,WV-503,WY-500","{""pit_sheltered"":72656.0,""pit_total"":122895.0,""pit_unsheltered"":50239.0}",block_population,pl_94_171_block_population,2020,2023,2020,2020,census_msa_2023,msa_fractional_rollup_population_basis_pit2020_vintage
42,36420,36420,"Oklahoma City, OK",1425695,2020,1968.9511879079685,1226.6920088273698,742.2591790805986,6,6,0,,1.0,0.9707792306802223,2.8042841755156225,2.8042841755156225,187,"AK-500,AK-501,AL-501,AL-502,AL-503,AL-504,AL-505,AL-506,AR-500,AR-501,AR-505,AZ-501,CA-504,CA-508,CA-509,CA-510,CA-511,CA-513,CA-516,CA-517,CA-518,CA-519,CA-520,CA-522,CA-523,CA-524,CA-526,CA-527,CA-529,CA-530,CA-531,CA-603,CA-604,CA-613,CA-614,CO-504,CO-505,FL-500,FL-503,FL-504,FL-505,FL-506,FL-508,FL-509,FL-511,FL-513,FL-514,FL-515,FL-517,FL-518,FL-602,FL-603,FL-604,FL-606,GA-503,GA-504,GA-505,GA-507,GU-500,HI-500,HI-501,IA-500,IA-501,IA-502,ID-500,ID-501,IL-503,IL-507,IL-512,IL-513,IL-516,IL-518,KS-502,KS-503,KY-502,LA-500,LA-502,LA-503,LA-505,LA-506,LA-507,LA-509,MA-503,MA-504,MA-507,MD-500,MD-507,MD-508,MD-510,MD-512,MD-513,MI-506,MI-507,MI-508,MI-509,MI-510,MI-511,MI-512,MI-514,MI-515,MI-516,MI-517,MI-519,MI-523,MN-504,MN-506,MN-508,MN-509,MO-600,MO-602,MO-603,MP-500,MS-500,MS-503,MT-500,NC-500,NC-501,NC-504,NC-506,NC-511,NC-513,NC-516,ND-500,NE-500,NE-501,NE-502,NH-501,NH-502,NJ-500,NJ-514,NM-500,NM-501,NV-501,NV-502,NY-500,NY-501,NY-503,NY-505,NY-507,NY-510,NY-511,NY-512,NY-513,NY-514,NY-518,NY-519,NY-520,NY-522,NY-523,NY-608,OH-501,OH-506,OH-508,OK-501,OK-505,OR-500,OR-502,OR-503,OR-504,PA-501,PA-503,PA-506,PA-508,PA-509,PA-510,SC-500,SC-503,SD-500,TN-500,TN-502,TN-509,TN-512,TX-603,TX-604,TX-611,UT-504,VA-502,VA-508,VI-500,VT-500,VT-501,WA-502,WI-502,WI-503,WV-501,WV-503,WY-500","{""pit_sheltered"":72656.0,""pit_total"":122895.0,""pit_unsheltered"":50239.0}",block_population,pl_94_171_block_population,2020,2023,2020,2020,census_msa_2023,msa_fractional_rollup_population_basis_pit2020_vintage
43,39580,39580,"Raleigh-Cary, NC",1413982,2020,1145.5059334547577,859.5624714263589,285.9434620283989,3,3,0,,1.0,1.0,1.051348791408893,1.051348791408893,187,"AK-500,AK-501,AL-501,AL-502,AL-503,AL-504,AL-505,AL-506,AR-500,AR-501,AR-505,AZ-501,CA-504,CA-508,CA-509,CA-510,CA-511,CA-513,CA-516,CA-517,CA-518,CA-519,CA-520,CA-522,CA-523,CA-524,CA-526,CA-527,CA-529,CA-530,CA-531,CA-603,CA-604,CA-613,CA-614,CO-504,CO-505,FL-500,FL-503,FL-504,FL-505,FL-506,FL-508,FL-509,FL-511,FL-513,FL-514,FL-515,FL-517,FL-518,FL-602,FL-603,FL-604,FL-606,GA-503,GA-504,GA-505,GA-507,GU-500,HI-500,HI-501,IA-500,IA-501,IA-502,ID-500,ID-501,IL-503,IL-507,IL-512,IL-513,IL-516,IL-518,KS-502,KS-503,KY-502,LA-500,LA-502,LA-503,LA-505,LA-506,LA-507,LA-509,MA-503,MA-504,MA-507,MD-500,MD-507,MD-508,MD-510,MD-512,MD-513,MI-506,MI-507,MI-508,MI-509,MI-510,MI-511,MI-512,MI-514,MI-515,MI-516,MI-517,MI-519,MI-523,MN-504,MN-506,MN-508,MN-509,MO-600,MO-602,MO-603,MP-500,MS-500,MS-503,MT-500,NC-500,NC-501,NC-504,NC-506,NC-511,NC-513,NC-516,ND-500,NE-500,NE-501,NE-502,NH-501,NH-502,NJ-500,NJ-514,NM-500,NM-501,NV-501,NV-502,NY-500,NY-501,NY-503,NY-505,NY-507,NY-510,NY-511,NY-512,NY-513,NY-514,NY-518,NY-519,NY-520,NY-522,NY-523,NY-608,OH-501,OH-506,OH-508,OK-501,OK-505,OR-500,OR-502,OR-503,OR-504,PA-501,PA-503,PA-506,PA-508,PA-509,PA-510,SC-500,SC-503,SD-500,TN-500,TN-502,TN-509,TN-512,TX-603,TX-604,TX-611,UT-504,VA-502,VA-508,VI-500,VT-500,VT-501,WA-502,WI-502,WI-503,WV-501,WV-503,WY-500","{""pit_sheltered"":72656.0,""pit_total"":122895.0,""pit_unsheltered"":50239.0}",block_population,pl_94_171_block_population,2020,2023,2020,2020,census_msa_2023,msa_fractional_rollup_population_basis_pit2020_vintage
44,31140,31140,"Louisville/Jefferson County, KY-IN",1362180,2020,1493.580225984883,1247.1233053111387,246.45692067374446,3,3,0,,1.0,0.9999999052823042,1.1380045164851662,1.1380045164851662,187,"AK-500,AK-501,AL-501,AL-502,AL-503,AL-504,AL-505,AL-506,AR-500,AR-501,AR-505,AZ-501,CA-504,CA-508,CA-509,CA-510,CA-511,CA-513,CA-516,CA-517,CA-518,CA-519,CA-520,CA-522,CA-523,CA-524,CA-526,CA-527,CA-529,CA-530,CA-531,CA-603,CA-604,CA-613,CA-614,CO-504,CO-505,FL-500,FL-503,FL-504,FL-505,FL-506,FL-508,FL-509,FL-511,FL-513,FL-514,FL-515,FL-517,FL-518,FL-602,FL-603,FL-604,FL-606,GA-503,GA-504,GA-505,GA-507,GU-500,HI-500,HI-501,IA-500,IA-501,IA-502,ID-500,ID-501,IL-503,IL-507,IL-512,IL-513,IL-516,IL-518,KS-502,KS-503,KY-502,LA-500,LA-502,LA-503,LA-505,LA-506,LA-507,LA-509,MA-503,MA-504,MA-507,MD-500,MD-507,MD-508,MD-510,MD-512,MD-513,MI-506,MI-507,MI-508,MI-509,MI-510,MI-511,MI-512,MI-514,MI-515,MI-516,MI-517,MI-519,MI-523,MN-504,MN-506,MN-508,MN-509,MO-600,MO-602,MO-603,MP-500,MS-500,MS-503,MT-500,NC-500,NC-501,NC-504,NC-506,NC-511,NC-513,NC-516,ND-500,NE-500,NE-501,NE-502,NH-501,NH-502,NJ-500,NJ-514,NM-500,NM-501,NV-501,NV-502,NY-500,NY-501,NY-503,NY-505,NY-507,NY-510,NY-511,NY-512,NY-513,NY-514,NY-518,NY-519,NY-520,NY-522,NY-523,NY-608,OH-501,OH-506,OH-508,OK-501,OK-505,OR-500,OR-502,OR-503,OR-504,PA-501,PA-503,PA-506,PA-508,PA-509,PA-510,SC-500,SC-503,SD-500,TN-500,TN-502,TN-509,TN-512,TX-603,TX-604,TX-611,UT-504,VA-502,VA-508,VI-500,VT-500,VT-501,WA-502,WI-502,WI-503,WV-501,WV-503,WY-500","{""pit_sheltered"":72656.0,""pit_total"":122895.0,""pit_unsheltered"":50239.0}",block_population,pl_94_171_block_population,2020,2023,2020,2020,census_msa_2023,msa_fractional_rollup_population_basis_pit2020_vintage
45,32820,32820,"Memphis, TN-MS-AR",1345425,2020,1245.7388211175576,969.426262607392,276.3125585101656,4,4,0,,1.0,0.9999999999948963,1.3307168674212715,1.3307168674212715,187,"AK-500,AK-501,AL-501,AL-502,AL-503,AL-504,AL-505,AL-506,AR-500,AR-501,AR-505,AZ-501,CA-504,CA-508,CA-509,CA-510,CA-511,CA-513,CA-516,CA-517,CA-518,CA-519,CA-520,CA-522,CA-523,CA-524,CA-526,CA-527,CA-529,CA-530,CA-531,CA-603,CA-604,CA-613,CA-614,CO-504,CO-505,FL-500,FL-503,FL-504,FL-505,FL-506,FL-508,FL-509,FL-511,FL-513,FL-514,FL-515,FL-517,FL-518,FL-602,FL-603,FL-604,FL-606,GA-503,GA-504,GA-505,GA-507,GU-500,HI-500,HI-501,IA-500,IA-501,IA-502,ID-500,ID-501,IL-503,IL-507,IL-512,IL-513,IL-516,IL-518,KS-502,KS-503,KY-502,LA-500,LA-502,LA-503,LA-505,LA-506,LA-507,LA-509,MA-503,MA-504,MA-507,MD-500,MD-507,MD-508,MD-510,MD-512,MD-513,MI-506,MI-507,MI-508,MI-509,MI-510,MI-511,MI-512,MI-514,MI-515,MI-516,MI-517,MI-519,MI-523,MN-504,MN-506,MN-508,MN-509,MO-600,MO-602,MO-603,MP-500,MS-500,MS-503,MT-500,NC-500,NC-501,NC-504,NC-506,NC-511,NC-513,NC-516,ND-500,NE-500,NE-501,NE-502,NH-501,NH-502,NJ-500,NJ-514,NM-500,NM-501,NV-501,NV-502,NY-500,NY-501,NY-503,NY-505,NY-507,NY-510,NY-511,NY-512,NY-513,NY-514,NY-518,NY-519,NY-520,NY-522,NY-523,NY-608,OH-501,OH-506,OH-508,OK-501,OK-505,OR-500,OR-502,OR-503,OR-504,PA-501,PA-503,PA-506,PA-508,PA-509,PA-510,SC-500,SC-503,SD-500,TN-500,TN-502,TN-509,TN-512,TX-603,TX-604,TX-611,UT-504,VA-502,VA-508,VI-500,VT-500,VT-501,WA-502,WI-502,WI-503,WV-501,WV-503,WY-500","{""pit_sheltered"":72656.0,""pit_total"":122895.0,""pit_unsheltered"":50239.0}",block_population,pl_94_171_block_population,2020,2023,2020,2020,census_msa_2023,msa_fractional_rollup_population_basis_pit2020_vintage
46,40060,40060,"Richmond, VA",1314434,2020,639.7469181759208,491.8418994856718,147.90501869024902,3,3,0,,1.0,0.9999848337030559,1.1158929835980043,1.1158929835980043,187,"AK-500,AK-501,AL-501,AL-502,AL-503,AL-504,AL-505,AL-506,AR-500,AR-501,AR-505,AZ-501,CA-504,CA-508,CA-509,CA-510,CA-511,CA-513,CA-516,CA-517,CA-518,CA-519,CA-520,CA-522,CA-523,CA-524,CA-526,CA-527,CA-529,CA-530,CA-531,CA-603,CA-604,CA-613,CA-614,CO-504,CO-505,FL-500,FL-503,FL-504,FL-505,FL-506,FL-508,FL-509,FL-511,FL-513,FL-514,FL-515,FL-517,FL-518,FL-602,FL-603,FL-604,FL-606,GA-503,GA-504,GA-505,GA-507,GU-500,HI-500,HI-501,IA-500,IA-501,IA-502,ID-500,ID-501,IL-503,IL-507,IL-512,IL-513,IL-516,IL-518,KS-502,KS-503,KY-502,LA-500,LA-502,LA-503,LA-505,LA-506,LA-507,LA-509,MA-503,MA-504,MA-507,MD-500,MD-507,MD-508,MD-510,MD-512,MD-513,MI-506,MI-507,MI-508,MI-509,MI-510,MI-511,MI-512,MI-514,MI-515,MI-516,MI-517,MI-519,MI-523,MN-504,MN-506,MN-508,MN-509,MO-600,MO-602,MO-603,MP-500,MS-500,MS-503,MT-500,NC-500,NC-501,NC-504,NC-506,NC-511,NC-513,NC-516,ND-500,NE-500,NE-501,NE-502,NH-501,NH-502,NJ-500,NJ-514,NM-500,NM-501,NV-501,NV-502,NY-500,NY-501,NY-503,NY-505,NY-507,NY-510,NY-511,NY-512,NY-513,NY-514,NY-518,NY-519,NY-520,NY-522,NY-523,NY-608,OH-501,OH-506,OH-508,OK-501,OK-505,OR-500,OR-502,OR-503,OR-504,PA-501,PA-503,PA-506,PA-508,PA-509,PA-510,SC-500,SC-503,SD-500,TN-500,TN-502,TN-509,TN-512,TX-603,TX-604,TX-611,UT-504,VA-502,VA-508,VI-500,VT-500,VT-501,WA-502,WI-502,WI-503,WV-501,WV-503,WY-500","{""pit_sheltered"":72656.0,""pit_total"":122895.0,""pit_unsheltered"":50239.0}",block_population,pl_94_171_block_population,2020,2023,2020,2020,census_msa_2023,msa_fractional_rollup_population_basis_pit2020_vintage
47,41620,41620,"Salt Lake City-Murray, UT",1257936,2020,2006.767917996479,1720.8741542599378,285.8937637365409,2,2,0,,1.0,0.9999989082561571,1.0510929257120392,1.0510929257120392,187,"AK-500,AK-501,AL-501,AL-502,AL-503,AL-504,AL-505,AL-506,AR-500,AR-501,AR-505,AZ-501,CA-504,CA-508,CA-509,CA-510,CA-511,CA-513,CA-516,CA-517,CA-518,CA-519,CA-520,CA-522,CA-523,CA-524,CA-526,CA-527,CA-529,CA-530,CA-531,CA-603,CA-604,CA-613,CA-614,CO-504,CO-505,FL-500,FL-503,FL-504,FL-505,FL-506,FL-508,FL-509,FL-511,FL-513,FL-514,FL-515,FL-517,FL-518,FL-602,FL-603,FL-604,FL-606,GA-503,GA-504,GA-505,GA-507,GU-500,HI-500,HI-501,IA-500,IA-501,IA-502,ID-500,ID-501,IL-503,IL-507,IL-512,IL-513,IL-516,IL-518,KS-502,KS-503,KY-502,LA-500,LA-502,LA-503,LA-505,LA-506,LA-507,LA-509,MA-503,MA-504,MA-507,MD-500,MD-507,MD-508,MD-510,MD-512,MD-513,MI-506,MI-507,MI-508,MI-509,MI-510,MI-511,MI-512,MI-514,MI-515,MI-516,MI-517,MI-519,MI-523,MN-504,MN-506,MN-508,MN-509,MO-600,MO-602,MO-603,MP-500,MS-500,MS-503,MT-500,NC-500,NC-501,NC-504,NC-506,NC-511,NC-513,NC-516,ND-500,NE-500,NE-501,NE-502,NH-501,NH-502,NJ-500,NJ-514,NM-500,NM-501,NV-501,NV-502,NY-500,NY-501,NY-503,NY-505,NY-507,NY-510,NY-511,NY-512,NY-513,NY-514,NY-518,NY-519,NY-520,NY-522,NY-523,NY-608,OH-501,OH-506,OH-508,OK-501,OK-505,OR-500,OR-502,OR-503,OR-504,PA-501,PA-503,PA-506,PA-508,PA-509,PA-510,SC-500,SC-503,SD-500,TN-500,TN-502,TN-509,TN-512,TX-603,TX-604,TX-611,UT-504,VA-502,VA-508,VI-500,VT-500,VT-501,WA-502,WI-502,WI-503,WV-501,WV-503,WY-500","{""pit_sheltered"":72656.0,""pit_total"":122895.0,""pit_unsheltered"":50239.0}",block_population,pl_94_171_block_population,2020,2023,2020,2020,census_msa_2023,msa_fractional_rollup_population_basis_pit2020_vintage
48,13820,13820,"Birmingham, AL",1180631,2020,898.6925056223236,627.2378295432111,271.45467607911246,2,2,0,,1.0,0.9999999561386581,1.1273681045787134,1.1273681045787134,187,"AK-500,AK-501,AL-501,AL-502,AL-503,AL-504,AL-505,AL-506,AR-500,AR-501,AR-505,AZ-501,CA-504,CA-508,CA-509,CA-510,CA-511,CA-513,CA-516,CA-517,CA-518,CA-519,CA-520,CA-522,CA-523,CA-524,CA-526,CA-527,CA-529,CA-530,CA-531,CA-603,CA-604,CA-613,CA-614,CO-504,CO-505,FL-500,FL-503,FL-504,FL-505,FL-506,FL-508,FL-509,FL-511,FL-513,FL-514,FL-515,FL-517,FL-518,FL-602,FL-603,FL-604,FL-606,GA-503,GA-504,GA-505,GA-507,GU-500,HI-500,HI-501,IA-500,IA-501,IA-502,ID-500,ID-501,IL-503,IL-507,IL-512,IL-513,IL-516,IL-518,KS-502,KS-503,KY-502,LA-500,LA-502,LA-503,LA-505,LA-506,LA-507,LA-509,MA-503,MA-504,MA-507,MD-500,MD-507,MD-508,MD-510,MD-512,MD-513,MI-506,MI-507,MI-508,MI-509,MI-510,MI-511,MI-512,MI-514,MI-515,MI-516,MI-517,MI-519,MI-523,MN-504,MN-506,MN-508,MN-509,MO-600,MO-602,MO-603,MP-500,MS-500,MS-503,MT-500,NC-500,NC-501,NC-504,NC-506,NC-511,NC-513,NC-516,ND-500,NE-500,NE-501,NE-502,NH-501,NH-502,NJ-500,NJ-514,NM-500,NM-501,NV-501,NV-502,NY-500,NY-501,NY-503,NY-505,NY-507,NY-510,NY-511,NY-512,NY-513,NY-514,NY-518,NY-519,NY-520,NY-522,NY-523,NY-608,OH-501,OH-506,OH-508,OK-501,OK-505,OR-500,OR-502,OR-503,OR-504,PA-501,PA-503,PA-506,PA-508,PA-509,PA-510,SC-500,SC-503,SD-500,TN-500,TN-502,TN-509,TN-512,TX-603,TX-604,TX-611,UT-504,VA-502,VA-508,VI-500,VT-500,VT-501,WA-502,WI-502,WI-503,WV-501,WV-503,WY-500","{""pit_sheltered"":72656.0,""pit_total"":122895.0,""pit_unsheltered"":50239.0}",block_population,pl_94_171_block_population,2020,2023,2020,2020,census_msa_2023,msa_fractional_rollup_population_basis_pit2020_vintage
49,15380,15380,"Buffalo-Cheektowaga, NY",1166902,2020,777.9732105574398,748.5315638276284,29.441646729811367,1,1,0,,1.0,0.9998606553045859,0.8921711130245868,0.8921711130245868,187,"AK-500,AK-501,AL-501,AL-502,AL-503,AL-504,AL-505,AL-506,AR-500,AR-501,AR-505,AZ-501,CA-504,CA-508,CA-509,CA-510,CA-511,CA-513,CA-516,CA-517,CA-518,CA-519,CA-520,CA-522,CA-523,CA-524,CA-526,CA-527,CA-529,CA-530,CA-531,CA-603,CA-604,CA-613,CA-614,CO-504,CO-505,FL-500,FL-503,FL-504,FL-505,FL-506,FL-508,FL-509,FL-511,FL-513,FL-514,FL-515,FL-517,FL-518,FL-602,FL-603,FL-604,FL-606,GA-503,GA-504,GA-505,GA-507,GU-500,HI-500,HI-501,IA-500,IA-501,IA-502,ID-500,ID-501,IL-503,IL-507,IL-512,IL-513,IL-516,IL-518,KS-502,KS-503,KY-502,LA-500,LA-502,LA-503,LA-505,LA-506,LA-507,LA-509,MA-503,MA-504,MA-507,MD-500,MD-507,MD-508,MD-510,MD-512,MD-513,MI-506,MI-507,MI-508,MI-509,MI-510,MI-511,MI-512,MI-514,MI-515,MI-516,MI-517,MI-519,MI-523,MN-504,MN-506,MN-508,MN-509,MO-600,MO-602,MO-603,MP-500,MS-500,MS-503,MT-500,NC-500,NC-501,NC-504,NC-506,NC-511,NC-513,NC-516,ND-500,NE-500,NE-501,NE-502,NH-501,NH-502,NJ-500,NJ-514,NM-500,NM-501,NV-501,NV-502,NY-500,NY-501,NY-503,NY-505,NY-507,NY-510,NY-511,NY-512,NY-513,NY-514,NY-518,NY-519,NY-520,NY-522,NY-523,NY-608,OH-501,OH-506,OH-508,OK-501,OK-505,OR-500,OR-502,OR-503,OR-504,PA-501,PA-503,PA-506,PA-508,PA-509,PA-510,SC-500,SC-503,SD-500,TN-500,TN-502,TN-509,TN-512,TX-603,TX-604,TX-611,UT-504,VA-502,VA-508,VI-500,VT-500,VT-501,WA-502,WI-502,WI-503,WV-501,WV-503,WY-500","{""pit_sheltered"":72656.0,""pit_total"":122895.0,""pit_unsheltered"":50239.0}",block_population,pl_94_171_block_population,2020,2023,2020,2020,census_msa_2023,msa_fractional_rollup_population_basis_pit2020_vintage
50,23420,23420,"Fresno, CA",1164909,2020,3640.999999651907,959.9999999082204,2680.999999743686,1,1,0,,1.0,0.9999999999085666,0.9999999999043963,0.9999999999043963,187,"AK-500,AK-501,AL-501,AL-502,AL-503,AL-504,AL-505,AL-506,AR-500,AR-501,AR-505,AZ-501,CA-504,CA-508,CA-509,CA-510,CA-511,CA-513,CA-516,CA-517,CA-518,CA-519,CA-520,CA-522,CA-523,CA-524,CA-526,CA-527,CA-529,CA-530,CA-531,CA-603,CA-604,CA-613,CA-614,CO-504,CO-505,FL-500,FL-503,FL-504,FL-505,FL-506,FL-508,FL-509,FL-511,FL-513,FL-514,FL-515,FL-517,FL-518,FL-602,FL-603,FL-604,FL-606,GA-503,GA-504,GA-505,GA-507,GU-500,HI-500,HI-501,IA-500,IA-501,IA-502,ID-500,ID-501,IL-503,IL-507,IL-512,IL-513,IL-516,IL-518,KS-502,KS-503,KY-502,LA-500,LA-502,LA-503,LA-505,LA-506,LA-507,LA-509,MA-503,MA-504,MA-507,MD-500,MD-507,MD-508,MD-510,MD-512,MD-513,MI-506,MI-507,MI-508,MI-509,MI-510,MI-511,MI-512,MI-514,MI-515,MI-516,MI-517,MI-519,MI-523,MN-504,MN-506,MN-508,MN-509,MO-600,MO-602,MO-603,MP-500,MS-500,MS-503,MT-500,NC-500,NC-501,NC-504,NC-506,NC-511,NC-513,NC-516,ND-500,NE-500,NE-501,NE-502,NH-501,NH-502,NJ-500,NJ-514,NM-500,NM-501,NV-501,NV-502,NY-500,NY-501,NY-503,NY-505,NY-507,NY-510,NY-511,NY-512,NY-513,NY-514,NY-518,NY-519,NY-520,NY-522,NY-523,NY-608,OH-501,OH-506,OH-508,OK-501,OK-505,OR-500,OR-502,OR-503,OR-504,PA-501,PA-503,PA-506,PA-508,PA-509,PA-510,SC-500,SC-503,SD-500,TN-500,TN-502,TN-509,TN-512,TX-603,TX-604,TX-611,UT-504,VA-502,VA-508,VI-500,VT-500,VT-501,WA-502,WI-502,WI-503,WV-501,WV-503,WY-500","{""pit_sheltered"":72656.0,""pit_total"":122895.0,""pit_unsheltered"":50239.0}",block_population,pl_94_171_block_population,2020,2023,2020,2020,census_msa_2023,msa_fractional_rollup_population_basis_pit2020_vintage
