msa_id,pit_total_pit2020_vintage,pit_sheltered_pit2020_vintage,pit_unsheltered_pit2020_vintage,missing_coc_count_pit2020_vintage,missing_cocs_pit2020_vintage,pit_total_pit2024_vintage,pit_sheltered_pit2024_vintage,pit_unsheltered_pit2024_vintage,missing_coc_count_pit2024_vintage,missing_cocs_pit2024_vintage,pit_total_delta_vs_pit2024_vintage,pit_sheltered_delta_vs_pit2024_vintage,pit_unsheltered_delta_vs_pit2024_vintage,msa_population_rank_2020_census,msa_name
35620,91340.48137629197,85957.30254311499,5383.178833176968,0,,91340.48137629197,85957.30254311499,5383.178833176968,0,,0.0,0.0,0.0,1,"New York-Newark-Jersey City, NY-NJ"
31080,73413.11383620178,21411.754333971592,52001.35950223018,0,,73413.11383620178,21411.754333971592,52001.35950223018,0,,0.0,0.0,0.0,2,"Los Angeles-Long Beach-Anaheim, CA"
16980,8307.78744574441,6400.972493265319,1906.8149524790917,0,,8307.78744574441,6400.972493265319,1906.8149524790917,0,,0.0,0.0,0.0,3,"Chicago-Naperville-Elgin, IL-IN"
19100,7756.236026424795,4625.890578350305,3130.3454480744913,0,,7756.236026424795,4625.890578350305,3130.3454480744913,0,,0.0,0.0,0.0,4,"Dallas-Fort Worth-Arlington, TX"
26420,4775.79201781266,2617.2554900052814,2158.5365278073778,0,,4775.79201781266,2617.2554900052814,2158.5365278073778,0,,0.0,0.0,0.0,5,"Houston-Pasadena-The Woodlands, TX"
47900,10083.79444057467,8847.678603312697,1236.115837261973,1,MD-514,10073.97633946413,8820.827059378891,1253.14928008524,1,MD-509,9.818101110538919,26.85154393380617,-17.033442823267023,6,"Washington-Arlington-Alexandria, DC-VA-MD-WV"
37980,9199.360265421197,7798.069413588447,1401.2908518327517,1,MD-514,9379.41182772764,7936.384340012145,1443.027487715495,0,,-180.05156230644207,-138.31492642369813,-41.73663588274326,7,"Philadelphia-Camden-Wilmington, PA-NJ-DE-MD"
33100,7280.990836876271,4246.997087218937,3033.9937496573334,0,,7280.990836876271,4246.997087218937,3033.9937496573334,0,,0.0,0.0,0.0,8,"Miami-Fort Lauderdale-West Palm Beach, FL"
12060,6379.840726047525,4005.752953612597,2374.0877724349284,0,,6379.840726047525,4005.752953612597,2374.0877724349284,0,,0.0,0.0,0.0,9,"Atlanta-Sandy Springs-Roswell, GA"
14460,14890.492273039154,13920.321424051908,970.1708489872456,1,MA-510_and_MA-516_Shared_Jurisdiction,14890.490940619942,13920.320239225932,970.1707013940102,3,"MA-510,MA-510_and_MA-516_Shared_Jurisdiction,MA-519",0.0013324192113941535,0.0011848259764519753,0.0001475932353969256,10,"Boston-Cambridge-Newton, MA-NH"
38060,7982.537107227392,3919.4028930823974,4063.1342141449945,0,,7982.537107227392,3919.4028930823974,4063.1342141449945,0,,0.0,0.0,0.0,11,"Phoenix-Mesa-Chandler, AZ"
41860,21141.995163927182,6470.997937745355,14670.997226181828,0,,21141.995163927182,6470.997937745355,14670.997226181828,0,,0.0,0.0,0.0,12,"San Francisco-Oakland-Fremont, CA"
40140,6009.863945870301,1464.2433106440512,4545.62063522625,0,,6009.863945870301,1464.2433106440512,4545.62063522625,0,,0.0,0.0,0.0,13,"Riverside-San Bernardino-Ontario, CA"
19820,2758.7478101240995,2448.0769024432116,310.67090768088815,0,,2758.7478101240995,2448.0769024432116,310.67090768088815,0,,0.0,0.0,0.0,14,"Detroit-Warren-Dearborn, MI"
42660,14779.99999854824,7614.999999247719,7164.999999300519,0,,14779.99999854824,7614.999999247719,7164.999999300519,0,,0.0,0.0,0.0,15,"Seattle-Tacoma-Bellevue, WA"
33460,5744.133875296058,4426.28475210916,1317.8491231868977,0,,5744.133875296058,4426.28475210916,1317.8491231868977,0,,0.0,0.0,0.0,16,"Minneapolis-St. Paul-Bloomington, MN-WI"
41740,7637.979609067262,3666.990210323337,3970.9893987439245,0,,7637.979609067262,3666.990210323337,3970.9893987439245,0,,0.0,0.0,0.0,17,"San Diego-Chula Vista-Carlsbad, CA"
45300,4734.608310603961,2530.946968219762,2203.6613423841995,0,,4734.608310603961,2530.946968219762,2203.6613423841995,0,,0.0,0.0,0.0,18,"Tampa-St. Petersburg-Clearwater, FL"
19740,5550.681168717863,4111.316752592983,1439.3644161248803,0,,5550.681168717863,4111.316752592983,1439.3644161248803,0,,0.0,0.0,0.0,19,"Denver-Aurora-Centennial, CO"
12580,4074.2743632398524,3328.1999316642477,746.0744315756049,0,,3908.2740613294272,3175.199680240515,733.0743810889117,2,"MD-502,MD-509",166.00030191042515,153.0002514237326,13.000050486693226,20,"Baltimore-Columbia-Towson, MD"
41180,2750.240171876607,2138.929263212139,611.3109086644679,0,,2750.240171876607,2138.929263212139,611.3109086644679,0,,0.0,0.0,0.0,21,"St. Louis, MO-IL"
36740,2320.125426601304,1672.2702436292398,647.8551829720639,0,,2320.125426601304,1672.2702436292398,647.8551829720639,0,,0.0,0.0,0.0,22,"Orlando-Kissimmee-Sanford, FL"
16740,2673.601073436674,2086.7262364629178,586.8748369737561,0,,2673.601073436674,2086.7262364629178,586.8748369737561,0,,0.0,0.0,0.0,23,"Charlotte-Concord-Gastonia, NC-SC"
41700,3350.3604371190904,1814.1460513839788,1536.2143857351116,0,,3350.3604371190904,1814.1460513839788,1536.2143857351116,0,,0.0,0.0,0.0,24,"San Antonio-New Braunfels, TX"
38900,6886.740409396987,3179.067061671189,3707.6733477257976,0,,6886.740409396987,3179.067061671189,3707.6733477257976,0,,0.0,0.0,0.0,25,"Portland-Vancouver-Hillsboro, OR-WA"
38300,1641.093764893096,1409.0957643518254,231.99800054127076,0,,1641.093764893096,1409.0957643518254,231.99800054127076,0,,0.0,0.0,0.0,26,"Pittsburgh, PA"
40900,7558.990378419691,2376.9963913821825,5181.993987037509,0,,7558.990378419691,2376.9963913821825,5181.993987037509,0,,0.0,0.0,0.0,27,"Sacramento-Roseville-Folsom, CA"
12420,3281.8713841231274,1221.581389793428,2060.2899943296993,0,,3281.8713841231274,1221.581389793428,2060.2899943296993,0,,0.0,0.0,0.0,28,"Austin-Round Rock-San Marcos, TX"
29820,5282.999999993105,1821.9999999976221,3460.999999995483,0,,5282.999999993105,1821.9999999976221,3460.999999995483,0,,0.0,0.0,0.0,29,"Las Vegas-Henderson-North Las Vegas, NV"
17140,1956.7400203108305,1649.2289159985914,307.51110431223924,0,,1956.7400203108305,1649.2289159985914,307.51110431223924,0,,0.0,0.0,0.0,30,"Cincinnati, OH-KY-IN"
28140,2450.207717151651,1791.9558203621982,658.251896789453,0,,2450.207717151651,1791.9558203621982,658.251896789453,0,,0.0,0.0,0.0,31,"Kansas City, MO-KS"
17410,2547.438112548506,2285.968803021147,261.469309527359,0,,2547.438112548506,2285.968803021147,261.469309527359,0,,0.0,0.0,0.0,32,"Cleveland, OH"
18140,2474.651791658207,1920.737431419182,553.914360239025,0,,2474.651791658207,1920.737431419182,553.914360239025,0,,0.0,0.0,0.0,33,"Columbus, OH"
26900,2324.948529488017,1996.5606540853282,328.3878754026884,0,,2324.948529488017,1996.5606540853282,328.3878754026884,0,,0.0,0.0,0.0,34,"Indianapolis-Carmel-Greenwood, IN"
41980,1640.7127924668948,413.24319053968327,1227.4696019272114,0,,1640.7127924668948,413.24319053968327,1227.4696019272114,0,,0.0,0.0,0.0,35,"San Juan-Bayamón-Caguas, PR"
34980,2758.840203826608,1910.9186618470228,847.9215419795856,0,,2758.840203826608,1910.9186618470228,847.9215419795856,0,,0.0,0.0,0.0,36,"Nashville-Davidson--Murfreesboro--Franklin, TN"
41940,9947.373826069339,1770.4127067604934,8176.961119308845,0,,9947.373826069339,1770.4127067604934,8176.961119308845,0,,0.0,0.0,0.0,37,"San Jose-Sunnyvale-Santa Clara, CA"
47260,1629.2623628336464,1360.5181118808987,268.7442509527476,0,,1629.2623628336464,1360.5181118808987,268.7442509527476,0,,0.0,0.0,0.0,38,"Virginia Beach-Chesapeake-Norfolk, VA-NC"
39300,4082.1308960853175,3599.6388164673563,482.4920796179616,0,,4082.1321555477725,3599.639934870016,482.49222067775656,1,MA-519,-0.0012594624549819855,-0.0011184026598130004,-0.00014105979494161147,39,"Providence-Warwick, RI-MA"
27260,1732.999999999996,1076.9999999999973,655.9999999999986,0,,1732.999999999996,1076.9999999999973,655.9999999999986,0,,0.0,0.0,0.0,40,"Jacksonville, FL"
33340,1380.1583348985712,1274.2256200358795,105.9327148626917,0,,1380.1583348985712,1274.2256200358795,105.9327148626917,0,,0.0,0.0,0.0,41,"Milwaukee-Waukesha, WI"
36420,1968.9511879079685,1226.6920088273698,742.2591790805986,0,,1968.9511879079685,1226.6920088273698,742.2591790805986,0,,0.0,0.0,0.0,42,"Oklahoma City, OK"
39580,1145.5059334547577,859.5624714263589,285.9434620283989,0,,1145.5059334547577,859.5624714263589,285.9434620283989,0,,0.0,0.0,0.0,43,"Raleigh-Cary, NC"
31140,1493.580225984883,1247.1233053111387,246.45692067374446,0,,1493.580225984883,1247.1233053111387,246.45692067374446,0,,0.0,0.0,0.0,44,"Louisville/Jefferson County, KY-IN"
32820,1245.7388211175576,969.426262607392,276.3125585101656,0,,1245.7388211175576,969.426262607392,276.3125585101656,0,,0.0,0.0,0.0,45,"Memphis, TN-MS-AR"
40060,639.7469181759208,491.8418994856718,147.90501869024902,0,,639.7469181759208,491.8418994856718,147.90501869024902,0,,0.0,0.0,0.0,46,"Richmond, VA"
41620,2006.767917996479,1720.8741542599378,285.8937637365409,0,,2006.767917996479,1720.8741542599378,285.8937637365409,0,,0.0,0.0,0.0,47,"Salt Lake City-Murray, UT"
13820,898.6925056223236,627.2378295432111,271.45467607911246,0,,898.6925056223236,627.2378295432111,271.45467607911246,0,,0.0,0.0,0.0,48,"Birmingham, AL"
15380,777.9732105574398,748.5315638276284,29.441646729811367,0,,777.9732105574398,748.5315638276284,29.441646729811367,0,,0.0,0.0,0.0,49,"Buffalo-Cheektowaga, NY"
23420,3640.999999651907,959.9999999082204,2680.999999743686,0,,3640.999999651907,959.9999999082204,2680.999999743686,0,,0.0,0.0,0.0,50,"Fresno, CA"
