msa_id,msa_name,year,coc_id,coc_name,msa_covered_by_coc_percent,coc_contained_in_msa_percent
10420,"Akron, OH",2019,OH-507,Ohio Balance of State CoC,54.42903802334714,1.3390820490010749
10420,"Akron, OH",2019,OH-506,"Akron, Barberton/Summit County CoC",45.57096191576639,99.99807700219849
10580,"Albany-Schenectady-Troy, NY",2019,NY-523,"Glens Falls, Saratoga Springs/Saratoga, Washington, Warren, Hamilton Counties CoC",29.314911468102057,19.050111176929494
10580,"Albany-Schenectady-Troy, NY",2019,NY-512,Troy/Rensselaer County CoC,23.118517693354423,99.99999990622591
10580,"Albany-Schenectady-Troy, NY",2019,NY-525,New York Balance of State CoC,21.760891393619634,9.336892197137459
10580,"Albany-Schenectady-Troy, NY",2019,NY-503,Albany City & County CoC,18.52884441115819,99.99999996552145
10580,"Albany-Schenectady-Troy, NY",2019,NY-507,Schenectady City & County CoC,7.27683500268252,99.99999996236983
10740,"Albuquerque, NM",2019,NM-501,New Mexico Balance of State CoC,97.96734586709329,7.501165834675476
10740,"Albuquerque, NM",2019,NM-500,Albuquerque CoC,2.0326541329069028,99.99999999999912
10900,"Allentown-Bethlehem-Easton, PA-NJ",2019,PA-509,Eastern Pennsylvania CoC,75.4221268027584,5.289840622801611
10900,"Allentown-Bethlehem-Easton, PA-NJ",2019,NJ-516,"Warren, Sussex, Hunterdon Counties CoC",24.577873154971996,27.155146242973238
12060,"Atlanta-Sandy Springs-Roswell, GA",2019,GA-501,Georgia Balance of State CoC,87.08409824308657,13.768798053983469
12060,"Atlanta-Sandy Springs-Roswell, GA",2019,GA-502,Fulton County CoC,4.598260079947048,99.99999999999999
12060,"Atlanta-Sandy Springs-Roswell, GA",2019,GA-506,Marietta/Cobb County CoC,3.8565493533351862,100.00000000000024
12060,"Atlanta-Sandy Springs-Roswell, GA",2019,GA-508,DeKalb County CoC,2.935067663758032,99.99999999999987
12060,"Atlanta-Sandy Springs-Roswell, GA",2019,GA-500,Atlanta CoC,1.526024655226148,100.00000000000004
12260,"Augusta-Richmond County, GA-SC",2019,GA-501,Georgia Balance of State CoC,46.517880877742414,2.9489230719005057
12260,"Augusta-Richmond County, GA-SC",2019,SC-502,Columbia/Midlands CoC,30.155326504335257,12.428982573894745
12260,"Augusta-Richmond County, GA-SC",2019,SC-501,"Greenville, Anderson, Spartanburg/Upstate CoC",14.15360220329078,6.732706387122232
12260,"Augusta-Richmond County, GA-SC",2019,GA-504,Augusta-Richmond County CoC,9.173190414631636,99.99999998381841
12420,"Austin-Round Rock-San Marcos, TX",2019,TX-607,Texas Balance of State CoC,75.69980268046717,1.4167317477385557
12420,"Austin-Round Rock-San Marcos, TX",2019,TX-503,Austin/Travis County CoC,24.300197315464615,99.99999998206981
12540,"Bakersfield-Delano, CA",2019,CA-604,Bakersfield/Kern County CoC,99.99999996127355,99.99999996040356
12580,"Baltimore-Columbia-Towson, MD",2019,MD-505,Baltimore County CoC,19.59048509993839,99.99999998843074
12580,"Baltimore-Columbia-Towson, MD",2019,MD-506,Carroll County CoC,14.57889734691625,99.99999989815315
12580,"Baltimore-Columbia-Towson, MD",2019,MD-514,Maryland Balance of State CoC,14.355635551206403,10.943146876918918
12580,"Baltimore-Columbia-Towson, MD",2019,MD-503,Annapolis/Anne Arundel County CoC,13.410670015872647,99.99999990544393
12580,"Baltimore-Columbia-Towson, MD",2019,MD-511,Mid-Shore Regional CoC,12.061847444623357,20.540263696795684
12580,"Baltimore-Columbia-Towson, MD",2019,MD-504,Howard County CoC,8.160863902133846,99.99999989297889
12580,"Baltimore-Columbia-Towson, MD",2019,MD-501,Baltimore CoC,2.620030148311033,99.99999999999993
12940,"Baton Rouge, LA",2019,LA-509,Louisiana Balance of State CoC,75.92165216002809,21.198711992751488
12940,"Baton Rouge, LA",2019,LA-506,Slidell/Southeast Louisiana CoC,24.078347802062993,29.70821237965442
13820,"Birmingham, AL",2019,AL-507,Alabama Balance of State CoC,51.806751633654244,9.547328785966211
13820,"Birmingham, AL",2019,AL-500,"Birmingham/Jefferson, St. Clair, Shelby Counties CoC",48.19324833379949,99.9999999539129
14260,"Boise City, ID",2019,ID-501,Idaho Balance of State CoC,91.03689277779196,13.055773711881471
14260,"Boise City, ID",2019,ID-500,Boise/Ada County CoC,8.96310720912552,99.99999996803682
14460,"Boston-Cambridge-Newton, MA-NH",2019,MA-516,Massachusetts Balance of State CoC,38.36481360147513,99.99999993783973
14460,"Boston-Cambridge-Newton, MA-NH",2019,NH-500,New Hampshire Balance of State CoC,24.235679368815873,13.05803117823586
14460,"Boston-Cambridge-Newton, MA-NH",2019,MA-511,"Quincy, Brockton, Weymouth, Plymouth City and County CoC",16.07516287802844,99.99999995510078
14460,"Boston-Cambridge-Newton, MA-NH",2019,MA-500,Boston CoC,1.0987355841443054,100.00000000000033
15380,"Buffalo-Cheektowaga, NY",2019,NY-508,"Buffalo, Niagara Falls/Erie, Niagara, Orleans, Genesee, Wyoming Counties CoC",66.4628107785437,51.429060624759494
15980,"Cape Coral-Fort Myers, FL",2019,FL-603,"Ft Myers, Cape Coral/Lee County CoC",54.0489192698156,99.99999990967268
16700,"Charleston-North Charleston, SC",2019,SC-500,Charleston/Low Country CoC,87.506183650584,48.67968732268433
16740,"Charlotte-Concord-Gastonia, NC-SC",2019,NC-503,North Carolina Balance of State CoC,46.586665875921405,6.781641175717707
16740,"Charlotte-Concord-Gastonia, NC-SC",2019,SC-502,Columbia/Midlands CoC,32.15476519919251,21.141013934306883
16740,"Charlotte-Concord-Gastonia, NC-SC",2019,NC-509,"Gastonia/Cleveland, Gaston, Lincoln Counties CoC",11.700255770400982,58.81337593104837
16740,"Charlotte-Concord-Gastonia, NC-SC",2019,NC-505,Charlotte/Mecklenburg County CoC,9.558313132960542,100.00000000000011
16860,"Chattanooga, TN-GA",2019,TN-500,Chattanooga/Southeast Tennessee CoC,63.34135025345642,30.381312467164694
16860,"Chattanooga, TN-GA",2019,GA-501,Georgia Balance of State CoC,36.65864972681179,1.3868887570820831
16980,"Chicago-Naperville-Elgin, IL-IN",2019,IN-502,Indiana Balance of State CoC,21.407911429370866,5.279186836421444
16980,"Chicago-Naperville-Elgin, IL-IN",2019,IL-506,"Joliet, Bolingbrook/Will County CoC",17.877848146393482,99.99999995470402
16980,"Chicago-Naperville-Elgin, IL-IN",2019,IL-511,Cook County CoC,8.252835161720014,99.99999999999983
16980,"Chicago-Naperville-Elgin, IL-IN",2019,IL-501,"Rockford/DeKalb, Winnebago, Boone Counties CoC",7.170970798743978,44.10913070101139
16980,"Chicago-Naperville-Elgin, IL-IN",2019,IL-500,McHenry County CoC,6.971972104241761,99.99999995518255
16980,"Chicago-Naperville-Elgin, IL-IN",2019,IL-517,"Aurora, Elgin/Kane County CoC",6.174461254332593,100.00000000000011
16980,"Chicago-Naperville-Elgin, IL-IN",2019,IL-502,"Waukegan, North Chicago/Lake County CoC",5.36322597838328,99.999999968095
16980,"Chicago-Naperville-Elgin, IL-IN",2019,IL-514,DuPage County CoC,3.774548509566792,100.00000000000038
16980,"Chicago-Naperville-Elgin, IL-IN",2019,IL-510,Chicago CoC,2.623554001017123,100.00000000000027
17140,"Cincinnati, OH-KY-IN",2019,OH-507,Ohio Balance of State CoC,40.86916484127631,4.85857768930687
17140,"Cincinnati, OH-KY-IN",2019,KY-500,Kentucky Balance of State CoC,32.16646456441457,3.6162845071916347
17140,"Cincinnati, OH-KY-IN",2019,IN-502,Indiana Balance of State CoC,17.59847486413511,2.1962220389534792
17140,"Cincinnati, OH-KY-IN",2019,OH-500,Cincinnati/Hamilton County CoC,9.295988061367847,99.99999999999984
17410,"Cleveland, OH",2019,OH-507,Ohio Balance of State CoC,42.38449775781993,6.033332903734304
17410,"Cleveland, OH",2019,OH-502,Cleveland/Cuyahoga County CoC,8.58848801949888,99.9999999595748
17820,"Colorado Springs, CO",2019,CO-504,Colorado Springs/El Paso County CoC,79.21717709543634,99.99999995104577
17820,"Colorado Springs, CO",2019,CO-500,Colorado Balance of State CoC,20.782822891508594,0.615431683102787
17900,"Columbia, SC",2019,SC-502,Columbia/Midlands CoC,68.67383889572629,30.294797149306923
17900,"Columbia, SC",2019,SC-503,Sumter City & County CoC,19.308635726282194,8.206266054077595
17900,"Columbia, SC",2019,SC-501,"Greenville, Anderson, Spartanburg/Upstate CoC",12.017525377991895,6.118471162990121
18140,"Columbus, OH",2019,OH-507,Ohio Balance of State CoC,88.20410457299037,11.390691657548953
18140,"Columbus, OH",2019,OH-503,Columbus/Franklin County CoC,11.795895427009407,99.99999999999993
19100,"Dallas-Fort Worth-Arlington, TX",2019,TX-607,Texas Balance of State CoC,48.00365652319458,1.8916773505066184
19100,"Dallas-Fort Worth-Arlington, TX",2019,TX-600,"Dallas City & County, Irving CoC",21.24998119863385,99.99999998848604
19100,"Dallas-Fort Worth-Arlington, TX",2019,TX-601,"Fort Worth, Arlington/Tarrant County CoC",20.509620788578665,99.99999997420161
19100,"Dallas-Fort Worth-Arlington, TX",2019,TX-624,"Wichita Falls/Wise, Palo Pinto, Wichita, Archer Counties CoC",10.236741484103614,6.535695725322317
19430,"Dayton-Kettering-Beavercreek, OH",2019,OH-507,Ohio Balance of State CoC,63.78655436724191,2.1906951020779424
19430,"Dayton-Kettering-Beavercreek, OH",2019,OH-505,"Dayton, Kettering/Montgomery County CoC",36.21344563275743,99.2513097895766
19660,"Deltona-Daytona Beach-Ormond Beach, FL",2019,FL-504,"Deltona, Daytona Beach/Volusia, Flagler Counties CoC",86.1372864014452,99.9999999152418
19740,"Denver-Aurora-Centennial, CO",2019,CO-500,Colorado Balance of State CoC,54.83383236534413,5.075275614171296
19740,"Denver-Aurora-Centennial, CO",2019,CO-503,Metropolitan Denver CoC,45.16616762506051,83.61650165199048
19780,"Des Moines-West Des Moines, IA",2019,IA-501,Iowa Balance of State CoC,82.65232056820216,5.598889431218774
19780,"Des Moines-West Des Moines, IA",2019,IA-502,Des Moines/Polk County CoC,17.347679431797523,99.99999997079883
19820,"Detroit-Warren-Dearborn, MI",2019,MI-500,Michigan Balance of State CoC,32.75727007372863,3.112818332757987
19820,"Detroit-Warren-Dearborn, MI",2019,MI-504,"Pontiac, Royal Oak/Oakland County CoC",21.42055733847185,99.99999997952817
19820,"Detroit-Warren-Dearborn, MI",2019,MI-518,Livingston County CoC,13.819993872370148,99.99999992111289
19820,"Detroit-Warren-Dearborn, MI",2019,MI-503,"St. Clair Shores, Warren/Macomb County CoC",11.429931175036835,100.00000000000055
19820,"Detroit-Warren-Dearborn, MI",2019,MI-502,"Dearborn, Dearborn Heights, Westland/Wayne County CoC",11.284287082987394,99.99999992300788
19820,"Detroit-Warren-Dearborn, MI",2019,MI-501,Detroit CoC,3.2832530834753406,99.99999997540084
20500,"Durham-Chapel Hill, NC",2019,NC-503,North Carolina Balance of State CoC,61.33095081780119,2.8311379721187366
20500,"Durham-Chapel Hill, NC",2019,NC-513,Chapel Hill/Orange County CoC,22.210051574728386,99.99999994474432
20500,"Durham-Chapel Hill, NC",2019,NC-502,Durham City & County CoC,16.32428756359797,99.90621617415715
21340,"El Paso, TX",2019,TX-607,Texas Balance of State CoC,81.8227326020166,1.99987252623355
21340,"El Paso, TX",2019,TX-603,El Paso City & County CoC,18.17266462482983,99.99999991080271
23420,"Fresno, CA",2019,CA-514,Fresno City & County/Madera County CoC,99.99999995560665,99.99999995596846
24340,"Grand Rapids-Wyoming-Kentwood, MI",2019,MI-500,Michigan Balance of State CoC,42.86135929333105,4.2132762411202975
24340,"Grand Rapids-Wyoming-Kentwood, MI",2019,MI-506,"Grand Rapids, Wyoming/Kent County CoC",19.901968439000463,99.94306068029506
24340,"Grand Rapids-Wyoming-Kentwood, MI",2019,MI-519,Holland/Ottawa County CoC,13.161896791071543,98.58059678671218
24660,"Greensboro-High Point, NC",2019,NC-503,North Carolina Balance of State CoC,67.54535957784134,3.4766820652847454
24660,"Greensboro-High Point, NC",2019,NC-504,"Greensboro, High Point/Guilford County CoC",32.45464040663189,99.53035071051109
24860,"Greenville-Anderson-Greer, SC",2019,SC-501,"Greenville, Anderson, Spartanburg/Upstate CoC",99.99999996829932,37.011472219463954
25420,"Harrisburg-Carlisle, PA",2019,PA-509,Eastern Pennsylvania CoC,66.46083498017833,5.256780064427715
25420,"Harrisburg-Carlisle, PA",2019,PA-501,Harrisburg/Dauphin County CoC,31.846124137790007,99.99999989202476
26420,"Houston-Pasadena-The Woodlands, TX",2019,TX-607,Texas Balance of State CoC,54.24349073370828,2.3901870543674075
26420,"Houston-Pasadena-The Woodlands, TX",2019,TX-700,"Houston, Pasadena, Conroe/Harris, Fort Bend, Montgomery Counties CoC",37.138817625216944,99.99999997944431
26900,"Indianapolis-Carmel-Greenwood, IN",2019,IN-502,Indiana Balance of State CoC,90.21486019118453,10.383127356159733
26900,"Indianapolis-Carmel-Greenwood, IN",2019,IN-503,Indianapolis CoC,9.785139808815588,99.99999999999996
27140,"Jackson, MS",2019,MS-500,"Jackson/Rankin, Madison Counties CoC",52.5000985389401,83.82200318639622
27140,"Jackson, MS",2019,MS-501,Mississippi Balance of State CoC,47.49990146105929,7.198606571571093
27260,"Jacksonville, FL",2019,FL-510,"Jacksonville-Duval, Clay Counties CoC",58.3926072044173,99.99999993957853
27260,"Jacksonville, FL",2019,FL-512,St. Johns County CoC,17.814557010072964,99.99999996567182
28140,"Kansas City, MO-KS",2019,MO-606,Missouri Balance of State CoC,58.20403422428891,6.889640649359481
28140,"Kansas City, MO-KS",2019,KS-507,Kansas Balance of State CoC,22.565785141564362,2.0777173367574724
28140,"Kansas City, MO-KS",2019,MO-604,"Kansas City (MO&KS), Independence, Lee’s Summit/Jackson, Wyandotte Counties CoC",12.689765328533237,99.99999999493427
28140,"Kansas City, MO-KS",2019,KS-505,"Overland Park, Shawnee/Johnson County CoC",6.54041529842574,99.99999997704005
28880,"Kiryas Joel-Poughkeepsie-Newburgh, NY",2019,NY-602,"Newburgh, Middletown/Orange County CoC",50.38318935578061,99.99999825904034
28880,"Kiryas Joel-Poughkeepsie-Newburgh, NY",2019,NY-601,Poughkeepsie/Dutchess County CoC,49.60868862952763,99.99999988518681
28940,"Knoxville, TN",2019,TN-512,"Morristown/Blount, Sevier, Campbell, Cocke Counties CoC",61.63618347189394,46.14943488496933
28940,"Knoxville, TN",2019,TN-506,Upper Cumberland CoC,23.95443713160587,12.348979459241814
28940,"Knoxville, TN",2019,TN-502,Knoxville/Knox County CoC,14.409379376936421,99.99999996427562
29460,"Lakeland-Winter Haven, FL",2019,FL-503,Lakeland/Polk County CoC,99.99999990304016,99.99999990758512
29540,"Lancaster, PA",2019,PA-510,Lancaster City & County CoC,99.99999989474965,99.9980054844061
29820,"Las Vegas-Henderson-North Las Vegas, NV",2019,NV-500,Las Vegas/Clark County CoC,99.999999963399,99.99999995555598
30780,"Little Rock-North Little Rock-Conway, AR",2019,AR-500,Little Rock/Central Arkansas CoC,55.75571832395112,77.60663276311833
30780,"Little Rock-North Little Rock-Conway, AR",2019,AR-503,Arkansas Balance of State  CoC,29.16944556687679,3.943897741593975
30780,"Little Rock-North Little Rock-Conway, AR",2019,AR-505,Southeast Arkansas CoC,15.074836109172333,5.479709457240597
31080,"Los Angeles-Long Beach-Anaheim, CA",2019,CA-600,Los Angeles City & County CoC,69.84464934735726,99.99999996067326
31080,"Los Angeles-Long Beach-Anaheim, CA",2019,CA-602,"Santa Ana, Anaheim/Orange County CoC",14.018938499321015,99.99999995012895
31140,"Louisville/Jefferson County, KY-IN",2019,KY-500,Kentucky Balance of State CoC,52.31537556368608,5.3207125745697255
31140,"Louisville/Jefferson County, KY-IN",2019,IN-502,Indiana Balance of State CoC,37.842981630113066,4.272359119029036
31140,"Louisville/Jefferson County, KY-IN",2019,KY-501,Louisville-Jefferson County CoC,9.84164279897818,99.99999999801469
31540,"Madison, WI",2019,WI-500,Wisconsin Balance of State CoC,63.432285882781116,3.9568992801818075
31540,"Madison, WI",2019,WI-503,Madison/Dane County CoC,36.56771411030841,99.98693843313397
32580,"McAllen-Edinburg-Mission, TX",2019,TX-607,Texas Balance of State CoC,99.9906772403477,0.6924265670313058
32820,"Memphis, TN-MS-AR",2019,MS-501,Mississippi Balance of State CoC,49.03932763714825,6.209562056081682
32820,"Memphis, TN-MS-AR",2019,TN-507,Jackson/West Tennessee CoC,23.01228405869323,10.323624294631681
32820,"Memphis, TN-MS-AR",2019,TN-501,Memphis/Shelby County CoC,15.314188228605463,99.9999999990951
32820,"Memphis, TN-MS-AR",2019,AR-503,Arkansas Balance of State  CoC,12.634200075552762,2.0749188405486594
33100,"Miami-Fort Lauderdale-West Palm Beach, FL",2019,FL-605,West Palm Beach/Palm Beach County CoC,36.441344256227815,99.99999996649372
33100,"Miami-Fort Lauderdale-West Palm Beach, FL",2019,FL-600,Miami-Dade County CoC,32.55377231895553,99.99999994789526
33100,"Miami-Fort Lauderdale-West Palm Beach, FL",2019,FL-601,Ft Lauderdale/Broward County CoC,20.141826505109808,99.9999999776822
33340,"Milwaukee-Waukesha, WI",2019,WI-500,Wisconsin Balance of State CoC,37.66918645239545,2.3052584644381002
33340,"Milwaukee-Waukesha, WI",2019,WI-501,Milwaukee City & County CoC,7.315460061065705,99.99999996310002
33460,"Minneapolis-St. Paul-Bloomington, MN-WI",2019,MN-505,St. Cloud/Central Minnesota CoC,36.37162731764836,22.401911890697164
33460,"Minneapolis-St. Paul-Bloomington, MN-WI",2019,MN-503,"Dakota, Anoka, Washington, Scott, Carver Counties CoC",29.26143549830108,99.6816072680699
33460,"Minneapolis-St. Paul-Bloomington, MN-WI",2019,WI-500,Wisconsin Balance of State CoC,17.657711361199624,2.4463283240689186
33460,"Minneapolis-St. Paul-Bloomington, MN-WI",2019,MN-500,Minneapolis/Hennepin County CoC,8.155283219891723,99.99999999999987
33460,"Minneapolis-St. Paul-Bloomington, MN-WI",2019,MN-502,Rochester/Southeast Minnesota CoC,6.301795735277661,3.9099930289004816
33460,"Minneapolis-St. Paul-Bloomington, MN-WI",2019,MN-501,St. Paul/Ramsey County CoC,2.2521468616861102,100.00000000000013
33700,"Modesto, CA",2019,CA-510,"Turlock, Modesto/Stanislaus County CoC",99.99999988361287,99.99999989335622
34980,"Nashville-Davidson--Murfreesboro--Franklin, TN",2019,TN-503,Central Tennessee CoC,58.7615313245054,41.88283166140695
34980,"Nashville-Davidson--Murfreesboro--Franklin, TN",2019,TN-506,Upper Cumberland CoC,23.21874487654252,20.917225775497663
34980,"Nashville-Davidson--Murfreesboro--Franklin, TN",2019,TN-510,Murfreesboro/Rutherford County CoC,9.784403561140604,99.999999947523
34980,"Nashville-Davidson--Murfreesboro--Franklin, TN",2019,TN-504,Nashville-Davidson County CoC,8.235320223252428,100.00000000000017
35380,"New Orleans-Metairie, LA",2019,LA-509,Louisiana Balance of State CoC,38.76252088555658,16.03341197717372
35380,"New Orleans-Metairie, LA",2019,LA-503,New Orleans/Jefferson Parish CoC,12.384722876450141,99.99999994107253
35620,"New York-Newark-Jersey City, NY-NJ",2019,NY-603,"Nassau, Suffolk Counties CoC",14.028049461610026,100.00000000000007
35620,"New York-Newark-Jersey City, NY-NJ",2019,NJ-516,"Warren, Sussex, Hunterdon Counties CoC",11.252564430581922,72.84485370467598
35620,"New York-Newark-Jersey City, NY-NJ",2019,NJ-510,Lakewood Township/Ocean County CoC,7.4452701362889995,99.99999995840192
35620,"New York-Newark-Jersey City, NY-NJ",2019,NJ-509,Morris County CoC,5.569776472165459,99.99999998141799
35620,"New York-Newark-Jersey City, NY-NJ",2019,NJ-508,Monmouth County CoC,5.525100932709312,99.99999997704481
35620,"New York-Newark-Jersey City, NY-NJ",2019,NY-604,"Yonkers, Mount Vernon/Westchester County CoC",5.2002996838290905,99.9999999504814
35620,"New York-Newark-Jersey City, NY-NJ",2019,NJ-507,New Brunswick/Middlesex County CoC,3.632822157054558,99.99999995909948
35620,"New York-Newark-Jersey City, NY-NJ",2019,NJ-513,Somerset County CoC,3.5273558597448385,99.99999997473692
35620,"New York-Newark-Jersey City, NY-NJ",2019,NY-600,New York City CoC,3.492539212389436,99.99999999999983
35620,"New York-Newark-Jersey City, NY-NJ",2019,NY-525,New York Balance of State CoC,2.8466278283601274,3.668727870709522
35620,"New York-Newark-Jersey City, NY-NJ",2019,NJ-501,Bergen County CoC,2.7708008630836036,99.99999999999912
35620,"New York-Newark-Jersey City, NY-NJ",2019,NJ-511,Paterson/Passaic County CoC,2.295878400096521,99.9999999748686
35620,"New York-Newark-Jersey City, NY-NJ",2019,NY-606,Rockland County CoC,2.067537940807904,99.99999994087703
35620,"New York-Newark-Jersey City, NY-NJ",2019,NJ-504,Newark/Essex County CoC,1.4790556371923806,100.00000000000031
35620,"New York-Newark-Jersey City, NY-NJ",2019,NJ-515,Elizabeth/Union County CoC,1.2022819531061442,100.00000000000023
35840,"North Port-Bradenton-Sarasota, FL",2019,FL-500,"Sarasota, Bradenton/Manatee, Sarasota Counties CoC",68.6601501528948,99.99999994780401
36260,"Ogden, UT",2019,UT-503,Utah Balance of State CoC,99.99999996324706,2.4170168146116526
36420,"Oklahoma City, OK",2019,OK-503,Oklahoma Balance of State CoC,37.54052534247334,11.035414857012885
36420,"Oklahoma City, OK",2019,OK-506,Southwest Oklahoma Regional CoC,30.191556450336947,11.921497051247584
36420,"Oklahoma City, OK",2019,OK-502,Oklahoma City CoC,11.113139537679913,99.92096509992469
36420,"Oklahoma City, OK",2019,OK-504,Norman/Cleveland County CoC,7.738806306815807,99.99999995926441
36540,"Omaha, NE-IA",2019,NE-500,Nebraska Balance of State CoC,39.00230704221113,2.2501226779604186
36540,"Omaha, NE-IA",2019,NE-501,"Omaha, Council Bluffs CoC",35.0793049861082,99.99999997421952
36540,"Omaha, NE-IA",2019,IA-501,Iowa Balance of State CoC,25.918387971680882,2.1230518963281897
36740,"Orlando-Kissimmee-Sanford, FL",2019,FL-507,"Orlando/Orange, Osceola, Seminole Counties CoC",71.16396778252978,99.99999992766392
36740,"Orlando-Kissimmee-Sanford, FL",2019,FL-520,"Citrus, Hernando, Lake, Sumter Counties CoC",28.83603214877829,40.484327340221185
37100,"Oxnard-Thousand Oaks-Ventura, CA",2019,CA-611,"Oxnard, San Buenaventura/Ventura County CoC",84.08820093094309,99.99999994170247
37340,"Palm Bay-Melbourne-Titusville, FL",2019,FL-513,"Palm Bay, Melbourne/Brevard County CoC",68.18451089899084,99.99999992287134
37980,"Philadelphia-Camden-Wilmington, PA-NJ-DE-MD",2019,NJ-502,Burlington County CoC,16.827075696488052,99.99999992782989
37980,"Philadelphia-Camden-Wilmington, PA-NJ-DE-MD",2019,PA-505,Chester County CoC,15.588154511144104,99.99999994663924
37980,"Philadelphia-Camden-Wilmington, PA-NJ-DE-MD",2019,PA-511,"Bristol, Bensalem/Bucks County CoC",12.76815093703573,99.99999992777677
37980,"Philadelphia-Camden-Wilmington, PA-NJ-DE-MD",2019,NJ-503,"Camden City & County/Gloucester, Cape May, Cumberland Counties CoC",11.397454282149615,42.157700620778485
37980,"Philadelphia-Camden-Wilmington, PA-NJ-DE-MD",2019,PA-504,"Lower Merion, Norristown, Abington/Montgomery County CoC",10.00359822640254,99.9999999715967
37980,"Philadelphia-Camden-Wilmington, PA-NJ-DE-MD",2019,DE-500,Delaware Statewide CoC,8.921248202678163,21.986064002896004
37980,"Philadelphia-Camden-Wilmington, PA-NJ-DE-MD",2019,MD-514,Maryland Balance of State CoC,7.354004988754455,8.793077681451303
37980,"Philadelphia-Camden-Wilmington, PA-NJ-DE-MD",2019,NJ-512,Salem County CoC,7.134817701043532,99.99999990433402
37980,"Philadelphia-Camden-Wilmington, PA-NJ-DE-MD",2019,PA-502,"Upper Darby, Chester, Haverford/Delaware County CoC",3.7993234185286635,100.00000000000028
37980,"Philadelphia-Camden-Wilmington, PA-NJ-DE-MD",2019,PA-500,Philadelphia CoC,2.890788150634437,100.00000000000023
38060,"Phoenix-Mesa-Chandler, AZ",2019,AZ-502,"Phoenix, Mesa/Maricopa County CoC",63.18883699950037,99.6978259593689
38060,"Phoenix-Mesa-Chandler, AZ",2019,AZ-500,Arizona Balance of State CoC,36.806431359242644,5.624925783823468
38300,"Pittsburgh, PA",2019,PA-601,Western Pennsylvania CoC,79.17966893263456,29.37288138203157
38300,"Pittsburgh, PA",2019,PA-600,"Pittsburgh, McKeesport, Penn Hills/Allegheny County CoC",13.03754367346417,99.99999999999989
38300,"Pittsburgh, PA",2019,PA-603,Beaver County CoC,7.782787371754936,99.99999997007991
38860,"Portland-South Portland, ME",2019,ME-500,Maine Statewide CoC,77.27294665743139,6.796607662629017
38900,"Portland-Vancouver-Hillsboro, OR-WA",2019,OR-507,Clackamas County CoC,27.606110718132143,99.99999995339037
38900,"Portland-Vancouver-Hillsboro, OR-WA",2019,WA-501,Washington Balance of State CoC,24.714646418567916,2.84964214052356
38900,"Portland-Vancouver-Hillsboro, OR-WA",2019,OR-505,Oregon Balance of State CoC,20.621993677891073,1.8321436371438002
38900,"Portland-Vancouver-Hillsboro, OR-WA",2019,OR-506,"Hillsboro, Beaverton/Washington County CoC",10.63351810773381,99.99999994991259
38900,"Portland-Vancouver-Hillsboro, OR-WA",2019,WA-508,Vancouver/Clark County CoC,9.606954512688178,99.3629751303478
38900,"Portland-Vancouver-Hillsboro, OR-WA",2019,OR-501,"Portland, Gresham/Multnomah County CoC",6.816776552138338,99.99999997546337
39300,"Providence-Warwick, RI-MA",2019,RI-500,Rhode Island Statewide CoC,48.60596273072072,99.99999995855082
39300,"Providence-Warwick, RI-MA",2019,MA-505,"New Bedford, Attleboro, Taunton/Bristol County CoC",24.054024788142183,99.99999993088015
39300,"Providence-Warwick, RI-MA",2019,MA-515,Fall River CoC,1.758581963430019,99.99999999999977
39340,"Provo-Orem-Lehi, UT",2019,UT-503,Utah Balance of State CoC,61.36120259488804,4.3185781304508435
39340,"Provo-Orem-Lehi, UT",2019,UT-504,Provo/Mountainland CoC,38.52318679134182,40.91002435586127
39580,"Raleigh-Cary, NC",2019,NC-503,North Carolina Balance of State CoC,60.06411154090907,3.285721909695653
39580,"Raleigh-Cary, NC",2019,NC-507,Raleigh/Wake County CoC,39.92295737073423,99.71607212577916
40060,"Richmond, VA",2019,VA-521,Virginia Balance of State CoC,50.61907984803751,9.414983282023618
40060,"Richmond, VA",2019,VA-500,"Richmond/Henrico, Chesterfield, Hanover Counties CoC",48.4309444797469,99.99999995117098
40140,"Riverside-San Bernardino-Ontario, CA",2019,CA-609,San Bernardino City & County CoC,73.35481509498386,99.99999998496948
40140,"Riverside-San Bernardino-Ontario, CA",2019,CA-608,Riverside City & County CoC,26.64518488590268,99.99999997490072
40380,"Rochester, NY",2019,NY-513,"Wayne, Ontario, Seneca, Yates Counties CoC",26.0496138216052,62.34494688903658
40380,"Rochester, NY",2019,NY-500,"Rochester, Irondequoit, Greece/Monroe County CoC",13.670568471270661,99.99999997154777
40380,"Rochester, NY",2019,NY-501,"Elmira/Steuben, Allegany, Livingston, Chemung, Schuyler Counties CoC",13.1455881813805,16.706821767443493
40380,"Rochester, NY",2019,NY-508,"Buffalo, Niagara Falls/Erie, Niagara, Orleans, Genesee, Wyoming Counties CoC",8.066816805098966,12.84524270256032
40900,"Sacramento-Roseville-Folsom, CA",2019,CA-525,El Dorado County CoC,33.674516033855056,99.99999995584031
40900,"Sacramento-Roseville-Folsom, CA",2019,CA-515,"Roseville, Rocklin/Placer County CoC",28.318510067432136,99.99999992852331
40900,"Sacramento-Roseville-Folsom, CA",2019,CA-521,"Davis, Woodland/Yolo County CoC",19.262342021740864,99.9999998985569
40900,"Sacramento-Roseville-Folsom, CA",2019,CA-503,Sacramento City & County CoC,18.744631805488375,99.99999990899207
41180,"St. Louis, MO-IL",2019,MO-503,"St. Charles, Lincoln, Warren Counties CoC",20.67145654093503,99.99999996627737
41180,"St. Louis, MO-IL",2019,MO-606,Missouri Balance of State CoC,19.732947868912344,2.560443517511938
41180,"St. Louis, MO-IL",2019,IL-515,South Central Illinois CoC,18.914916006498405,15.866128275631661
41180,"St. Louis, MO-IL",2019,IL-520,Southern Illinois CoC,15.870940412856923,11.547688352354205
41180,"St. Louis, MO-IL",2019,IL-504,Madison County CoC,9.198722717797187,99.9999999955582
41180,"St. Louis, MO-IL",2019,IL-508,"East St. Louis, Belleville/St. Clair County CoC",8.316475193254604,99.99999997515675
41180,"St. Louis, MO-IL",2019,MO-500,St. Louis County CoC,6.475759091181358,100.00000000000028
41620,"Salt Lake City-Murray, UT",2019,UT-503,Utah Balance of State CoC,90.04299609384758,9.239213520508086
41620,"Salt Lake City-Murray, UT",2019,UT-500,Salt Lake City & County CoC,9.957003891342362,99.2098930493259
41700,"San Antonio-New Braunfels, TX",2019,TX-607,Texas Balance of State CoC,82.68149987940656,2.66628188527174
41700,"San Antonio-New Braunfels, TX",2019,TX-500,San Antonio/Bexar County CoC,17.318500120593498,99.99999999999942
41740,"San Diego-Chula Vista-Carlsbad, CA",2019,CA-601,San Diego City and County CoC,93.60974941896029,99.99998733989615
41860,"San Francisco-Oakland-Fremont, CA",2019,CA-505,Contra Costa County CoC,22.14376393689357,99.99999992802594
41860,"San Francisco-Oakland-Fremont, CA",2019,CA-502,"Oakland, Berkeley/Alameda County CoC",21.716585171233092,99.99999995376135
41860,"San Francisco-Oakland-Fremont, CA",2019,CA-507,Marin County CoC,15.33872293784588,99.99999994065386
41860,"San Francisco-Oakland-Fremont, CA",2019,CA-512,Daly City/San Mateo County CoC,13.32724166105755,99.99999993991548
41860,"San Francisco-Oakland-Fremont, CA",2019,CA-501,San Francisco CoC,1.3843015543666881,100.00000000000016
41940,"San Jose-Sunnyvale-Santa Clara, CA",2019,CA-506,"Salinas/Monterey, San Benito Counties CoC",51.603585059082334,29.554083787844643
41940,"San Jose-Sunnyvale-Santa Clara, CA",2019,CA-500,San Jose/Santa Clara City & County CoC,48.18796324553788,99.99999989950201
42540,"Scranton--Wilkes-Barre, PA",2019,PA-503,"Wilkes-Barre, Hazleton/Luzerne County CoC",51.01381440086381,99.99999993730265
42540,"Scranton--Wilkes-Barre, PA",2019,PA-508,Scranton/Lackawanna County CoC,26.18337572553708,99.99999992140945
42540,"Scranton--Wilkes-Barre, PA",2019,PA-509,Eastern Pennsylvania CoC,22.802809873597994,1.9250478593710683
42660,"Seattle-Tacoma-Bellevue, WA",2019,WA-500,Seattle/King County CoC,34.741263938226034,99.99999997348287
42660,"Seattle-Tacoma-Bellevue, WA",2019,WA-504,Everett/Snohomish County CoC,33.427082628646595,99.99999996154249
42660,"Seattle-Tacoma-Bellevue, WA",2019,WA-503,"Tacoma, Lakewood/Pierce County CoC",26.786342217325664,99.99999994981941
44060,"Spokane-Spokane Valley, WA",2019,WA-501,Washington Balance of State CoC,58.77878324857095,4.2912901086926905
44060,"Spokane-Spokane Valley, WA",2019,WA-502,Spokane City & County CoC,41.21697634027527,99.99999994782152
44700,"Stockton-Lodi, CA",2019,CA-511,Stockton/San Joaquin County CoC,99.99999989513513,99.99999989876245
45060,"Syracuse, NY",2019,NY-505,"Syracuse, Auburn/Onondaga, Oswego, Cayuga Counties CoC",65.50347203894242,71.26160185586367
45060,"Syracuse, NY",2019,NY-518,"Utica, Rome/Oneida, Madison Counties CoC",23.796705079025912,34.45950382347148
45300,"Tampa-St. Petersburg-Clearwater, FL",2019,FL-501,Tampa/Hillsborough County CoC,27.357423637885276,99.99999994606065
45300,"Tampa-St. Petersburg-Clearwater, FL",2019,FL-519,Pasco County CoC,19.492635950930588,99.9999999732736
45300,"Tampa-St. Petersburg-Clearwater, FL",2019,FL-520,"Citrus, Hernando, Lake, Sumter Counties CoC",12.464293733125082,17.12029804787176
45300,"Tampa-St. Petersburg-Clearwater, FL",2019,FL-502,"St. Petersburg, Clearwater, Largo/Pinellas County CoC",7.424041554672621,100.00000000000047
45780,"Toledo, OH",2019,OH-507,Ohio Balance of State CoC,63.301111386182505,2.73590328460094
45780,"Toledo, OH",2019,OH-501,Toledo/Lucas County CoC,21.312752548856036,99.9999999230938
46060,"Tucson, AZ",2019,AZ-501,Tucson/Pima County CoC,98.67870069563173,99.99999945832292
46140,"Tulsa, OK",2019,OK-500,North Central Oklahoma CoC,59.197647267975874,46.22849650825252
46140,"Tulsa, OK",2019,OK-505,Northeast Oklahoma CoC,19.514606716146925,17.86637656542429
46140,"Tulsa, OK",2019,OK-507,Southeastern Oklahoma Regional CoC,10.873500174324645,3.8552842699621457
46140,"Tulsa, OK",2019,OK-501,Tulsa City & County CoC,10.414245834604902,99.99999998656976
46520,"Urban Honolulu, HI",2019,HI-501,Honolulu City and County CoC,27.85175696387881,100.00000000000003
47260,"Virginia Beach-Chesapeake-Norfolk, VA-NC",2019,VA-501,"Norfolk, Chesapeake, Suffolk/Isle of Wight, Southampton Counties CoC",25.055266426171535,65.13494890053377
47260,"Virginia Beach-Chesapeake-Norfolk, VA-NC",2019,NC-503,North Carolina Balance of State CoC,18.570404716170703,2.1542675297167073
47260,"Virginia Beach-Chesapeake-Norfolk, VA-NC",2019,VA-521,Virginia Balance of State CoC,12.92666369058849,2.4371810326811247
47260,"Virginia Beach-Chesapeake-Norfolk, VA-NC",2019,VA-505,"Newport News, Hampton/Virginia Peninsula CoC",8.883980370685892,99.99999995229298
47260,"Virginia Beach-Chesapeake-Norfolk, VA-NC",2019,VA-503,Virginia Beach CoC,5.772943599943354,99.99999999999949
47900,"Washington-Arlington-Alexandria, DC-VA-MD-WV",2019,VA-521,Virginia Balance of State CoC,20.540444263068615,5.389293357678703
47900,"Washington-Arlington-Alexandria, DC-VA-MD-WV",2019,MD-514,Maryland Balance of State CoC,17.821882910570043,27.725003931119918
47900,"Washington-Arlington-Alexandria, DC-VA-MD-WV",2019,VA-514,"Fredericksburg/Spotsylvania, Stafford Counties CoC",11.028627226203263,49.20435246672693
47900,"Washington-Arlington-Alexandria, DC-VA-MD-WV",2019,VA-602,Loudoun County CoC,8.227236160475847,99.99999999742057
47900,"Washington-Arlington-Alexandria, DC-VA-MD-WV",2019,MD-601,Montgomery County CoC,7.999537882607662,99.99999995694304
47900,"Washington-Arlington-Alexandria, DC-VA-MD-WV",2019,MD-600,Prince George's County CoC,7.696489817272766,99.99999991911959
47900,"Washington-Arlington-Alexandria, DC-VA-MD-WV",2019,VA-601,Fairfax County CoC,6.397899132618735,99.99999999999926
47900,"Washington-Arlington-Alexandria, DC-VA-MD-WV",2019,VA-513,"Harrisonburg, Winchester/Western Virginia CoC",6.2499427982528415,15.734429715329243
47900,"Washington-Arlington-Alexandria, DC-VA-MD-WV",2019,VA-604,Prince William County CoC,5.574199485821005,99.99999999999999
47900,"Washington-Arlington-Alexandria, DC-VA-MD-WV",2019,WV-508,West Virginia Balance of State CoC,3.3403910096461993,1.0397591538543642
48620,"Wichita, KS",2019,KS-507,Kansas Balance of State CoC,75.86600579489789,3.96152406252813
48620,"Wichita, KS",2019,KS-502,Wichita/Sedgwick County CoC,24.133994198219447,99.99999996951323
49180,"Winston-Salem, NC",2019,NC-503,North Carolina Balance of State CoC,79.66727403132201,4.1414084796263095
49180,"Winston-Salem, NC",2019,NC-500,Winston-Salem/Forsyth County CoC,20.181092070714087,99.9999999742697
49340,"Worcester, MA",2019,MA-506,Worcester City & County CoC,99.99999990029467,99.99999990161716
