msa_population_rank_2020_census,msa_id,cbsa_code,msa_name,msa_2020_census_population,year,pit_total,pit_sheltered,pit_unsheltered,republican_votes,democratic_votes,two_party_votes,totalvotes,republican_vote_share,democratic_vote_share,democratic_margin_votes,democratic_margin_share,major_party_vote_share,presidential_votes_applicable,medsl_county_count,missing_presidential_vote_county_count,missing_presidential_vote_counties,coc_count,covered_coc_count,missing_coc_count,missing_cocs,coc_population_coverage_ratio,msa_population_coverage_ratio,allocation_share_sum,expected_allocation_share_sum,unmapped_source_coc_count,unmapped_source_cocs,unmapped_source_additive_measure_totals,allocation_basis,denominator_source,boundary_vintage,county_vintage,block_vintage,decennial_vintage,msa_definition_version,source
1,35620,35620,"New York-Newark-Jersey City, NY-NJ",20081935,2020,91340.48137629197,85957.30254311499,5383.178833176968,3019998,5398959,8418957,8550911,0.35317850928398153,0.6313899185712493,2378961,0.27821140928726773,0.9845684278552309,True,22,0,,19,19,0,,1.0,0.9995105278819839,15.900270967389197,15.900270967389197,187,"AK-500,AK-501,AL-501,AL-502,AL-503,AL-504,AL-505,AL-506,AR-500,AR-501,AR-505,AZ-501,CA-504,CA-508,CA-509,CA-510,CA-511,CA-513,CA-516,CA-517,CA-518,CA-519,CA-520,CA-522,CA-523,CA-524,CA-526,CA-527,CA-529,CA-530,CA-531,CA-603,CA-604,CA-613,CA-614,CO-504,CO-505,FL-500,FL-503,FL-504,FL-505,FL-506,FL-508,FL-509,FL-511,FL-513,FL-514,FL-515,FL-517,FL-518,FL-602,FL-603,FL-604,FL-606,GA-503,GA-504,GA-505,GA-507,GU-500,HI-500,HI-501,IA-500,IA-501,IA-502,ID-500,ID-501,IL-503,IL-507,IL-512,IL-513,IL-516,IL-518,KS-502,KS-503,KY-502,LA-500,LA-502,LA-503,LA-505,LA-506,LA-507,LA-509,MA-503,MA-504,MA-507,MD-500,MD-507,MD-508,MD-510,MD-512,MD-513,MI-506,MI-507,MI-508,MI-509,MI-510,MI-511,MI-512,MI-514,MI-515,MI-516,MI-517,MI-519,MI-523,MN-504,MN-506,MN-508,MN-509,MO-600,MO-602,MO-603,MP-500,MS-500,MS-503,MT-500,NC-500,NC-501,NC-504,NC-506,NC-511,NC-513,NC-516,ND-500,NE-500,NE-501,NE-502,NH-501,NH-502,NJ-500,NJ-514,NM-500,NM-501,NV-501,NV-502,NY-500,NY-501,NY-503,NY-505,NY-507,NY-510,NY-511,NY-512,NY-513,NY-514,NY-518,NY-519,NY-520,NY-522,NY-523,NY-608,OH-501,OH-506,OH-508,OK-501,OK-505,OR-500,OR-502,OR-503,OR-504,PA-501,PA-503,PA-506,PA-508,PA-509,PA-510,SC-500,SC-503,SD-500,TN-500,TN-502,TN-509,TN-512,TX-603,TX-604,TX-611,UT-504,VA-502,VA-508,VI-500,VT-500,VT-501,WA-502,WI-502,WI-503,WV-501,WV-503,WY-500","{""pit_sheltered"":72656.0,""pit_total"":122895.0,""pit_unsheltered"":50239.0}",block_population,pl_94_171_block_population,2020,2023,2020,2020,census_msa_2023,msa_fractional_rollup_population_basis_pit2020_vintage
2,31080,31080,"Los Angeles-Long Beach-Anaheim, CA",13200998,2020,73413.11383620178,21411.754333971592,52001.35950223018,1822028,3842894,5664922,5786478,0.31487685600809334,0.6641162378911663,2020866,0.3492393818830729,0.9789930938992596,True,2,0,,8,8,0,,1.0,0.9998865532942317,5.0000184813315816,5.0000184813315816,187,"AK-500,AK-501,AL-501,AL-502,AL-503,AL-504,AL-505,AL-506,AR-500,AR-501,AR-505,AZ-501,CA-504,CA-508,CA-509,CA-510,CA-511,CA-513,CA-516,CA-517,CA-518,CA-519,CA-520,CA-522,CA-523,CA-524,CA-526,CA-527,CA-529,CA-530,CA-531,CA-603,CA-604,CA-613,CA-614,CO-504,CO-505,FL-500,FL-503,FL-504,FL-505,FL-506,FL-508,FL-509,FL-511,FL-513,FL-514,FL-515,FL-517,FL-518,FL-602,FL-603,FL-604,FL-606,GA-503,GA-504,GA-505,GA-507,GU-500,HI-500,HI-501,IA-500,IA-501,IA-502,ID-500,ID-501,IL-503,IL-507,IL-512,IL-513,IL-516,IL-518,KS-502,KS-503,KY-502,LA-500,LA-502,LA-503,LA-505,LA-506,LA-507,LA-509,MA-503,MA-504,MA-507,MD-500,MD-507,MD-508,MD-510,MD-512,MD-513,MI-506,MI-507,MI-508,MI-509,MI-510,MI-511,MI-512,MI-514,MI-515,MI-516,MI-517,MI-519,MI-523,MN-504,MN-506,MN-508,MN-509,MO-600,MO-602,MO-603,MP-500,MS-500,MS-503,MT-500,NC-500,NC-501,NC-504,NC-506,NC-511,NC-513,NC-516,ND-500,NE-500,NE-501,NE-502,NH-501,NH-502,NJ-500,NJ-514,NM-500,NM-501,NV-501,NV-502,NY-500,NY-501,NY-503,NY-505,NY-507,NY-510,NY-511,NY-512,NY-513,NY-514,NY-518,NY-519,NY-520,NY-522,NY-523,NY-608,OH-501,OH-506,OH-508,OK-501,OK-505,OR-500,OR-502,OR-503,OR-504,PA-501,PA-503,PA-506,PA-508,PA-509,PA-510,SC-500,SC-503,SD-500,TN-500,TN-502,TN-509,TN-512,TX-603,TX-604,TX-611,UT-504,VA-502,VA-508,VI-500,VT-500,VT-501,WA-502,WI-502,WI-503,WV-501,WV-503,WY-500","{""pit_sheltered"":72656.0,""pit_total"":122895.0,""pit_unsheltered"":50239.0}",block_population,pl_94_171_block_population,2020,2023,2020,2020,census_msa_2023,msa_fractional_rollup_population_basis_pit2020_vintage
3,16980,16980,"Chicago-Naperville-Elgin, IL-IN",9449351,2020,8307.78744574441,6400.972493265319,1906.8149524790917,1430638,2840822,4271460,4348648,0.3289845487609022,0.6532655666772753,1410184,0.3242810179163731,0.9822501154381775,True,13,0,,9,9,0,,1.0,0.9999637337433548,7.352493799761096,7.352493799761096,187,"AK-500,AK-501,AL-501,AL-502,AL-503,AL-504,AL-505,AL-506,AR-500,AR-501,AR-505,AZ-501,CA-504,CA-508,CA-509,CA-510,CA-511,CA-513,CA-516,CA-517,CA-518,CA-519,CA-520,CA-522,CA-523,CA-524,CA-526,CA-527,CA-529,CA-530,CA-531,CA-603,CA-604,CA-613,CA-614,CO-504,CO-505,FL-500,FL-503,FL-504,FL-505,FL-506,FL-508,FL-509,FL-511,FL-513,FL-514,FL-515,FL-517,FL-518,FL-602,FL-603,FL-604,FL-606,GA-503,GA-504,GA-505,GA-507,GU-500,HI-500,HI-501,IA-500,IA-501,IA-502,ID-500,ID-501,IL-503,IL-507,IL-512,IL-513,IL-516,IL-518,KS-502,KS-503,KY-502,LA-500,LA-502,LA-503,LA-505,LA-506,LA-507,LA-509,MA-503,MA-504,MA-507,MD-500,MD-507,MD-508,MD-510,MD-512,MD-513,MI-506,MI-507,MI-508,MI-509,MI-510,MI-511,MI-512,MI-514,MI-515,MI-516,MI-517,MI-519,MI-523,MN-504,MN-506,MN-508,MN-509,MO-600,MO-602,MO-603,MP-500,MS-500,MS-503,MT-500,NC-500,NC-501,NC-504,NC-506,NC-511,NC-513,NC-516,ND-500,NE-500,NE-501,NE-502,NH-501,NH-502,NJ-500,NJ-514,NM-500,NM-501,NV-501,NV-502,NY-500,NY-501,NY-503,NY-505,NY-507,NY-510,NY-511,NY-512,NY-513,NY-514,NY-518,NY-519,NY-520,NY-522,NY-523,NY-608,OH-501,OH-506,OH-508,OK-501,OK-505,OR-500,OR-502,OR-503,OR-504,PA-501,PA-503,PA-506,PA-508,PA-509,PA-510,SC-500,SC-503,SD-500,TN-500,TN-502,TN-509,TN-512,TX-603,TX-604,TX-611,UT-504,VA-502,VA-508,VI-500,VT-500,VT-501,WA-502,WI-502,WI-503,WV-501,WV-503,WY-500","{""pit_sheltered"":72656.0,""pit_total"":122895.0,""pit_unsheltered"":50239.0}",block_population,pl_94_171_block_population,2020,2023,2020,2020,census_msa_2023,msa_fractional_rollup_population_basis_pit2020_vintage
4,19100,19100,"Dallas-Fort Worth-Arlington, TX",7637387,2020,7756.236026424795,4625.890578350305,3130.3454480744913,1495550,1535525,3031075,3078233,0.48584691282303843,0.4988332592107225,39975,0.012986346387684089,0.9846801720337609,True,11,0,,4,4,0,,1.0,1.0,2.328025138254932,2.328025138254932,187,"AK-500,AK-501,AL-501,AL-502,AL-503,AL-504,AL-505,AL-506,AR-500,AR-501,AR-505,AZ-501,CA-504,CA-508,CA-509,CA-510,CA-511,CA-513,CA-516,CA-517,CA-518,CA-519,CA-520,CA-522,CA-523,CA-524,CA-526,CA-527,CA-529,CA-530,CA-531,CA-603,CA-604,CA-613,CA-614,CO-504,CO-505,FL-500,FL-503,FL-504,FL-505,FL-506,FL-508,FL-509,FL-511,FL-513,FL-514,FL-515,FL-517,FL-518,FL-602,FL-603,FL-604,FL-606,GA-503,GA-504,GA-505,GA-507,GU-500,HI-500,HI-501,IA-500,IA-501,IA-502,ID-500,ID-501,IL-503,IL-507,IL-512,IL-513,IL-516,IL-518,KS-502,KS-503,KY-502,LA-500,LA-502,LA-503,LA-505,LA-506,LA-507,LA-509,MA-503,MA-504,MA-507,MD-500,MD-507,MD-508,MD-510,MD-512,MD-513,MI-506,MI-507,MI-508,MI-509,MI-510,MI-511,MI-512,MI-514,MI-515,MI-516,MI-517,MI-519,MI-523,MN-504,MN-506,MN-508,MN-509,MO-600,MO-602,MO-603,MP-500,MS-500,MS-503,MT-500,NC-500,NC-501,NC-504,NC-506,NC-511,NC-513,NC-516,ND-500,NE-500,NE-501,NE-502,NH-501,NH-502,NJ-500,NJ-514,NM-500,NM-501,NV-501,NV-502,NY-500,NY-501,NY-503,NY-505,NY-507,NY-510,NY-511,NY-512,NY-513,NY-514,NY-518,NY-519,NY-520,NY-522,NY-523,NY-608,OH-501,OH-506,OH-508,OK-501,OK-505,OR-500,OR-502,OR-503,OR-504,PA-501,PA-503,PA-506,PA-508,PA-509,PA-510,SC-500,SC-503,SD-500,TN-500,TN-502,TN-509,TN-512,TX-603,TX-604,TX-611,UT-504,VA-502,VA-508,VI-500,VT-500,VT-501,WA-502,WI-502,WI-503,WV-501,WV-503,WY-500","{""pit_sheltered"":72656.0,""pit_total"":122895.0,""pit_unsheltered"":50239.0}",block_population,pl_94_171_block_population,2020,2023,2020,2020,census_msa_2023,msa_fractional_rollup_population_basis_pit2020_vintage
5,26420,26420,"Houston-Pasadena-The Woodlands, TX",7149642,2020,4775.79201781266,2617.2554900052814,2158.5365278073778,1312597,1332453,2645050,2680833,0.48962281499817406,0.4970294680795111,19856,0.0074066530813370335,0.9866522830776852,True,10,0,,2,2,0,,1.0,0.9999539322281406,1.0871702563336245,1.0871702563336245,187,"AK-500,AK-501,AL-501,AL-502,AL-503,AL-504,AL-505,AL-506,AR-500,AR-501,AR-505,AZ-501,CA-504,CA-508,CA-509,CA-510,CA-511,CA-513,CA-516,CA-517,CA-518,CA-519,CA-520,CA-522,CA-523,CA-524,CA-526,CA-527,CA-529,CA-530,CA-531,CA-603,CA-604,CA-613,CA-614,CO-504,CO-505,FL-500,FL-503,FL-504,FL-505,FL-506,FL-508,FL-509,FL-511,FL-513,FL-514,FL-515,FL-517,FL-518,FL-602,FL-603,FL-604,FL-606,GA-503,GA-504,GA-505,GA-507,GU-500,HI-500,HI-501,IA-500,IA-501,IA-502,ID-500,ID-501,IL-503,IL-507,IL-512,IL-513,IL-516,IL-518,KS-502,KS-503,KY-502,LA-500,LA-502,LA-503,LA-505,LA-506,LA-507,LA-509,MA-503,MA-504,MA-507,MD-500,MD-507,MD-508,MD-510,MD-512,MD-513,MI-506,MI-507,MI-508,MI-509,MI-510,MI-511,MI-512,MI-514,MI-515,MI-516,MI-517,MI-519,MI-523,MN-504,MN-506,MN-508,MN-509,MO-600,MO-602,MO-603,MP-500,MS-500,MS-503,MT-500,NC-500,NC-501,NC-504,NC-506,NC-511,NC-513,NC-516,ND-500,NE-500,NE-501,NE-502,NH-501,NH-502,NJ-500,NJ-514,NM-500,NM-501,NV-501,NV-502,NY-500,NY-501,NY-503,NY-505,NY-507,NY-510,NY-511,NY-512,NY-513,NY-514,NY-518,NY-519,NY-520,NY-522,NY-523,NY-608,OH-501,OH-506,OH-508,OK-501,OK-505,OR-500,OR-502,OR-503,OR-504,PA-501,PA-503,PA-506,PA-508,PA-509,PA-510,SC-500,SC-503,SD-500,TN-500,TN-502,TN-509,TN-512,TX-603,TX-604,TX-611,UT-504,VA-502,VA-508,VI-500,VT-500,VT-501,WA-502,WI-502,WI-503,WV-501,WV-503,WY-500","{""pit_sheltered"":72656.0,""pit_total"":122895.0,""pit_unsheltered"":50239.0}",block_population,pl_94_171_block_population,2020,2023,2020,2020,census_msa_2023,msa_fractional_rollup_population_basis_pit2020_vintage
6,47900,47900,"Washington-Arlington-Alexandria, DC-VA-MD-WV",6278542,2020,10083.79444057467,8847.678603312697,1236.115837261973,787772,2295373,3083145,3152961,0.24985148880687075,0.7280055160847216,1507601,0.4781540272778509,0.9778570048915923,True,23,0,,15,14,1,MD-514,0.977894038102465,0.9734709490961785,10.120592976530842,10.349375885519402,187,"AK-500,AK-501,AL-501,AL-502,AL-503,AL-504,AL-505,AL-506,AR-500,AR-501,AR-505,AZ-501,CA-504,CA-508,CA-509,CA-510,CA-511,CA-513,CA-516,CA-517,CA-518,CA-519,CA-520,CA-522,CA-523,CA-524,CA-526,CA-527,CA-529,CA-530,CA-531,CA-603,CA-604,CA-613,CA-614,CO-504,CO-505,FL-500,FL-503,FL-504,FL-505,FL-506,FL-508,FL-509,FL-511,FL-513,FL-514,FL-515,FL-517,FL-518,FL-602,FL-603,FL-604,FL-606,GA-503,GA-504,GA-505,GA-507,GU-500,HI-500,HI-501,IA-500,IA-501,IA-502,ID-500,ID-501,IL-503,IL-507,IL-512,IL-513,IL-516,IL-518,KS-502,KS-503,KY-502,LA-500,LA-502,LA-503,LA-505,LA-506,LA-507,LA-509,MA-503,MA-504,MA-507,MD-500,MD-507,MD-508,MD-510,MD-512,MD-513,MI-506,MI-507,MI-508,MI-509,MI-510,MI-511,MI-512,MI-514,MI-515,MI-516,MI-517,MI-519,MI-523,MN-504,MN-506,MN-508,MN-509,MO-600,MO-602,MO-603,MP-500,MS-500,MS-503,MT-500,NC-500,NC-501,NC-504,NC-506,NC-511,NC-513,NC-516,ND-500,NE-500,NE-501,NE-502,NH-501,NH-502,NJ-500,NJ-514,NM-500,NM-501,NV-501,NV-502,NY-500,NY-501,NY-503,NY-505,NY-507,NY-510,NY-511,NY-512,NY-513,NY-514,NY-518,NY-519,NY-520,NY-522,NY-523,NY-608,OH-501,OH-506,OH-508,OK-501,OK-505,OR-500,OR-502,OR-503,OR-504,PA-501,PA-503,PA-506,PA-508,PA-509,PA-510,SC-500,SC-503,SD-500,TN-500,TN-502,TN-509,TN-512,TX-603,TX-604,TX-611,UT-504,VA-502,VA-508,VI-500,VT-500,VT-501,WA-502,WI-502,WI-503,WV-501,WV-503,WY-500","{""pit_sheltered"":72656.0,""pit_total"":122895.0,""pit_unsheltered"":50239.0}",block_population,pl_94_171_block_population,2020,2023,2020,2020,census_msa_2023,msa_fractional_rollup_population_basis_pit2020_vintage
7,37980,37980,"Philadelphia-Camden-Wilmington, PA-NJ-DE-MD",6245051,2020,9199.360265421197,7798.069413588447,1401.2908518327517,1162186,2159492,3321678,3357985,0.3460962452184867,0.6430916159542106,997306,0.2969953707357239,0.9891878611726973,True,11,0,,10,9,1,MD-514,0.9832170429985658,0.9833897630463444,8.345084454578949,8.487530310834046,187,"AK-500,AK-501,AL-501,AL-502,AL-503,AL-504,AL-505,AL-506,AR-500,AR-501,AR-505,AZ-501,CA-504,CA-508,CA-509,CA-510,CA-511,CA-513,CA-516,CA-517,CA-518,CA-519,CA-520,CA-522,CA-523,CA-524,CA-526,CA-527,CA-529,CA-530,CA-531,CA-603,CA-604,CA-613,CA-614,CO-504,CO-505,FL-500,FL-503,FL-504,FL-505,FL-506,FL-508,FL-509,FL-511,FL-513,FL-514,FL-515,FL-517,FL-518,FL-602,FL-603,FL-604,FL-606,GA-503,GA-504,GA-505,GA-507,GU-500,HI-500,HI-501,IA-500,IA-501,IA-502,ID-500,ID-501,IL-503,IL-507,IL-512,IL-513,IL-516,IL-518,KS-502,KS-503,KY-502,LA-500,LA-502,LA-503,LA-505,LA-506,LA-507,LA-509,MA-503,MA-504,MA-507,MD-500,MD-507,MD-508,MD-510,MD-512,MD-513,MI-506,MI-507,MI-508,MI-509,MI-510,MI-511,MI-512,MI-514,MI-515,MI-516,MI-517,MI-519,MI-523,MN-504,MN-506,MN-508,MN-509,MO-600,MO-602,MO-603,MP-500,MS-500,MS-503,MT-500,NC-500,NC-501,NC-504,NC-506,NC-511,NC-513,NC-516,ND-500,NE-500,NE-501,NE-502,NH-501,NH-502,NJ-500,NJ-514,NM-500,NM-501,NV-501,NV-502,NY-500,NY-501,NY-503,NY-505,NY-507,NY-510,NY-511,NY-512,NY-513,NY-514,NY-518,NY-519,NY-520,NY-522,NY-523,NY-608,OH-501,OH-506,OH-508,OK-501,OK-505,OR-500,OR-502,OR-503,OR-504,PA-501,PA-503,PA-506,PA-508,PA-509,PA-510,SC-500,SC-503,SD-500,TN-500,TN-502,TN-509,TN-512,TX-603,TX-604,TX-611,UT-504,VA-502,VA-508,VI-500,VT-500,VT-501,WA-502,WI-502,WI-503,WV-501,WV-503,WY-500","{""pit_sheltered"":72656.0,""pit_total"":122895.0,""pit_unsheltered"":50239.0}",block_population,pl_94_171_block_population,2020,2023,2020,2020,census_msa_2023,msa_fractional_rollup_population_basis_pit2020_vintage
8,33100,33100,"Miami-Fort Lauderdale-West Palm Beach, FL",6138333,2020,7280.990836876271,4246.997087218937,3033.9937496573334,1200953,1670188,2871141,2887646,0.4158934301503716,0.5783908415366703,469235,0.1624974113862987,0.9942842716870419,True,3,0,,3,3,0,,1.0,0.998558510360075,2.999993931706149,2.999993931706149,187,"AK-500,AK-501,AL-501,AL-502,AL-503,AL-504,AL-505,AL-506,AR-500,AR-501,AR-505,AZ-501,CA-504,CA-508,CA-509,CA-510,CA-511,CA-513,CA-516,CA-517,CA-518,CA-519,CA-520,CA-522,CA-523,CA-524,CA-526,CA-527,CA-529,CA-530,CA-531,CA-603,CA-604,CA-613,CA-614,CO-504,CO-505,FL-500,FL-503,FL-504,FL-505,FL-506,FL-508,FL-509,FL-511,FL-513,FL-514,FL-515,FL-517,FL-518,FL-602,FL-603,FL-604,FL-606,GA-503,GA-504,GA-505,GA-507,GU-500,HI-500,HI-501,IA-500,IA-501,IA-502,ID-500,ID-501,IL-503,IL-507,IL-512,IL-513,IL-516,IL-518,KS-502,KS-503,KY-502,LA-500,LA-502,LA-503,LA-505,LA-506,LA-507,LA-509,MA-503,MA-504,MA-507,MD-500,MD-507,MD-508,MD-510,MD-512,MD-513,MI-506,MI-507,MI-508,MI-509,MI-510,MI-511,MI-512,MI-514,MI-515,MI-516,MI-517,MI-519,MI-523,MN-504,MN-506,MN-508,MN-509,MO-600,MO-602,MO-603,MP-500,MS-500,MS-503,MT-500,NC-500,NC-501,NC-504,NC-506,NC-511,NC-513,NC-516,ND-500,NE-500,NE-501,NE-502,NH-501,NH-502,NJ-500,NJ-514,NM-500,NM-501,NV-501,NV-502,NY-500,NY-501,NY-503,NY-505,NY-507,NY-510,NY-511,NY-512,NY-513,NY-514,NY-518,NY-519,NY-520,NY-522,NY-523,NY-608,OH-501,OH-506,OH-508,OK-501,OK-505,OR-500,OR-502,OR-503,OR-504,PA-501,PA-503,PA-506,PA-508,PA-509,PA-510,SC-500,SC-503,SD-500,TN-500,TN-502,TN-509,TN-512,TX-603,TX-604,TX-611,UT-504,VA-502,VA-508,VI-500,VT-500,VT-501,WA-502,WI-502,WI-503,WV-501,WV-503,WY-500","{""pit_sheltered"":72656.0,""pit_total"":122895.0,""pit_unsheltered"":50239.0}",block_population,pl_94_171_block_population,2020,2023,2020,2020,census_msa_2023,msa_fractional_rollup_population_basis_pit2020_vintage
9,12060,12060,"Atlanta-Sandy Springs-Roswell, GA",6104803,2020,6379.840726047525,4005.752953612597,2374.0877724349284,1234949,1686086,2921035,2959653,0.417261415442959,0.5696904333041745,451137,0.15242901786121543,0.9869518487471335,True,29,0,,5,5,0,,1.0,1.0,4.481913250413319,4.481913250413319,187,"AK-500,AK-501,AL-501,AL-502,AL-503,AL-504,AL-505,AL-506,AR-500,AR-501,AR-505,AZ-501,CA-504,CA-508,CA-509,CA-510,CA-511,CA-513,CA-516,CA-517,CA-518,CA-519,CA-520,CA-522,CA-523,CA-524,CA-526,CA-527,CA-529,CA-530,CA-531,CA-603,CA-604,CA-613,CA-614,CO-504,CO-505,FL-500,FL-503,FL-504,FL-505,FL-506,FL-508,FL-509,FL-511,FL-513,FL-514,FL-515,FL-517,FL-518,FL-602,FL-603,FL-604,FL-606,GA-503,GA-504,GA-505,GA-507,GU-500,HI-500,HI-501,IA-500,IA-501,IA-502,ID-500,ID-501,IL-503,IL-507,IL-512,IL-513,IL-516,IL-518,KS-502,KS-503,KY-502,LA-500,LA-502,LA-503,LA-505,LA-506,LA-507,LA-509,MA-503,MA-504,MA-507,MD-500,MD-507,MD-508,MD-510,MD-512,MD-513,MI-506,MI-507,MI-508,MI-509,MI-510,MI-511,MI-512,MI-514,MI-515,MI-516,MI-517,MI-519,MI-523,MN-504,MN-506,MN-508,MN-509,MO-600,MO-602,MO-603,MP-500,MS-500,MS-503,MT-500,NC-500,NC-501,NC-504,NC-506,NC-511,NC-513,NC-516,ND-500,NE-500,NE-501,NE-502,NH-501,NH-502,NJ-500,NJ-514,NM-500,NM-501,NV-501,NV-502,NY-500,NY-501,NY-503,NY-505,NY-507,NY-510,NY-511,NY-512,NY-513,NY-514,NY-518,NY-519,NY-520,NY-522,NY-523,NY-608,OH-501,OH-506,OH-508,OK-501,OK-505,OR-500,OR-502,OR-503,OR-504,PA-501,PA-503,PA-506,PA-508,PA-509,PA-510,SC-500,SC-503,SD-500,TN-500,TN-502,TN-509,TN-512,TX-603,TX-604,TX-611,UT-504,VA-502,VA-508,VI-500,VT-500,VT-501,WA-502,WI-502,WI-503,WV-501,WV-503,WY-500","{""pit_sheltered"":72656.0,""pit_total"":122895.0,""pit_unsheltered"":50239.0}",block_population,pl_94_171_block_population,2020,2023,2020,2020,census_msa_2023,msa_fractional_rollup_population_basis_pit2020_vintage
10,14460,14460,"Boston-Cambridge-Newton, MA-NH",4941632,2020,14890.492273039154,13920.321424051908,970.1708489872456,803274,1743643,2546917,2618492,0.3067696979788367,0.6658958667813383,940369,0.3591261688025016,0.972665564760175,True,7,0,,11,10,1,MA-510_and_MA-516_Shared_Jurisdiction,0.8818798742534008,0.8133271133526851,7.465955070899612,8.465954705248588,187,"AK-500,AK-501,AL-501,AL-502,AL-503,AL-504,AL-505,AL-506,AR-500,AR-501,AR-505,AZ-501,CA-504,CA-508,CA-509,CA-510,CA-511,CA-513,CA-516,CA-517,CA-518,CA-519,CA-520,CA-522,CA-523,CA-524,CA-526,CA-527,CA-529,CA-530,CA-531,CA-603,CA-604,CA-613,CA-614,CO-504,CO-505,FL-500,FL-503,FL-504,FL-505,FL-506,FL-508,FL-509,FL-511,FL-513,FL-514,FL-515,FL-517,FL-518,FL-602,FL-603,FL-604,FL-606,GA-503,GA-504,GA-505,GA-507,GU-500,HI-500,HI-501,IA-500,IA-501,IA-502,ID-500,ID-501,IL-503,IL-507,IL-512,IL-513,IL-516,IL-518,KS-502,KS-503,KY-502,LA-500,LA-502,LA-503,LA-505,LA-506,LA-507,LA-509,MA-503,MA-504,MA-507,MD-500,MD-507,MD-508,MD-510,MD-512,MD-513,MI-506,MI-507,MI-508,MI-509,MI-510,MI-511,MI-512,MI-514,MI-515,MI-516,MI-517,MI-519,MI-523,MN-504,MN-506,MN-508,MN-509,MO-600,MO-602,MO-603,MP-500,MS-500,MS-503,MT-500,NC-500,NC-501,NC-504,NC-506,NC-511,NC-513,NC-516,ND-500,NE-500,NE-501,NE-502,NH-501,NH-502,NJ-500,NJ-514,NM-500,NM-501,NV-501,NV-502,NY-500,NY-501,NY-503,NY-505,NY-507,NY-510,NY-511,NY-512,NY-513,NY-514,NY-518,NY-519,NY-520,NY-522,NY-523,NY-608,OH-501,OH-506,OH-508,OK-501,OK-505,OR-500,OR-502,OR-503,OR-504,PA-501,PA-503,PA-506,PA-508,PA-509,PA-510,SC-500,SC-503,SD-500,TN-500,TN-502,TN-509,TN-512,TX-603,TX-604,TX-611,UT-504,VA-502,VA-508,VI-500,VT-500,VT-501,WA-502,WI-502,WI-503,WV-501,WV-503,WY-500","{""pit_sheltered"":72656.0,""pit_total"":122895.0,""pit_unsheltered"":50239.0}",block_population,pl_94_171_block_population,2020,2023,2020,2020,census_msa_2023,msa_fractional_rollup_population_basis_pit2020_vintage
11,38060,38060,"Phoenix-Mesa-Chandler, AZ",4845832,2020,7982.537107227392,3919.4028930823974,4063.1342141449945,1102742,1115880,2218622,2253118,0.48942931528663836,0.4952603458851245,13138,0.005831030598486164,0.9846896611717628,True,2,0,,2,2,0,,1.0,0.9999998608497034,1.2520291321827681,1.2520291321827681,187,"AK-500,AK-501,AL-501,AL-502,AL-503,AL-504,AL-505,AL-506,AR-500,AR-501,AR-505,AZ-501,CA-504,CA-508,CA-509,CA-510,CA-511,CA-513,CA-516,CA-517,CA-518,CA-519,CA-520,CA-522,CA-523,CA-524,CA-526,CA-527,CA-529,CA-530,CA-531,CA-603,CA-604,CA-613,CA-614,CO-504,CO-505,FL-500,FL-503,FL-504,FL-505,FL-506,FL-508,FL-509,FL-511,FL-513,FL-514,FL-515,FL-517,FL-518,FL-602,FL-603,FL-604,FL-606,GA-503,GA-504,GA-505,GA-507,GU-500,HI-500,HI-501,IA-500,IA-501,IA-502,ID-500,ID-501,IL-503,IL-507,IL-512,IL-513,IL-516,IL-518,KS-502,KS-503,KY-502,LA-500,LA-502,LA-503,LA-505,LA-506,LA-507,LA-509,MA-503,MA-504,MA-507,MD-500,MD-507,MD-508,MD-510,MD-512,MD-513,MI-506,MI-507,MI-508,MI-509,MI-510,MI-511,MI-512,MI-514,MI-515,MI-516,MI-517,MI-519,MI-523,MN-504,MN-506,MN-508,MN-509,MO-600,MO-602,MO-603,MP-500,MS-500,MS-503,MT-500,NC-500,NC-501,NC-504,NC-506,NC-511,NC-513,NC-516,ND-500,NE-500,NE-501,NE-502,NH-501,NH-502,NJ-500,NJ-514,NM-500,NM-501,NV-501,NV-502,NY-500,NY-501,NY-503,NY-505,NY-507,NY-510,NY-511,NY-512,NY-513,NY-514,NY-518,NY-519,NY-520,NY-522,NY-523,NY-608,OH-501,OH-506,OH-508,OK-501,OK-505,OR-500,OR-502,OR-503,OR-504,PA-501,PA-503,PA-506,PA-508,PA-509,PA-510,SC-500,SC-503,SD-500,TN-500,TN-502,TN-509,TN-512,TX-603,TX-604,TX-611,UT-504,VA-502,VA-508,VI-500,VT-500,VT-501,WA-502,WI-502,WI-503,WV-501,WV-503,WY-500","{""pit_sheltered"":72656.0,""pit_total"":122895.0,""pit_unsheltered"":50239.0}",block_population,pl_94_171_block_population,2020,2023,2020,2020,census_msa_2023,msa_fractional_rollup_population_basis_pit2020_vintage
12,41860,41860,"San Francisco-Oakland-Fremont, CA",4749008,2020,21141.995163927182,6470.997937745355,14670.997226181828,445799,1831985,2277784,2325020,0.1917398560012387,0.7879437596235731,1386186,0.5962039036223344,0.9796836156248119,True,5,0,,5,5,0,,1.0,0.9996680206072721,4.999996928584161,4.999996928584161,187,"AK-500,AK-501,AL-501,AL-502,AL-503,AL-504,AL-505,AL-506,AR-500,AR-501,AR-505,AZ-501,CA-504,CA-508,CA-509,CA-510,CA-511,CA-513,CA-516,CA-517,CA-518,CA-519,CA-520,CA-522,CA-523,CA-524,CA-526,CA-527,CA-529,CA-530,CA-531,CA-603,CA-604,CA-613,CA-614,CO-504,CO-505,FL-500,FL-503,FL-504,FL-505,FL-506,FL-508,FL-509,FL-511,FL-513,FL-514,FL-515,FL-517,FL-518,FL-602,FL-603,FL-604,FL-606,GA-503,GA-504,GA-505,GA-507,GU-500,HI-500,HI-501,IA-500,IA-501,IA-502,ID-500,ID-501,IL-503,IL-507,IL-512,IL-513,IL-516,IL-518,KS-502,KS-503,KY-502,LA-500,LA-502,LA-503,LA-505,LA-506,LA-507,LA-509,MA-503,MA-504,MA-507,MD-500,MD-507,MD-508,MD-510,MD-512,MD-513,MI-506,MI-507,MI-508,MI-509,MI-510,MI-511,MI-512,MI-514,MI-515,MI-516,MI-517,MI-519,MI-523,MN-504,MN-506,MN-508,MN-509,MO-600,MO-602,MO-603,MP-500,MS-500,MS-503,MT-500,NC-500,NC-501,NC-504,NC-506,NC-511,NC-513,NC-516,ND-500,NE-500,NE-501,NE-502,NH-501,NH-502,NJ-500,NJ-514,NM-500,NM-501,NV-501,NV-502,NY-500,NY-501,NY-503,NY-505,NY-507,NY-510,NY-511,NY-512,NY-513,NY-514,NY-518,NY-519,NY-520,NY-522,NY-523,NY-608,OH-501,OH-506,OH-508,OK-501,OK-505,OR-500,OR-502,OR-503,OR-504,PA-501,PA-503,PA-506,PA-508,PA-509,PA-510,SC-500,SC-503,SD-500,TN-500,TN-502,TN-509,TN-512,TX-603,TX-604,TX-611,UT-504,VA-502,VA-508,VI-500,VT-500,VT-501,WA-502,WI-502,WI-503,WV-501,WV-503,WY-500","{""pit_sheltered"":72656.0,""pit_total"":122895.0,""pit_unsheltered"":50239.0}",block_population,pl_94_171_block_population,2020,2023,2020,2020,census_msa_2023,msa_fractional_rollup_population_basis_pit2020_vintage
13,40140,40140,"Riverside-San Bernardino-Ontario, CA",4599839,2020,6009.863945870301,1464.2433106440512,4545.62063522625,815401,984199,1799600,1838286,0.443565908677975,0.5353894878163681,168798,0.09182357913839306,0.9789553964943432,True,2,0,,3,3,0,,1.0,0.9999997178636837,1.999980910183098,1.999980910183098,187,"AK-500,AK-501,AL-501,AL-502,AL-503,AL-504,AL-505,AL-506,AR-500,AR-501,AR-505,AZ-501,CA-504,CA-508,CA-509,CA-510,CA-511,CA-513,CA-516,CA-517,CA-518,CA-519,CA-520,CA-522,CA-523,CA-524,CA-526,CA-527,CA-529,CA-530,CA-531,CA-603,CA-604,CA-613,CA-614,CO-504,CO-505,FL-500,FL-503,FL-504,FL-505,FL-506,FL-508,FL-509,FL-511,FL-513,FL-514,FL-515,FL-517,FL-518,FL-602,FL-603,FL-604,FL-606,GA-503,GA-504,GA-505,GA-507,GU-500,HI-500,HI-501,IA-500,IA-501,IA-502,ID-500,ID-501,IL-503,IL-507,IL-512,IL-513,IL-516,IL-518,KS-502,KS-503,KY-502,LA-500,LA-502,LA-503,LA-505,LA-506,LA-507,LA-509,MA-503,MA-504,MA-507,MD-500,MD-507,MD-508,MD-510,MD-512,MD-513,MI-506,MI-507,MI-508,MI-509,MI-510,MI-511,MI-512,MI-514,MI-515,MI-516,MI-517,MI-519,MI-523,MN-504,MN-506,MN-508,MN-509,MO-600,MO-602,MO-603,MP-500,MS-500,MS-503,MT-500,NC-500,NC-501,NC-504,NC-506,NC-511,NC-513,NC-516,ND-500,NE-500,NE-501,NE-502,NH-501,NH-502,NJ-500,NJ-514,NM-500,NM-501,NV-501,NV-502,NY-500,NY-501,NY-503,NY-505,NY-507,NY-510,NY-511,NY-512,NY-513,NY-514,NY-518,NY-519,NY-520,NY-522,NY-523,NY-608,OH-501,OH-506,OH-508,OK-501,OK-505,OR-500,OR-502,OR-503,OR-504,PA-501,PA-503,PA-506,PA-508,PA-509,PA-510,SC-500,SC-503,SD-500,TN-500,TN-502,TN-509,TN-512,TX-603,TX-604,TX-611,UT-504,VA-502,VA-508,VI-500,VT-500,VT-501,WA-502,WI-502,WI-503,WV-501,WV-503,WY-500","{""pit_sheltered"":72656.0,""pit_total"":122895.0,""pit_unsheltered"":50239.0}",block_population,pl_94_171_block_population,2020,2023,2020,2020,census_msa_2023,msa_fractional_rollup_population_basis_pit2020_vintage
14,19820,19820,"Detroit-Warren-Dearborn, MI",4392041,2020,2758.7478101240995,2448.0769024432116,310.67090768088815,1026036,1351220,2377256,2408987,0.4259201066672423,0.5609079667096585,325184,0.1349878600424162,0.9868280733769007,True,6,0,,7,7,0,,1.0,0.9996772440576123,5.102441930059543,5.102441930059543,187,"AK-500,AK-501,AL-501,AL-502,AL-503,AL-504,AL-505,AL-506,AR-500,AR-501,AR-505,AZ-501,CA-504,CA-508,CA-509,CA-510,CA-511,CA-513,CA-516,CA-517,CA-518,CA-519,CA-520,CA-522,CA-523,CA-524,CA-526,CA-527,CA-529,CA-530,CA-531,CA-603,CA-604,CA-613,CA-614,CO-504,CO-505,FL-500,FL-503,FL-504,FL-505,FL-506,FL-508,FL-509,FL-511,FL-513,FL-514,FL-515,FL-517,FL-518,FL-602,FL-603,FL-604,FL-606,GA-503,GA-504,GA-505,GA-507,GU-500,HI-500,HI-501,IA-500,IA-501,IA-502,ID-500,ID-501,IL-503,IL-507,IL-512,IL-513,IL-516,IL-518,KS-502,KS-503,KY-502,LA-500,LA-502,LA-503,LA-505,LA-506,LA-507,LA-509,MA-503,MA-504,MA-507,MD-500,MD-507,MD-508,MD-510,MD-512,MD-513,MI-506,MI-507,MI-508,MI-509,MI-510,MI-511,MI-512,MI-514,MI-515,MI-516,MI-517,MI-519,MI-523,MN-504,MN-506,MN-508,MN-509,MO-600,MO-602,MO-603,MP-500,MS-500,MS-503,MT-500,NC-500,NC-501,NC-504,NC-506,NC-511,NC-513,NC-516,ND-500,NE-500,NE-501,NE-502,NH-501,NH-502,NJ-500,NJ-514,NM-500,NM-501,NV-501,NV-502,NY-500,NY-501,NY-503,NY-505,NY-507,NY-510,NY-511,NY-512,NY-513,NY-514,NY-518,NY-519,NY-520,NY-522,NY-523,NY-608,OH-501,OH-506,OH-508,OK-501,OK-505,OR-500,OR-502,OR-503,OR-504,PA-501,PA-503,PA-506,PA-508,PA-509,PA-510,SC-500,SC-503,SD-500,TN-500,TN-502,TN-509,TN-512,TX-603,TX-604,TX-611,UT-504,VA-502,VA-508,VI-500,VT-500,VT-501,WA-502,WI-502,WI-503,WV-501,WV-503,WY-500","{""pit_sheltered"":72656.0,""pit_total"":122895.0,""pit_unsheltered"":50239.0}",block_population,pl_94_171_block_population,2020,2023,2020,2020,census_msa_2023,msa_fractional_rollup_population_basis_pit2020_vintage
15,42660,42660,"Seattle-Tacoma-Bellevue, WA",4018762,2020,14779.99999854824,7614.999999247719,7164.999999300519,633325,1413544,2046869,2113384,0.2996734147698667,0.6688533650297342,780219,0.36917995025986755,0.968526779799601,True,3,0,,3,3,0,,1.0,0.99963006056689,2.999999999234703,2.999999999234703,187,"AK-500,AK-501,AL-501,AL-502,AL-503,AL-504,AL-505,AL-506,AR-500,AR-501,AR-505,AZ-501,CA-504,CA-508,CA-509,CA-510,CA-511,CA-513,CA-516,CA-517,CA-518,CA-519,CA-520,CA-522,CA-523,CA-524,CA-526,CA-527,CA-529,CA-530,CA-531,CA-603,CA-604,CA-613,CA-614,CO-504,CO-505,FL-500,FL-503,FL-504,FL-505,FL-506,FL-508,FL-509,FL-511,FL-513,FL-514,FL-515,FL-517,FL-518,FL-602,FL-603,FL-604,FL-606,GA-503,GA-504,GA-505,GA-507,GU-500,HI-500,HI-501,IA-500,IA-501,IA-502,ID-500,ID-501,IL-503,IL-507,IL-512,IL-513,IL-516,IL-518,KS-502,KS-503,KY-502,LA-500,LA-502,LA-503,LA-505,LA-506,LA-507,LA-509,MA-503,MA-504,MA-507,MD-500,MD-507,MD-508,MD-510,MD-512,MD-513,MI-506,MI-507,MI-508,MI-509,MI-510,MI-511,MI-512,MI-514,MI-515,MI-516,MI-517,MI-519,MI-523,MN-504,MN-506,MN-508,MN-509,MO-600,MO-602,MO-603,MP-500,MS-500,MS-503,MT-500,NC-500,NC-501,NC-504,NC-506,NC-511,NC-513,NC-516,ND-500,NE-500,NE-501,NE-502,NH-501,NH-502,NJ-500,NJ-514,NM-500,NM-501,NV-501,NV-502,NY-500,NY-501,NY-503,NY-505,NY-507,NY-510,NY-511,NY-512,NY-513,NY-514,NY-518,NY-519,NY-520,NY-522,NY-523,NY-608,OH-501,OH-506,OH-508,OK-501,OK-505,OR-500,OR-502,OR-503,OR-504,PA-501,PA-503,PA-506,PA-508,PA-509,PA-510,SC-500,SC-503,SD-500,TN-500,TN-502,TN-509,TN-512,TX-603,TX-604,TX-611,UT-504,VA-502,VA-508,VI-500,VT-500,VT-501,WA-502,WI-502,WI-503,WV-501,WV-503,WY-500","{""pit_sheltered"":72656.0,""pit_total"":122895.0,""pit_unsheltered"":50239.0}",block_population,pl_94_171_block_population,2020,2023,2020,2020,census_msa_2023,msa_fractional_rollup_population_basis_pit2020_vintage
16,33460,33460,"Minneapolis-St. Paul-Bloomington, MN-WI",3690261,2020,5744.133875296058,4426.28475210916,1317.8491231868977,843877,1259771,2103648,2154823,0.3916224209598654,0.5846285286540936,415894,0.19300610769422827,0.976250949613959,True,15,0,,7,7,0,,1.0,0.9999999535306222,3.5275989265137184,3.5275989265137184,187,"AK-500,AK-501,AL-501,AL-502,AL-503,AL-504,AL-505,AL-506,AR-500,AR-501,AR-505,AZ-501,CA-504,CA-508,CA-509,CA-510,CA-511,CA-513,CA-516,CA-517,CA-518,CA-519,CA-520,CA-522,CA-523,CA-524,CA-526,CA-527,CA-529,CA-530,CA-531,CA-603,CA-604,CA-613,CA-614,CO-504,CO-505,FL-500,FL-503,FL-504,FL-505,FL-506,FL-508,FL-509,FL-511,FL-513,FL-514,FL-515,FL-517,FL-518,FL-602,FL-603,FL-604,FL-606,GA-503,GA-504,GA-505,GA-507,GU-500,HI-500,HI-501,IA-500,IA-501,IA-502,ID-500,ID-501,IL-503,IL-507,IL-512,IL-513,IL-516,IL-518,KS-502,KS-503,KY-502,LA-500,LA-502,LA-503,LA-505,LA-506,LA-507,LA-509,MA-503,MA-504,MA-507,MD-500,MD-507,MD-508,MD-510,MD-512,MD-513,MI-506,MI-507,MI-508,MI-509,MI-510,MI-511,MI-512,MI-514,MI-515,MI-516,MI-517,MI-519,MI-523,MN-504,MN-506,MN-508,MN-509,MO-600,MO-602,MO-603,MP-500,MS-500,MS-503,MT-500,NC-500,NC-501,NC-504,NC-506,NC-511,NC-513,NC-516,ND-500,NE-500,NE-501,NE-502,NH-501,NH-502,NJ-500,NJ-514,NM-500,NM-501,NV-501,NV-502,NY-500,NY-501,NY-503,NY-505,NY-507,NY-510,NY-511,NY-512,NY-513,NY-514,NY-518,NY-519,NY-520,NY-522,NY-523,NY-608,OH-501,OH-506,OH-508,OK-501,OK-505,OR-500,OR-502,OR-503,OR-504,PA-501,PA-503,PA-506,PA-508,PA-509,PA-510,SC-500,SC-503,SD-500,TN-500,TN-502,TN-509,TN-512,TX-603,TX-604,TX-611,UT-504,VA-502,VA-508,VI-500,VT-500,VT-501,WA-502,WI-502,WI-503,WV-501,WV-503,WY-500","{""pit_sheltered"":72656.0,""pit_total"":122895.0,""pit_unsheltered"":50239.0}",block_population,pl_94_171_block_population,2020,2023,2020,2020,census_msa_2023,msa_fractional_rollup_population_basis_pit2020_vintage
17,41740,41740,"San Diego-Chula Vista-Carlsbad, CA",3298634,2020,7637.979609067262,3666.990210323337,3970.9893987439245,600094,964650,1564744,1602143,0.3745570776141705,0.6020998125635477,364556,0.2275427349493772,0.9766568901777182,True,1,0,,1,1,0,,1.0,0.9993211607239528,0.99999733033088,0.99999733033088,187,"AK-500,AK-501,AL-501,AL-502,AL-503,AL-504,AL-505,AL-506,AR-500,AR-501,AR-505,AZ-501,CA-504,CA-508,CA-509,CA-510,CA-511,CA-513,CA-516,CA-517,CA-518,CA-519,CA-520,CA-522,CA-523,CA-524,CA-526,CA-527,CA-529,CA-530,CA-531,CA-603,CA-604,CA-613,CA-614,CO-504,CO-505,FL-500,FL-503,FL-504,FL-505,FL-506,FL-508,FL-509,FL-511,FL-513,FL-514,FL-515,FL-517,FL-518,FL-602,FL-603,FL-604,FL-606,GA-503,GA-504,GA-505,GA-507,GU-500,HI-500,HI-501,IA-500,IA-501,IA-502,ID-500,ID-501,IL-503,IL-507,IL-512,IL-513,IL-516,IL-518,KS-502,KS-503,KY-502,LA-500,LA-502,LA-503,LA-505,LA-506,LA-507,LA-509,MA-503,MA-504,MA-507,MD-500,MD-507,MD-508,MD-510,MD-512,MD-513,MI-506,MI-507,MI-508,MI-509,MI-510,MI-511,MI-512,MI-514,MI-515,MI-516,MI-517,MI-519,MI-523,MN-504,MN-506,MN-508,MN-509,MO-600,MO-602,MO-603,MP-500,MS-500,MS-503,MT-500,NC-500,NC-501,NC-504,NC-506,NC-511,NC-513,NC-516,ND-500,NE-500,NE-501,NE-502,NH-501,NH-502,NJ-500,NJ-514,NM-500,NM-501,NV-501,NV-502,NY-500,NY-501,NY-503,NY-505,NY-507,NY-510,NY-511,NY-512,NY-513,NY-514,NY-518,NY-519,NY-520,NY-522,NY-523,NY-608,OH-501,OH-506,OH-508,OK-501,OK-505,OR-500,OR-502,OR-503,OR-504,PA-501,PA-503,PA-506,PA-508,PA-509,PA-510,SC-500,SC-503,SD-500,TN-500,TN-502,TN-509,TN-512,TX-603,TX-604,TX-611,UT-504,VA-502,VA-508,VI-500,VT-500,VT-501,WA-502,WI-502,WI-503,WV-501,WV-503,WY-500","{""pit_sheltered"":72656.0,""pit_total"":122895.0,""pit_unsheltered"":50239.0}",block_population,pl_94_171_block_population,2020,2023,2020,2020,census_msa_2023,msa_fractional_rollup_population_basis_pit2020_vintage
18,45300,45300,"Tampa-St. Petersburg-Clearwater, FL",3175275,2020,4734.608310603961,2530.946968219762,2203.6613423841995,853640,810409,1664049,1682670,0.5073127826608901,0.4816208763453321,-43231,-0.025691906315557955,0.9889336590062222,True,4,0,,4,4,0,,1.0,0.9827718943822619,3.2256163735476715,3.2256163735476715,187,"AK-500,AK-501,AL-501,AL-502,AL-503,AL-504,AL-505,AL-506,AR-500,AR-501,AR-505,AZ-501,CA-504,CA-508,CA-509,CA-510,CA-511,CA-513,CA-516,CA-517,CA-518,CA-519,CA-520,CA-522,CA-523,CA-524,CA-526,CA-527,CA-529,CA-530,CA-531,CA-603,CA-604,CA-613,CA-614,CO-504,CO-505,FL-500,FL-503,FL-504,FL-505,FL-506,FL-508,FL-509,FL-511,FL-513,FL-514,FL-515,FL-517,FL-518,FL-602,FL-603,FL-604,FL-606,GA-503,GA-504,GA-505,GA-507,GU-500,HI-500,HI-501,IA-500,IA-501,IA-502,ID-500,ID-501,IL-503,IL-507,IL-512,IL-513,IL-516,IL-518,KS-502,KS-503,KY-502,LA-500,LA-502,LA-503,LA-505,LA-506,LA-507,LA-509,MA-503,MA-504,MA-507,MD-500,MD-507,MD-508,MD-510,MD-512,MD-513,MI-506,MI-507,MI-508,MI-509,MI-510,MI-511,MI-512,MI-514,MI-515,MI-516,MI-517,MI-519,MI-523,MN-504,MN-506,MN-508,MN-509,MO-600,MO-602,MO-603,MP-500,MS-500,MS-503,MT-500,NC-500,NC-501,NC-504,NC-506,NC-511,NC-513,NC-516,ND-500,NE-500,NE-501,NE-502,NH-501,NH-502,NJ-500,NJ-514,NM-500,NM-501,NV-501,NV-502,NY-500,NY-501,NY-503,NY-505,NY-507,NY-510,NY-511,NY-512,NY-513,NY-514,NY-518,NY-519,NY-520,NY-522,NY-523,NY-608,OH-501,OH-506,OH-508,OK-501,OK-505,OR-500,OR-502,OR-503,OR-504,PA-501,PA-503,PA-506,PA-508,PA-509,PA-510,SC-500,SC-503,SD-500,TN-500,TN-502,TN-509,TN-512,TX-603,TX-604,TX-611,UT-504,VA-502,VA-508,VI-500,VT-500,VT-501,WA-502,WI-502,WI-503,WV-501,WV-503,WY-500","{""pit_sheltered"":72656.0,""pit_total"":122895.0,""pit_unsheltered"":50239.0}",block_population,pl_94_171_block_population,2020,2023,2020,2020,census_msa_2023,msa_fractional_rollup_population_basis_pit2020_vintage
19,19740,19740,"Denver-Aurora-Centennial, CO",2963821,2020,5550.681168717863,4111.316752592983,1439.3644161248803,606185,1028448,1634633,1678355,0.36117805827730126,0.612771433933822,422263,0.2515933756565208,0.9739494922111234,True,10,0,,2,2,0,,1.0,0.9788371518685359,0.9476930083834764,0.9476930083834764,187,"AK-500,AK-501,AL-501,AL-502,AL-503,AL-504,AL-505,AL-506,AR-500,AR-501,AR-505,AZ-501,CA-504,CA-508,CA-509,CA-510,CA-511,CA-513,CA-516,CA-517,CA-518,CA-519,CA-520,CA-522,CA-523,CA-524,CA-526,CA-527,CA-529,CA-530,CA-531,CA-603,CA-604,CA-613,CA-614,CO-504,CO-505,FL-500,FL-503,FL-504,FL-505,FL-506,FL-508,FL-509,FL-511,FL-513,FL-514,FL-515,FL-517,FL-518,FL-602,FL-603,FL-604,FL-606,GA-503,GA-504,GA-505,GA-507,GU-500,HI-500,HI-501,IA-500,IA-501,IA-502,ID-500,ID-501,IL-503,IL-507,IL-512,IL-513,IL-516,IL-518,KS-502,KS-503,KY-502,LA-500,LA-502,LA-503,LA-505,LA-506,LA-507,LA-509,MA-503,MA-504,MA-507,MD-500,MD-507,MD-508,MD-510,MD-512,MD-513,MI-506,MI-507,MI-508,MI-509,MI-510,MI-511,MI-512,MI-514,MI-515,MI-516,MI-517,MI-519,MI-523,MN-504,MN-506,MN-508,MN-509,MO-600,MO-602,MO-603,MP-500,MS-500,MS-503,MT-500,NC-500,NC-501,NC-504,NC-506,NC-511,NC-513,NC-516,ND-500,NE-500,NE-501,NE-502,NH-501,NH-502,NJ-500,NJ-514,NM-500,NM-501,NV-501,NV-502,NY-500,NY-501,NY-503,NY-505,NY-507,NY-510,NY-511,NY-512,NY-513,NY-514,NY-518,NY-519,NY-520,NY-522,NY-523,NY-608,OH-501,OH-506,OH-508,OK-501,OK-505,OR-500,OR-502,OR-503,OR-504,PA-501,PA-503,PA-506,PA-508,PA-509,PA-510,SC-500,SC-503,SD-500,TN-500,TN-502,TN-509,TN-512,TX-603,TX-604,TX-611,UT-504,VA-502,VA-508,VI-500,VT-500,VT-501,WA-502,WI-502,WI-503,WV-501,WV-503,WY-500","{""pit_sheltered"":72656.0,""pit_total"":122895.0,""pit_unsheltered"":50239.0}",block_population,pl_94_171_block_population,2020,2023,2020,2020,census_msa_2023,msa_fractional_rollup_population_basis_pit2020_vintage
20,12580,12580,"Baltimore-Columbia-Towson, MD",2844510,2020,4074.2743632398524,3328.1999316642477,746.0744315756049,507676,878185,1385861,1423875,0.3565453428145027,0.6167570889298569,370509,0.26021174611535425,0.9733024317443596,True,7,0,,10,10,0,,1.0,0.9988226612704172,7.288359869148328,7.288359869148328,187,"AK-500,AK-501,AL-501,AL-502,AL-503,AL-504,AL-505,AL-506,AR-500,AR-501,AR-505,AZ-501,CA-504,CA-508,CA-509,CA-510,CA-511,CA-513,CA-516,CA-517,CA-518,CA-519,CA-520,CA-522,CA-523,CA-524,CA-526,CA-527,CA-529,CA-530,CA-531,CA-603,CA-604,CA-613,CA-614,CO-504,CO-505,FL-500,FL-503,FL-504,FL-505,FL-506,FL-508,FL-509,FL-511,FL-513,FL-514,FL-515,FL-517,FL-518,FL-602,FL-603,FL-604,FL-606,GA-503,GA-504,GA-505,GA-507,GU-500,HI-500,HI-501,IA-500,IA-501,IA-502,ID-500,ID-501,IL-503,IL-507,IL-512,IL-513,IL-516,IL-518,KS-502,KS-503,KY-502,LA-500,LA-502,LA-503,LA-505,LA-506,LA-507,LA-509,MA-503,MA-504,MA-507,MD-500,MD-507,MD-508,MD-510,MD-512,MD-513,MI-506,MI-507,MI-508,MI-509,MI-510,MI-511,MI-512,MI-514,MI-515,MI-516,MI-517,MI-519,MI-523,MN-504,MN-506,MN-508,MN-509,MO-600,MO-602,MO-603,MP-500,MS-500,MS-503,MT-500,NC-500,NC-501,NC-504,NC-506,NC-511,NC-513,NC-516,ND-500,NE-500,NE-501,NE-502,NH-501,NH-502,NJ-500,NJ-514,NM-500,NM-501,NV-501,NV-502,NY-500,NY-501,NY-503,NY-505,NY-507,NY-510,NY-511,NY-512,NY-513,NY-514,NY-518,NY-519,NY-520,NY-522,NY-523,NY-608,OH-501,OH-506,OH-508,OK-501,OK-505,OR-500,OR-502,OR-503,OR-504,PA-501,PA-503,PA-506,PA-508,PA-509,PA-510,SC-500,SC-503,SD-500,TN-500,TN-502,TN-509,TN-512,TX-603,TX-604,TX-611,UT-504,VA-502,VA-508,VI-500,VT-500,VT-501,WA-502,WI-502,WI-503,WV-501,WV-503,WY-500","{""pit_sheltered"":72656.0,""pit_total"":122895.0,""pit_unsheltered"":50239.0}",block_population,pl_94_171_block_population,2020,2023,2020,2020,census_msa_2023,msa_fractional_rollup_population_basis_pit2020_vintage
21,41180,41180,"St. Louis, MO-IL",2820253,2020,2750.240171876607,2138.929263212139,611.3109086644679,693693,741752,1435445,1462520,0.47431351366135166,0.507173918989142,48059,0.03286040532779033,0.9814874326504937,True,15,0,,9,9,0,,1.0,1.0,5.437835078828498,5.437835078828498,187,"AK-500,AK-501,AL-501,AL-502,AL-503,AL-504,AL-505,AL-506,AR-500,AR-501,AR-505,AZ-501,CA-504,CA-508,CA-509,CA-510,CA-511,CA-513,CA-516,CA-517,CA-518,CA-519,CA-520,CA-522,CA-523,CA-524,CA-526,CA-527,CA-529,CA-530,CA-531,CA-603,CA-604,CA-613,CA-614,CO-504,CO-505,FL-500,FL-503,FL-504,FL-505,FL-506,FL-508,FL-509,FL-511,FL-513,FL-514,FL-515,FL-517,FL-518,FL-602,FL-603,FL-604,FL-606,GA-503,GA-504,GA-505,GA-507,GU-500,HI-500,HI-501,IA-500,IA-501,IA-502,ID-500,ID-501,IL-503,IL-507,IL-512,IL-513,IL-516,IL-518,KS-502,KS-503,KY-502,LA-500,LA-502,LA-503,LA-505,LA-506,LA-507,LA-509,MA-503,MA-504,MA-507,MD-500,MD-507,MD-508,MD-510,MD-512,MD-513,MI-506,MI-507,MI-508,MI-509,MI-510,MI-511,MI-512,MI-514,MI-515,MI-516,MI-517,MI-519,MI-523,MN-504,MN-506,MN-508,MN-509,MO-600,MO-602,MO-603,MP-500,MS-500,MS-503,MT-500,NC-500,NC-501,NC-504,NC-506,NC-511,NC-513,NC-516,ND-500,NE-500,NE-501,NE-502,NH-501,NH-502,NJ-500,NJ-514,NM-500,NM-501,NV-501,NV-502,NY-500,NY-501,NY-503,NY-505,NY-507,NY-510,NY-511,NY-512,NY-513,NY-514,NY-518,NY-519,NY-520,NY-522,NY-523,NY-608,OH-501,OH-506,OH-508,OK-501,OK-505,OR-500,OR-502,OR-503,OR-504,PA-501,PA-503,PA-506,PA-508,PA-509,PA-510,SC-500,SC-503,SD-500,TN-500,TN-502,TN-509,TN-512,TX-603,TX-604,TX-611,UT-504,VA-502,VA-508,VI-500,VT-500,VT-501,WA-502,WI-502,WI-503,WV-501,WV-503,WY-500","{""pit_sheltered"":72656.0,""pit_total"":122895.0,""pit_unsheltered"":50239.0}",block_population,pl_94_171_block_population,2020,2023,2020,2020,census_msa_2023,msa_fractional_rollup_population_basis_pit2020_vintage
22,36740,36740,"Orlando-Kissimmee-Sanford, FL",2673376,2020,2320.125426601304,1672.2702436292398,647.8551829720639,569978,708344,1278322,1291968,0.4411703695447565,0.5482674493485907,138366,0.1070970798038342,0.9894378188933473,True,4,0,,2,2,0,,1.0,0.9787996222022551,1.4454131693792356,1.4454131693792356,187,"AK-500,AK-501,AL-501,AL-502,AL-503,AL-504,AL-505,AL-506,AR-500,AR-501,AR-505,AZ-501,CA-504,CA-508,CA-509,CA-510,CA-511,CA-513,CA-516,CA-517,CA-518,CA-519,CA-520,CA-522,CA-523,CA-524,CA-526,CA-527,CA-529,CA-530,CA-531,CA-603,CA-604,CA-613,CA-614,CO-504,CO-505,FL-500,FL-503,FL-504,FL-505,FL-506,FL-508,FL-509,FL-511,FL-513,FL-514,FL-515,FL-517,FL-518,FL-602,FL-603,FL-604,FL-606,GA-503,GA-504,GA-505,GA-507,GU-500,HI-500,HI-501,IA-500,IA-501,IA-502,ID-500,ID-501,IL-503,IL-507,IL-512,IL-513,IL-516,IL-518,KS-502,KS-503,KY-502,LA-500,LA-502,LA-503,LA-505,LA-506,LA-507,LA-509,MA-503,MA-504,MA-507,MD-500,MD-507,MD-508,MD-510,MD-512,MD-513,MI-506,MI-507,MI-508,MI-509,MI-510,MI-511,MI-512,MI-514,MI-515,MI-516,MI-517,MI-519,MI-523,MN-504,MN-506,MN-508,MN-509,MO-600,MO-602,MO-603,MP-500,MS-500,MS-503,MT-500,NC-500,NC-501,NC-504,NC-506,NC-511,NC-513,NC-516,ND-500,NE-500,NE-501,NE-502,NH-501,NH-502,NJ-500,NJ-514,NM-500,NM-501,NV-501,NV-502,NY-500,NY-501,NY-503,NY-505,NY-507,NY-510,NY-511,NY-512,NY-513,NY-514,NY-518,NY-519,NY-520,NY-522,NY-523,NY-608,OH-501,OH-506,OH-508,OK-501,OK-505,OR-500,OR-502,OR-503,OR-504,PA-501,PA-503,PA-506,PA-508,PA-509,PA-510,SC-500,SC-503,SD-500,TN-500,TN-502,TN-509,TN-512,TX-603,TX-604,TX-611,UT-504,VA-502,VA-508,VI-500,VT-500,VT-501,WA-502,WI-502,WI-503,WV-501,WV-503,WY-500","{""pit_sheltered"":72656.0,""pit_total"":122895.0,""pit_unsheltered"":50239.0}",block_population,pl_94_171_block_population,2020,2023,2020,2020,census_msa_2023,msa_fractional_rollup_population_basis_pit2020_vintage
23,16740,16740,"Charlotte-Concord-Gastonia, NC-SC",2660329,2020,2673.601073436674,2086.7262364629178,586.8748369737561,675531,680904,1356435,1377654,0.4903488103689315,0.494248918814158,5373,0.00390010844522648,0.9845977291830895,True,11,0,,5,5,0,,1.0,1.0,2.195081109525465,2.195081109525465,187,"AK-500,AK-501,AL-501,AL-502,AL-503,AL-504,AL-505,AL-506,AR-500,AR-501,AR-505,AZ-501,CA-504,CA-508,CA-509,CA-510,CA-511,CA-513,CA-516,CA-517,CA-518,CA-519,CA-520,CA-522,CA-523,CA-524,CA-526,CA-527,CA-529,CA-530,CA-531,CA-603,CA-604,CA-613,CA-614,CO-504,CO-505,FL-500,FL-503,FL-504,FL-505,FL-506,FL-508,FL-509,FL-511,FL-513,FL-514,FL-515,FL-517,FL-518,FL-602,FL-603,FL-604,FL-606,GA-503,GA-504,GA-505,GA-507,GU-500,HI-500,HI-501,IA-500,IA-501,IA-502,ID-500,ID-501,IL-503,IL-507,IL-512,IL-513,IL-516,IL-518,KS-502,KS-503,KY-502,LA-500,LA-502,LA-503,LA-505,LA-506,LA-507,LA-509,MA-503,MA-504,MA-507,MD-500,MD-507,MD-508,MD-510,MD-512,MD-513,MI-506,MI-507,MI-508,MI-509,MI-510,MI-511,MI-512,MI-514,MI-515,MI-516,MI-517,MI-519,MI-523,MN-504,MN-506,MN-508,MN-509,MO-600,MO-602,MO-603,MP-500,MS-500,MS-503,MT-500,NC-500,NC-501,NC-504,NC-506,NC-511,NC-513,NC-516,ND-500,NE-500,NE-501,NE-502,NH-501,NH-502,NJ-500,NJ-514,NM-500,NM-501,NV-501,NV-502,NY-500,NY-501,NY-503,NY-505,NY-507,NY-510,NY-511,NY-512,NY-513,NY-514,NY-518,NY-519,NY-520,NY-522,NY-523,NY-608,OH-501,OH-506,OH-508,OK-501,OK-505,OR-500,OR-502,OR-503,OR-504,PA-501,PA-503,PA-506,PA-508,PA-509,PA-510,SC-500,SC-503,SD-500,TN-500,TN-502,TN-509,TN-512,TX-603,TX-604,TX-611,UT-504,VA-502,VA-508,VI-500,VT-500,VT-501,WA-502,WI-502,WI-503,WV-501,WV-503,WY-500","{""pit_sheltered"":72656.0,""pit_total"":122895.0,""pit_unsheltered"":50239.0}",block_population,pl_94_171_block_population,2020,2023,2020,2020,census_msa_2023,msa_fractional_rollup_population_basis_pit2020_vintage
24,41700,41700,"San Antonio-New Braunfels, TX",2558143,2020,3350.3604371190904,1814.1460513839788,1536.2143857351116,495195,529607,1024802,1042284,0.47510563339742334,0.5081215868227853,34412,0.033015953425361955,0.9832272202202087,True,8,0,,2,2,0,,1.0,1.0,1.0454838483495423,1.0454838483495423,187,"AK-500,AK-501,AL-501,AL-502,AL-503,AL-504,AL-505,AL-506,AR-500,AR-501,AR-505,AZ-501,CA-504,CA-508,CA-509,CA-510,CA-511,CA-513,CA-516,CA-517,CA-518,CA-519,CA-520,CA-522,CA-523,CA-524,CA-526,CA-527,CA-529,CA-530,CA-531,CA-603,CA-604,CA-613,CA-614,CO-504,CO-505,FL-500,FL-503,FL-504,FL-505,FL-506,FL-508,FL-509,FL-511,FL-513,FL-514,FL-515,FL-517,FL-518,FL-602,FL-603,FL-604,FL-606,GA-503,GA-504,GA-505,GA-507,GU-500,HI-500,HI-501,IA-500,IA-501,IA-502,ID-500,ID-501,IL-503,IL-507,IL-512,IL-513,IL-516,IL-518,KS-502,KS-503,KY-502,LA-500,LA-502,LA-503,LA-505,LA-506,LA-507,LA-509,MA-503,MA-504,MA-507,MD-500,MD-507,MD-508,MD-510,MD-512,MD-513,MI-506,MI-507,MI-508,MI-509,MI-510,MI-511,MI-512,MI-514,MI-515,MI-516,MI-517,MI-519,MI-523,MN-504,MN-506,MN-508,MN-509,MO-600,MO-602,MO-603,MP-500,MS-500,MS-503,MT-500,NC-500,NC-501,NC-504,NC-506,NC-511,NC-513,NC-516,ND-500,NE-500,NE-501,NE-502,NH-501,NH-502,NJ-500,NJ-514,NM-500,NM-501,NV-501,NV-502,NY-500,NY-501,NY-503,NY-505,NY-507,NY-510,NY-511,NY-512,NY-513,NY-514,NY-518,NY-519,NY-520,NY-522,NY-523,NY-608,OH-501,OH-506,OH-508,OK-501,OK-505,OR-500,OR-502,OR-503,OR-504,PA-501,PA-503,PA-506,PA-508,PA-509,PA-510,SC-500,SC-503,SD-500,TN-500,TN-502,TN-509,TN-512,TX-603,TX-604,TX-611,UT-504,VA-502,VA-508,VI-500,VT-500,VT-501,WA-502,WI-502,WI-503,WV-501,WV-503,WY-500","{""pit_sheltered"":72656.0,""pit_total"":122895.0,""pit_unsheltered"":50239.0}",block_population,pl_94_171_block_population,2020,2023,2020,2020,census_msa_2023,msa_fractional_rollup_population_basis_pit2020_vintage
25,38900,38900,"Portland-Vancouver-Hillsboro, OR-WA",2512859,2020,6886.740409396987,3179.067061671189,3707.6733477257976,469466,900757,1370223,1415523,0.3316555082467752,0.6363421858917163,431291,0.3046866776449411,0.9679976941384916,True,7,0,,6,6,0,,1.0,0.9999983900859499,4.136161923505846,4.136161923505846,187,"AK-500,AK-501,AL-501,AL-502,AL-503,AL-504,AL-505,AL-506,AR-500,AR-501,AR-505,AZ-501,CA-504,CA-508,CA-509,CA-510,CA-511,CA-513,CA-516,CA-517,CA-518,CA-519,CA-520,CA-522,CA-523,CA-524,CA-526,CA-527,CA-529,CA-530,CA-531,CA-603,CA-604,CA-613,CA-614,CO-504,CO-505,FL-500,FL-503,FL-504,FL-505,FL-506,FL-508,FL-509,FL-511,FL-513,FL-514,FL-515,FL-517,FL-518,FL-602,FL-603,FL-604,FL-606,GA-503,GA-504,GA-505,GA-507,GU-500,HI-500,HI-501,IA-500,IA-501,IA-502,ID-500,ID-501,IL-503,IL-507,IL-512,IL-513,IL-516,IL-518,KS-502,KS-503,KY-502,LA-500,LA-502,LA-503,LA-505,LA-506,LA-507,LA-509,MA-503,MA-504,MA-507,MD-500,MD-507,MD-508,MD-510,MD-512,MD-513,MI-506,MI-507,MI-508,MI-509,MI-510,MI-511,MI-512,MI-514,MI-515,MI-516,MI-517,MI-519,MI-523,MN-504,MN-506,MN-508,MN-509,MO-600,MO-602,MO-603,MP-500,MS-500,MS-503,MT-500,NC-500,NC-501,NC-504,NC-506,NC-511,NC-513,NC-516,ND-500,NE-500,NE-501,NE-502,NH-501,NH-502,NJ-500,NJ-514,NM-500,NM-501,NV-501,NV-502,NY-500,NY-501,NY-503,NY-505,NY-507,NY-510,NY-511,NY-512,NY-513,NY-514,NY-518,NY-519,NY-520,NY-522,NY-523,NY-608,OH-501,OH-506,OH-508,OK-501,OK-505,OR-500,OR-502,OR-503,OR-504,PA-501,PA-503,PA-506,PA-508,PA-509,PA-510,SC-500,SC-503,SD-500,TN-500,TN-502,TN-509,TN-512,TX-603,TX-604,TX-611,UT-504,VA-502,VA-508,VI-500,VT-500,VT-501,WA-502,WI-502,WI-503,WV-501,WV-503,WY-500","{""pit_sheltered"":72656.0,""pit_total"":122895.0,""pit_unsheltered"":50239.0}",block_population,pl_94_171_block_population,2020,2023,2020,2020,census_msa_2023,msa_fractional_rollup_population_basis_pit2020_vintage
26,38300,38300,"Pittsburgh, PA",2457000,2020,1641.093764893096,1409.0957643518254,231.99800054127076,712053,666791,1378844,1394920,0.5104615318441201,0.47801379290568635,-45262,-0.03244773893843378,0.9884753247498065,True,8,0,,5,5,0,,1.0,0.9999998826729154,4.304383806340995,4.304383806340995,187,"AK-500,AK-501,AL-501,AL-502,AL-503,AL-504,AL-505,AL-506,AR-500,AR-501,AR-505,AZ-501,CA-504,CA-508,CA-509,CA-510,CA-511,CA-513,CA-516,CA-517,CA-518,CA-519,CA-520,CA-522,CA-523,CA-524,CA-526,CA-527,CA-529,CA-530,CA-531,CA-603,CA-604,CA-613,CA-614,CO-504,CO-505,FL-500,FL-503,FL-504,FL-505,FL-506,FL-508,FL-509,FL-511,FL-513,FL-514,FL-515,FL-517,FL-518,FL-602,FL-603,FL-604,FL-606,GA-503,GA-504,GA-505,GA-507,GU-500,HI-500,HI-501,IA-500,IA-501,IA-502,ID-500,ID-501,IL-503,IL-507,IL-512,IL-513,IL-516,IL-518,KS-502,KS-503,KY-502,LA-500,LA-502,LA-503,LA-505,LA-506,LA-507,LA-509,MA-503,MA-504,MA-507,MD-500,MD-507,MD-508,MD-510,MD-512,MD-513,MI-506,MI-507,MI-508,MI-509,MI-510,MI-511,MI-512,MI-514,MI-515,MI-516,MI-517,MI-519,MI-523,MN-504,MN-506,MN-508,MN-509,MO-600,MO-602,MO-603,MP-500,MS-500,MS-503,MT-500,NC-500,NC-501,NC-504,NC-506,NC-511,NC-513,NC-516,ND-500,NE-500,NE-501,NE-502,NH-501,NH-502,NJ-500,NJ-514,NM-500,NM-501,NV-501,NV-502,NY-500,NY-501,NY-503,NY-505,NY-507,NY-510,NY-511,NY-512,NY-513,NY-514,NY-518,NY-519,NY-520,NY-522,NY-523,NY-608,OH-501,OH-506,OH-508,OK-501,OK-505,OR-500,OR-502,OR-503,OR-504,PA-501,PA-503,PA-506,PA-508,PA-509,PA-510,SC-500,SC-503,SD-500,TN-500,TN-502,TN-509,TN-512,TX-603,TX-604,TX-611,UT-504,VA-502,VA-508,VI-500,VT-500,VT-501,WA-502,WI-502,WI-503,WV-501,WV-503,WY-500","{""pit_sheltered"":72656.0,""pit_total"":122895.0,""pit_unsheltered"":50239.0}",block_population,pl_94_171_block_population,2020,2023,2020,2020,census_msa_2023,msa_fractional_rollup_population_basis_pit2020_vintage
27,40900,40900,"Sacramento-Roseville-Folsom, CA",2397382,2020,7558.990378419691,2376.9963913821825,5181.993987037509,471023,666896,1137919,1166977,0.4036266353150062,0.5714731310042958,195873,0.16784649568928955,0.975099766319302,True,4,0,,4,4,0,,1.0,0.9999987310899173,3.9999858311502607,3.9999858311502607,187,"AK-500,AK-501,AL-501,AL-502,AL-503,AL-504,AL-505,AL-506,AR-500,AR-501,AR-505,AZ-501,CA-504,CA-508,CA-509,CA-510,CA-511,CA-513,CA-516,CA-517,CA-518,CA-519,CA-520,CA-522,CA-523,CA-524,CA-526,CA-527,CA-529,CA-530,CA-531,CA-603,CA-604,CA-613,CA-614,CO-504,CO-505,FL-500,FL-503,FL-504,FL-505,FL-506,FL-508,FL-509,FL-511,FL-513,FL-514,FL-515,FL-517,FL-518,FL-602,FL-603,FL-604,FL-606,GA-503,GA-504,GA-505,GA-507,GU-500,HI-500,HI-501,IA-500,IA-501,IA-502,ID-500,ID-501,IL-503,IL-507,IL-512,IL-513,IL-516,IL-518,KS-502,KS-503,KY-502,LA-500,LA-502,LA-503,LA-505,LA-506,LA-507,LA-509,MA-503,MA-504,MA-507,MD-500,MD-507,MD-508,MD-510,MD-512,MD-513,MI-506,MI-507,MI-508,MI-509,MI-510,MI-511,MI-512,MI-514,MI-515,MI-516,MI-517,MI-519,MI-523,MN-504,MN-506,MN-508,MN-509,MO-600,MO-602,MO-603,MP-500,MS-500,MS-503,MT-500,NC-500,NC-501,NC-504,NC-506,NC-511,NC-513,NC-516,ND-500,NE-500,NE-501,NE-502,NH-501,NH-502,NJ-500,NJ-514,NM-500,NM-501,NV-501,NV-502,NY-500,NY-501,NY-503,NY-505,NY-507,NY-510,NY-511,NY-512,NY-513,NY-514,NY-518,NY-519,NY-520,NY-522,NY-523,NY-608,OH-501,OH-506,OH-508,OK-501,OK-505,OR-500,OR-502,OR-503,OR-504,PA-501,PA-503,PA-506,PA-508,PA-509,PA-510,SC-500,SC-503,SD-500,TN-500,TN-502,TN-509,TN-512,TX-603,TX-604,TX-611,UT-504,VA-502,VA-508,VI-500,VT-500,VT-501,WA-502,WI-502,WI-503,WV-501,WV-503,WY-500","{""pit_sheltered"":72656.0,""pit_total"":122895.0,""pit_unsheltered"":50239.0}",block_population,pl_94_171_block_population,2020,2023,2020,2020,census_msa_2023,msa_fractional_rollup_population_basis_pit2020_vintage
28,12420,12420,"Austin-Round Rock-San Marcos, TX",2283371,2020,3281.8713841231274,1221.581389793428,2060.2899943296993,377293,661325,1038618,1059163,0.35621807030645897,0.6243845376018611,284032,0.2681664672954021,0.9806026079083201,True,5,0,,3,3,0,,1.0,0.9999999991524087,1.0843602094485116,1.0843602094485116,187,"AK-500,AK-501,AL-501,AL-502,AL-503,AL-504,AL-505,AL-506,AR-500,AR-501,AR-505,AZ-501,CA-504,CA-508,CA-509,CA-510,CA-511,CA-513,CA-516,CA-517,CA-518,CA-519,CA-520,CA-522,CA-523,CA-524,CA-526,CA-527,CA-529,CA-530,CA-531,CA-603,CA-604,CA-613,CA-614,CO-504,CO-505,FL-500,FL-503,FL-504,FL-505,FL-506,FL-508,FL-509,FL-511,FL-513,FL-514,FL-515,FL-517,FL-518,FL-602,FL-603,FL-604,FL-606,GA-503,GA-504,GA-505,GA-507,GU-500,HI-500,HI-501,IA-500,IA-501,IA-502,ID-500,ID-501,IL-503,IL-507,IL-512,IL-513,IL-516,IL-518,KS-502,KS-503,KY-502,LA-500,LA-502,LA-503,LA-505,LA-506,LA-507,LA-509,MA-503,MA-504,MA-507,MD-500,MD-507,MD-508,MD-510,MD-512,MD-513,MI-506,MI-507,MI-508,MI-509,MI-510,MI-511,MI-512,MI-514,MI-515,MI-516,MI-517,MI-519,MI-523,MN-504,MN-506,MN-508,MN-509,MO-600,MO-602,MO-603,MP-500,MS-500,MS-503,MT-500,NC-500,NC-501,NC-504,NC-506,NC-511,NC-513,NC-516,ND-500,NE-500,NE-501,NE-502,NH-501,NH-502,NJ-500,NJ-514,NM-500,NM-501,NV-501,NV-502,NY-500,NY-501,NY-503,NY-505,NY-507,NY-510,NY-511,NY-512,NY-513,NY-514,NY-518,NY-519,NY-520,NY-522,NY-523,NY-608,OH-501,OH-506,OH-508,OK-501,OK-505,OR-500,OR-502,OR-503,OR-504,PA-501,PA-503,PA-506,PA-508,PA-509,PA-510,SC-500,SC-503,SD-500,TN-500,TN-502,TN-509,TN-512,TX-603,TX-604,TX-611,UT-504,VA-502,VA-508,VI-500,VT-500,VT-501,WA-502,WI-502,WI-503,WV-501,WV-503,WY-500","{""pit_sheltered"":72656.0,""pit_total"":122895.0,""pit_unsheltered"":50239.0}",block_population,pl_94_171_block_population,2020,2023,2020,2020,census_msa_2023,msa_fractional_rollup_population_basis_pit2020_vintage
29,29820,29820,"Las Vegas-Henderson-North Las Vegas, NV",2265461,2020,5282.999999993105,1821.9999999976221,3460.999999995483,430809,521777,952586,972308,0.4430787363674885,0.5366375675197571,90968,0.0935588311522686,0.9797163038872456,True,1,0,,1,1,0,,1.0,0.9999999991900583,0.9999999999986949,0.9999999999986949,187,"AK-500,AK-501,AL-501,AL-502,AL-503,AL-504,AL-505,AL-506,AR-500,AR-501,AR-505,AZ-501,CA-504,CA-508,CA-509,CA-510,CA-511,CA-513,CA-516,CA-517,CA-518,CA-519,CA-520,CA-522,CA-523,CA-524,CA-526,CA-527,CA-529,CA-530,CA-531,CA-603,CA-604,CA-613,CA-614,CO-504,CO-505,FL-500,FL-503,FL-504,FL-505,FL-506,FL-508,FL-509,FL-511,FL-513,FL-514,FL-515,FL-517,FL-518,FL-602,FL-603,FL-604,FL-606,GA-503,GA-504,GA-505,GA-507,GU-500,HI-500,HI-501,IA-500,IA-501,IA-502,ID-500,ID-501,IL-503,IL-507,IL-512,IL-513,IL-516,IL-518,KS-502,KS-503,KY-502,LA-500,LA-502,LA-503,LA-505,LA-506,LA-507,LA-509,MA-503,MA-504,MA-507,MD-500,MD-507,MD-508,MD-510,MD-512,MD-513,MI-506,MI-507,MI-508,MI-509,MI-510,MI-511,MI-512,MI-514,MI-515,MI-516,MI-517,MI-519,MI-523,MN-504,MN-506,MN-508,MN-509,MO-600,MO-602,MO-603,MP-500,MS-500,MS-503,MT-500,NC-500,NC-501,NC-504,NC-506,NC-511,NC-513,NC-516,ND-500,NE-500,NE-501,NE-502,NH-501,NH-502,NJ-500,NJ-514,NM-500,NM-501,NV-501,NV-502,NY-500,NY-501,NY-503,NY-505,NY-507,NY-510,NY-511,NY-512,NY-513,NY-514,NY-518,NY-519,NY-520,NY-522,NY-523,NY-608,OH-501,OH-506,OH-508,OK-501,OK-505,OR-500,OR-502,OR-503,OR-504,PA-501,PA-503,PA-506,PA-508,PA-509,PA-510,SC-500,SC-503,SD-500,TN-500,TN-502,TN-509,TN-512,TX-603,TX-604,TX-611,UT-504,VA-502,VA-508,VI-500,VT-500,VT-501,WA-502,WI-502,WI-503,WV-501,WV-503,WY-500","{""pit_sheltered"":72656.0,""pit_total"":122895.0,""pit_unsheltered"":50239.0}",block_population,pl_94_171_block_population,2020,2023,2020,2020,census_msa_2023,msa_fractional_rollup_population_basis_pit2020_vintage
30,17140,17140,"Cincinnati, OH-KY-IN",2249797,2020,1956.7400203108305,1649.2289159985914,307.51110431223924,644598,486355,1130953,1149818,0.5606087224238967,0.4229843331727282,-158243,-0.1376243892511685,0.9835930555966249,True,15,0,,5,5,0,,1.0,1.0,1.2985648017874412,1.2985648017874412,187,"AK-500,AK-501,AL-501,AL-502,AL-503,AL-504,AL-505,AL-506,AR-500,AR-501,AR-505,AZ-501,CA-504,CA-508,CA-509,CA-510,CA-511,CA-513,CA-516,CA-517,CA-518,CA-519,CA-520,CA-522,CA-523,CA-524,CA-526,CA-527,CA-529,CA-530,CA-531,CA-603,CA-604,CA-613,CA-614,CO-504,CO-505,FL-500,FL-503,FL-504,FL-505,FL-506,FL-508,FL-509,FL-511,FL-513,FL-514,FL-515,FL-517,FL-518,FL-602,FL-603,FL-604,FL-606,GA-503,GA-504,GA-505,GA-507,GU-500,HI-500,HI-501,IA-500,IA-501,IA-502,ID-500,ID-501,IL-503,IL-507,IL-512,IL-513,IL-516,IL-518,KS-502,KS-503,KY-502,LA-500,LA-502,LA-503,LA-505,LA-506,LA-507,LA-509,MA-503,MA-504,MA-507,MD-500,MD-507,MD-508,MD-510,MD-512,MD-513,MI-506,MI-507,MI-508,MI-509,MI-510,MI-511,MI-512,MI-514,MI-515,MI-516,MI-517,MI-519,MI-523,MN-504,MN-506,MN-508,MN-509,MO-600,MO-602,MO-603,MP-500,MS-500,MS-503,MT-500,NC-500,NC-501,NC-504,NC-506,NC-511,NC-513,NC-516,ND-500,NE-500,NE-501,NE-502,NH-501,NH-502,NJ-500,NJ-514,NM-500,NM-501,NV-501,NV-502,NY-500,NY-501,NY-503,NY-505,NY-507,NY-510,NY-511,NY-512,NY-513,NY-514,NY-518,NY-519,NY-520,NY-522,NY-523,NY-608,OH-501,OH-506,OH-508,OK-501,OK-505,OR-500,OR-502,OR-503,OR-504,PA-501,PA-503,PA-506,PA-508,PA-509,PA-510,SC-500,SC-503,SD-500,TN-500,TN-502,TN-509,TN-512,TX-603,TX-604,TX-611,UT-504,VA-502,VA-508,VI-500,VT-500,VT-501,WA-502,WI-502,WI-503,WV-501,WV-503,WY-500","{""pit_sheltered"":72656.0,""pit_total"":122895.0,""pit_unsheltered"":50239.0}",block_population,pl_94_171_block_population,2020,2023,2020,2020,census_msa_2023,msa_fractional_rollup_population_basis_pit2020_vintage
31,28140,28140,"Kansas City, MO-KS",2192035,2020,2450.207717151651,1791.9558203621982,658.251896789453,482131,451935,934066,953827,0.5054700695199444,0.47381233703805825,-30196,-0.03165773248188619,0.9792824065580027,True,14,0,,4,4,0,,1.0,0.9999999999933366,2.2231011374561183,2.2231011374561183,187,"AK-500,AK-501,AL-501,AL-502,AL-503,AL-504,AL-505,AL-506,AR-500,AR-501,AR-505,AZ-501,CA-504,CA-508,CA-509,CA-510,CA-511,CA-513,CA-516,CA-517,CA-518,CA-519,CA-520,CA-522,CA-523,CA-524,CA-526,CA-527,CA-529,CA-530,CA-531,CA-603,CA-604,CA-613,CA-614,CO-504,CO-505,FL-500,FL-503,FL-504,FL-505,FL-506,FL-508,FL-509,FL-511,FL-513,FL-514,FL-515,FL-517,FL-518,FL-602,FL-603,FL-604,FL-606,GA-503,GA-504,GA-505,GA-507,GU-500,HI-500,HI-501,IA-500,IA-501,IA-502,ID-500,ID-501,IL-503,IL-507,IL-512,IL-513,IL-516,IL-518,KS-502,KS-503,KY-502,LA-500,LA-502,LA-503,LA-505,LA-506,LA-507,LA-509,MA-503,MA-504,MA-507,MD-500,MD-507,MD-508,MD-510,MD-512,MD-513,MI-506,MI-507,MI-508,MI-509,MI-510,MI-511,MI-512,MI-514,MI-515,MI-516,MI-517,MI-519,MI-523,MN-504,MN-506,MN-508,MN-509,MO-600,MO-602,MO-603,MP-500,MS-500,MS-503,MT-500,NC-500,NC-501,NC-504,NC-506,NC-511,NC-513,NC-516,ND-500,NE-500,NE-501,NE-502,NH-501,NH-502,NJ-500,NJ-514,NM-500,NM-501,NV-501,NV-502,NY-500,NY-501,NY-503,NY-505,NY-507,NY-510,NY-511,NY-512,NY-513,NY-514,NY-518,NY-519,NY-520,NY-522,NY-523,NY-608,OH-501,OH-506,OH-508,OK-501,OK-505,OR-500,OR-502,OR-503,OR-504,PA-501,PA-503,PA-506,PA-508,PA-509,PA-510,SC-500,SC-503,SD-500,TN-500,TN-502,TN-509,TN-512,TX-603,TX-604,TX-611,UT-504,VA-502,VA-508,VI-500,VT-500,VT-501,WA-502,WI-502,WI-503,WV-501,WV-503,WY-500","{""pit_sheltered"":72656.0,""pit_total"":122895.0,""pit_unsheltered"":50239.0}",block_population,pl_94_171_block_population,2020,2023,2020,2020,census_msa_2023,msa_fractional_rollup_population_basis_pit2020_vintage
32,17410,17410,"Cleveland, OH",2185825,2020,2547.438112548506,2285.968803021147,261.469309527359,481128,624855,1105983,1119609,0.4297285927497903,0.5581010870759345,143727,0.12837249432614423,0.9878296798257249,True,6,0,,3,3,0,,1.0,0.9992919507592162,2.1274612481073785,2.1274612481073785,187,"AK-500,AK-501,AL-501,AL-502,AL-503,AL-504,AL-505,AL-506,AR-500,AR-501,AR-505,AZ-501,CA-504,CA-508,CA-509,CA-510,CA-511,CA-513,CA-516,CA-517,CA-518,CA-519,CA-520,CA-522,CA-523,CA-524,CA-526,CA-527,CA-529,CA-530,CA-531,CA-603,CA-604,CA-613,CA-614,CO-504,CO-505,FL-500,FL-503,FL-504,FL-505,FL-506,FL-508,FL-509,FL-511,FL-513,FL-514,FL-515,FL-517,FL-518,FL-602,FL-603,FL-604,FL-606,GA-503,GA-504,GA-505,GA-507,GU-500,HI-500,HI-501,IA-500,IA-501,IA-502,ID-500,ID-501,IL-503,IL-507,IL-512,IL-513,IL-516,IL-518,KS-502,KS-503,KY-502,LA-500,LA-502,LA-503,LA-505,LA-506,LA-507,LA-509,MA-503,MA-504,MA-507,MD-500,MD-507,MD-508,MD-510,MD-512,MD-513,MI-506,MI-507,MI-508,MI-509,MI-510,MI-511,MI-512,MI-514,MI-515,MI-516,MI-517,MI-519,MI-523,MN-504,MN-506,MN-508,MN-509,MO-600,MO-602,MO-603,MP-500,MS-500,MS-503,MT-500,NC-500,NC-501,NC-504,NC-506,NC-511,NC-513,NC-516,ND-500,NE-500,NE-501,NE-502,NH-501,NH-502,NJ-500,NJ-514,NM-500,NM-501,NV-501,NV-502,NY-500,NY-501,NY-503,NY-505,NY-507,NY-510,NY-511,NY-512,NY-513,NY-514,NY-518,NY-519,NY-520,NY-522,NY-523,NY-608,OH-501,OH-506,OH-508,OK-501,OK-505,OR-500,OR-502,OR-503,OR-504,PA-501,PA-503,PA-506,PA-508,PA-509,PA-510,SC-500,SC-503,SD-500,TN-500,TN-502,TN-509,TN-512,TX-603,TX-604,TX-611,UT-504,VA-502,VA-508,VI-500,VT-500,VT-501,WA-502,WI-502,WI-503,WV-501,WV-503,WY-500","{""pit_sheltered"":72656.0,""pit_total"":122895.0,""pit_unsheltered"":50239.0}",block_population,pl_94_171_block_population,2020,2023,2020,2020,census_msa_2023,msa_fractional_rollup_population_basis_pit2020_vintage
33,18140,18140,"Columbus, OH",2138926,2020,2474.651791658207,1920.737431419182,553.914360239025,480172,567327,1047499,1064695,0.4509948858593306,0.5328540098338022,87155,0.08185912397447154,0.9838488956931328,True,10,0,,2,2,0,,1.0,1.0,1.1226311969969827,1.1226311969969827,187,"AK-500,AK-501,AL-501,AL-502,AL-503,AL-504,AL-505,AL-506,AR-500,AR-501,AR-505,AZ-501,CA-504,CA-508,CA-509,CA-510,CA-511,CA-513,CA-516,CA-517,CA-518,CA-519,CA-520,CA-522,CA-523,CA-524,CA-526,CA-527,CA-529,CA-530,CA-531,CA-603,CA-604,CA-613,CA-614,CO-504,CO-505,FL-500,FL-503,FL-504,FL-505,FL-506,FL-508,FL-509,FL-511,FL-513,FL-514,FL-515,FL-517,FL-518,FL-602,FL-603,FL-604,FL-606,GA-503,GA-504,GA-505,GA-507,GU-500,HI-500,HI-501,IA-500,IA-501,IA-502,ID-500,ID-501,IL-503,IL-507,IL-512,IL-513,IL-516,IL-518,KS-502,KS-503,KY-502,LA-500,LA-502,LA-503,LA-505,LA-506,LA-507,LA-509,MA-503,MA-504,MA-507,MD-500,MD-507,MD-508,MD-510,MD-512,MD-513,MI-506,MI-507,MI-508,MI-509,MI-510,MI-511,MI-512,MI-514,MI-515,MI-516,MI-517,MI-519,MI-523,MN-504,MN-506,MN-508,MN-509,MO-600,MO-602,MO-603,MP-500,MS-500,MS-503,MT-500,NC-500,NC-501,NC-504,NC-506,NC-511,NC-513,NC-516,ND-500,NE-500,NE-501,NE-502,NH-501,NH-502,NJ-500,NJ-514,NM-500,NM-501,NV-501,NV-502,NY-500,NY-501,NY-503,NY-505,NY-507,NY-510,NY-511,NY-512,NY-513,NY-514,NY-518,NY-519,NY-520,NY-522,NY-523,NY-608,OH-501,OH-506,OH-508,OK-501,OK-505,OR-500,OR-502,OR-503,OR-504,PA-501,PA-503,PA-506,PA-508,PA-509,PA-510,SC-500,SC-503,SD-500,TN-500,TN-502,TN-509,TN-512,TX-603,TX-604,TX-611,UT-504,VA-502,VA-508,VI-500,VT-500,VT-501,WA-502,WI-502,WI-503,WV-501,WV-503,WY-500","{""pit_sheltered"":72656.0,""pit_total"":122895.0,""pit_unsheltered"":50239.0}",block_population,pl_94_171_block_population,2020,2023,2020,2020,census_msa_2023,msa_fractional_rollup_population_basis_pit2020_vintage
34,26900,26900,"Indianapolis-Carmel-Greenwood, IN",2089673,2020,2324.948529488017,1996.5606540853282,328.3878754026884,477312,458839,936151,956212,0.49916964020531013,0.4798507025638666,-18473,-0.019318937641443545,0.9790203427691767,True,11,0,,2,2,0,,1.0,0.9694545506231944,1.1825485582085749,1.1825485582085749,187,"AK-500,AK-501,AL-501,AL-502,AL-503,AL-504,AL-505,AL-506,AR-500,AR-501,AR-505,AZ-501,CA-504,CA-508,CA-509,CA-510,CA-511,CA-513,CA-516,CA-517,CA-518,CA-519,CA-520,CA-522,CA-523,CA-524,CA-526,CA-527,CA-529,CA-530,CA-531,CA-603,CA-604,CA-613,CA-614,CO-504,CO-505,FL-500,FL-503,FL-504,FL-505,FL-506,FL-508,FL-509,FL-511,FL-513,FL-514,FL-515,FL-517,FL-518,FL-602,FL-603,FL-604,FL-606,GA-503,GA-504,GA-505,GA-507,GU-500,HI-500,HI-501,IA-500,IA-501,IA-502,ID-500,ID-501,IL-503,IL-507,IL-512,IL-513,IL-516,IL-518,KS-502,KS-503,KY-502,LA-500,LA-502,LA-503,LA-505,LA-506,LA-507,LA-509,MA-503,MA-504,MA-507,MD-500,MD-507,MD-508,MD-510,MD-512,MD-513,MI-506,MI-507,MI-508,MI-509,MI-510,MI-511,MI-512,MI-514,MI-515,MI-516,MI-517,MI-519,MI-523,MN-504,MN-506,MN-508,MN-509,MO-600,MO-602,MO-603,MP-500,MS-500,MS-503,MT-500,NC-500,NC-501,NC-504,NC-506,NC-511,NC-513,NC-516,ND-500,NE-500,NE-501,NE-502,NH-501,NH-502,NJ-500,NJ-514,NM-500,NM-501,NV-501,NV-502,NY-500,NY-501,NY-503,NY-505,NY-507,NY-510,NY-511,NY-512,NY-513,NY-514,NY-518,NY-519,NY-520,NY-522,NY-523,NY-608,OH-501,OH-506,OH-508,OK-501,OK-505,OR-500,OR-502,OR-503,OR-504,PA-501,PA-503,PA-506,PA-508,PA-509,PA-510,SC-500,SC-503,SD-500,TN-500,TN-502,TN-509,TN-512,TX-603,TX-604,TX-611,UT-504,VA-502,VA-508,VI-500,VT-500,VT-501,WA-502,WI-502,WI-503,WV-501,WV-503,WY-500","{""pit_sheltered"":72656.0,""pit_total"":122895.0,""pit_unsheltered"":50239.0}",block_population,pl_94_171_block_population,2020,2023,2020,2020,census_msa_2023,msa_fractional_rollup_population_basis_pit2020_vintage
35,41980,41980,"San Juan-Bayamón-Caguas, PR",2081265,2020,1640.7127924668948,413.24319053968327,1227.4696019272114,,,,,,,,,,False,0,40,"72007,72009,72017,72019,72021,72025,72029,72031,72033,72035,72037,72039,72041,72045,72047,72051,72053,72054,72061,72063,72069,72077,72085,72087,72089,72091,72095,72101,72103,72105,72107,72119,72127,72129,72135,72137,72139,72143,72145,72151",2,2,0,,1.0,0.9996226705451241,1.3119060234901367,1.3119060234901367,187,"AK-500,AK-501,AL-501,AL-502,AL-503,AL-504,AL-505,AL-506,AR-500,AR-501,AR-505,AZ-501,CA-504,CA-508,CA-509,CA-510,CA-511,CA-513,CA-516,CA-517,CA-518,CA-519,CA-520,CA-522,CA-523,CA-524,CA-526,CA-527,CA-529,CA-530,CA-531,CA-603,CA-604,CA-613,CA-614,CO-504,CO-505,FL-500,FL-503,FL-504,FL-505,FL-506,FL-508,FL-509,FL-511,FL-513,FL-514,FL-515,FL-517,FL-518,FL-602,FL-603,FL-604,FL-606,GA-503,GA-504,GA-505,GA-507,GU-500,HI-500,HI-501,IA-500,IA-501,IA-502,ID-500,ID-501,IL-503,IL-507,IL-512,IL-513,IL-516,IL-518,KS-502,KS-503,KY-502,LA-500,LA-502,LA-503,LA-505,LA-506,LA-507,LA-509,MA-503,MA-504,MA-507,MD-500,MD-507,MD-508,MD-510,MD-512,MD-513,MI-506,MI-507,MI-508,MI-509,MI-510,MI-511,MI-512,MI-514,MI-515,MI-516,MI-517,MI-519,MI-523,MN-504,MN-506,MN-508,MN-509,MO-600,MO-602,MO-603,MP-500,MS-500,MS-503,MT-500,NC-500,NC-501,NC-504,NC-506,NC-511,NC-513,NC-516,ND-500,NE-500,NE-501,NE-502,NH-501,NH-502,NJ-500,NJ-514,NM-500,NM-501,NV-501,NV-502,NY-500,NY-501,NY-503,NY-505,NY-507,NY-510,NY-511,NY-512,NY-513,NY-514,NY-518,NY-519,NY-520,NY-522,NY-523,NY-608,OH-501,OH-506,OH-508,OK-501,OK-505,OR-500,OR-502,OR-503,OR-504,PA-501,PA-503,PA-506,PA-508,PA-509,PA-510,SC-500,SC-503,SD-500,TN-500,TN-502,TN-509,TN-512,TX-603,TX-604,TX-611,UT-504,VA-502,VA-508,VI-500,VT-500,VT-501,WA-502,WI-502,WI-503,WV-501,WV-503,WY-500","{""pit_sheltered"":72656.0,""pit_total"":122895.0,""pit_unsheltered"":50239.0}",block_population,pl_94_171_block_population,2020,2023,2020,2020,census_msa_2023,msa_fractional_rollup_population_basis_pit2020_vintage
36,34980,34980,"Nashville-Davidson--Murfreesboro--Franklin, TN",2014444,2020,2758.840203826608,1910.9186618470228,847.9215419795856,500933,401381,902314,923394,0.5424910709837837,0.43468010405092516,-99552,-0.10781096693285852,0.977171175034709,True,14,0,,4,4,0,,1.0,0.9999999999944769,2.937525180356695,2.937525180356695,187,"AK-500,AK-501,AL-501,AL-502,AL-503,AL-504,AL-505,AL-506,AR-500,AR-501,AR-505,AZ-501,CA-504,CA-508,CA-509,CA-510,CA-511,CA-513,CA-516,CA-517,CA-518,CA-519,CA-520,CA-522,CA-523,CA-524,CA-526,CA-527,CA-529,CA-530,CA-531,CA-603,CA-604,CA-613,CA-614,CO-504,CO-505,FL-500,FL-503,FL-504,FL-505,FL-506,FL-508,FL-509,FL-511,FL-513,FL-514,FL-515,FL-517,FL-518,FL-602,FL-603,FL-604,FL-606,GA-503,GA-504,GA-505,GA-507,GU-500,HI-500,HI-501,IA-500,IA-501,IA-502,ID-500,ID-501,IL-503,IL-507,IL-512,IL-513,IL-516,IL-518,KS-502,KS-503,KY-502,LA-500,LA-502,LA-503,LA-505,LA-506,LA-507,LA-509,MA-503,MA-504,MA-507,MD-500,MD-507,MD-508,MD-510,MD-512,MD-513,MI-506,MI-507,MI-508,MI-509,MI-510,MI-511,MI-512,MI-514,MI-515,MI-516,MI-517,MI-519,MI-523,MN-504,MN-506,MN-508,MN-509,MO-600,MO-602,MO-603,MP-500,MS-500,MS-503,MT-500,NC-500,NC-501,NC-504,NC-506,NC-511,NC-513,NC-516,ND-500,NE-500,NE-501,NE-502,NH-501,NH-502,NJ-500,NJ-514,NM-500,NM-501,NV-501,NV-502,NY-500,NY-501,NY-503,NY-505,NY-507,NY-510,NY-511,NY-512,NY-513,NY-514,NY-518,NY-519,NY-520,NY-522,NY-523,NY-608,OH-501,OH-506,OH-508,OK-501,OK-505,OR-500,OR-502,OR-503,OR-504,PA-501,PA-503,PA-506,PA-508,PA-509,PA-510,SC-500,SC-503,SD-500,TN-500,TN-502,TN-509,TN-512,TX-603,TX-604,TX-611,UT-504,VA-502,VA-508,VI-500,VT-500,VT-501,WA-502,WI-502,WI-503,WV-501,WV-503,WY-500","{""pit_sheltered"":72656.0,""pit_total"":122895.0,""pit_unsheltered"":50239.0}",block_population,pl_94_171_block_population,2020,2023,2020,2020,census_msa_2023,msa_fractional_rollup_population_basis_pit2020_vintage
37,41940,41940,"San Jose-Sunnyvale-Santa Clara, CA",2000468,2020,9947.373826069339,1770.4127067604934,8176.961119308845,225202,635595,860797,879571,0.2560361812747351,0.7226193223742029,410393,0.4665831410994678,0.9786555036489379,True,2,0,,3,3,0,,1.0,0.9999992891794365,1.1276098538291353,1.1276098538291353,187,"AK-500,AK-501,AL-501,AL-502,AL-503,AL-504,AL-505,AL-506,AR-500,AR-501,AR-505,AZ-501,CA-504,CA-508,CA-509,CA-510,CA-511,CA-513,CA-516,CA-517,CA-518,CA-519,CA-520,CA-522,CA-523,CA-524,CA-526,CA-527,CA-529,CA-530,CA-531,CA-603,CA-604,CA-613,CA-614,CO-504,CO-505,FL-500,FL-503,FL-504,FL-505,FL-506,FL-508,FL-509,FL-511,FL-513,FL-514,FL-515,FL-517,FL-518,FL-602,FL-603,FL-604,FL-606,GA-503,GA-504,GA-505,GA-507,GU-500,HI-500,HI-501,IA-500,IA-501,IA-502,ID-500,ID-501,IL-503,IL-507,IL-512,IL-513,IL-516,IL-518,KS-502,KS-503,KY-502,LA-500,LA-502,LA-503,LA-505,LA-506,LA-507,LA-509,MA-503,MA-504,MA-507,MD-500,MD-507,MD-508,MD-510,MD-512,MD-513,MI-506,MI-507,MI-508,MI-509,MI-510,MI-511,MI-512,MI-514,MI-515,MI-516,MI-517,MI-519,MI-523,MN-504,MN-506,MN-508,MN-509,MO-600,MO-602,MO-603,MP-500,MS-500,MS-503,MT-500,NC-500,NC-501,NC-504,NC-506,NC-511,NC-513,NC-516,ND-500,NE-500,NE-501,NE-502,NH-501,NH-502,NJ-500,NJ-514,NM-500,NM-501,NV-501,NV-502,NY-500,NY-501,NY-503,NY-505,NY-507,NY-510,NY-511,NY-512,NY-513,NY-514,NY-518,NY-519,NY-520,NY-522,NY-523,NY-608,OH-501,OH-506,OH-508,OK-501,OK-505,OR-500,OR-502,OR-503,OR-504,PA-501,PA-503,PA-506,PA-508,PA-509,PA-510,SC-500,SC-503,SD-500,TN-500,TN-502,TN-509,TN-512,TX-603,TX-604,TX-611,UT-504,VA-502,VA-508,VI-500,VT-500,VT-501,WA-502,WI-502,WI-503,WV-501,WV-503,WY-500","{""pit_sheltered"":72656.0,""pit_total"":122895.0,""pit_unsheltered"":50239.0}",block_population,pl_94_171_block_population,2020,2023,2020,2020,census_msa_2023,msa_fractional_rollup_population_basis_pit2020_vintage
38,47260,47260,"Virginia Beach-Chesapeake-Norfolk, VA-NC",1780059,2020,1629.2623628336464,1360.5181118808987,268.7442509527476,369160,486096,855256,873709,0.4225205417364363,0.5563591539059344,116936,0.1338386121694981,0.9788796956423707,True,18,0,,6,6,0,,1.0,0.9984207799999452,4.00054457773372,4.00054457773372,187,"AK-500,AK-501,AL-501,AL-502,AL-503,AL-504,AL-505,AL-506,AR-500,AR-501,AR-505,AZ-501,CA-504,CA-508,CA-509,CA-510,CA-511,CA-513,CA-516,CA-517,CA-518,CA-519,CA-520,CA-522,CA-523,CA-524,CA-526,CA-527,CA-529,CA-530,CA-531,CA-603,CA-604,CA-613,CA-614,CO-504,CO-505,FL-500,FL-503,FL-504,FL-505,FL-506,FL-508,FL-509,FL-511,FL-513,FL-514,FL-515,FL-517,FL-518,FL-602,FL-603,FL-604,FL-606,GA-503,GA-504,GA-505,GA-507,GU-500,HI-500,HI-501,IA-500,IA-501,IA-502,ID-500,ID-501,IL-503,IL-507,IL-512,IL-513,IL-516,IL-518,KS-502,KS-503,KY-502,LA-500,LA-502,LA-503,LA-505,LA-506,LA-507,LA-509,MA-503,MA-504,MA-507,MD-500,MD-507,MD-508,MD-510,MD-512,MD-513,MI-506,MI-507,MI-508,MI-509,MI-510,MI-511,MI-512,MI-514,MI-515,MI-516,MI-517,MI-519,MI-523,MN-504,MN-506,MN-508,MN-509,MO-600,MO-602,MO-603,MP-500,MS-500,MS-503,MT-500,NC-500,NC-501,NC-504,NC-506,NC-511,NC-513,NC-516,ND-500,NE-500,NE-501,NE-502,NH-501,NH-502,NJ-500,NJ-514,NM-500,NM-501,NV-501,NV-502,NY-500,NY-501,NY-503,NY-505,NY-507,NY-510,NY-511,NY-512,NY-513,NY-514,NY-518,NY-519,NY-520,NY-522,NY-523,NY-608,OH-501,OH-506,OH-508,OK-501,OK-505,OR-500,OR-502,OR-503,OR-504,PA-501,PA-503,PA-506,PA-508,PA-509,PA-510,SC-500,SC-503,SD-500,TN-500,TN-502,TN-509,TN-512,TX-603,TX-604,TX-611,UT-504,VA-502,VA-508,VI-500,VT-500,VT-501,WA-502,WI-502,WI-503,WV-501,WV-503,WY-500","{""pit_sheltered"":72656.0,""pit_total"":122895.0,""pit_unsheltered"":50239.0}",block_population,pl_94_171_block_population,2020,2023,2020,2020,census_msa_2023,msa_fractional_rollup_population_basis_pit2020_vintage
39,39300,39300,"Providence-Warwick, RI-MA",1676579,2020,4082.1308960853175,3599.6388164673563,482.4920796179616,319709,459587,779296,797747,0.40076490416134436,0.57610620911141,139878,0.1753413049500656,0.9768711132727544,True,6,0,,6,6,0,,1.0,0.9997075151126712,4.893625018224216,4.893625018224216,187,"AK-500,AK-501,AL-501,AL-502,AL-503,AL-504,AL-505,AL-506,AR-500,AR-501,AR-505,AZ-501,CA-504,CA-508,CA-509,CA-510,CA-511,CA-513,CA-516,CA-517,CA-518,CA-519,CA-520,CA-522,CA-523,CA-524,CA-526,CA-527,CA-529,CA-530,CA-531,CA-603,CA-604,CA-613,CA-614,CO-504,CO-505,FL-500,FL-503,FL-504,FL-505,FL-506,FL-508,FL-509,FL-511,FL-513,FL-514,FL-515,FL-517,FL-518,FL-602,FL-603,FL-604,FL-606,GA-503,GA-504,GA-505,GA-507,GU-500,HI-500,HI-501,IA-500,IA-501,IA-502,ID-500,ID-501,IL-503,IL-507,IL-512,IL-513,IL-516,IL-518,KS-502,KS-503,KY-502,LA-500,LA-502,LA-503,LA-505,LA-506,LA-507,LA-509,MA-503,MA-504,MA-507,MD-500,MD-507,MD-508,MD-510,MD-512,MD-513,MI-506,MI-507,MI-508,MI-509,MI-510,MI-511,MI-512,MI-514,MI-515,MI-516,MI-517,MI-519,MI-523,MN-504,MN-506,MN-508,MN-509,MO-600,MO-602,MO-603,MP-500,MS-500,MS-503,MT-500,NC-500,NC-501,NC-504,NC-506,NC-511,NC-513,NC-516,ND-500,NE-500,NE-501,NE-502,NH-501,NH-502,NJ-500,NJ-514,NM-500,NM-501,NV-501,NV-502,NY-500,NY-501,NY-503,NY-505,NY-507,NY-510,NY-511,NY-512,NY-513,NY-514,NY-518,NY-519,NY-520,NY-522,NY-523,NY-608,OH-501,OH-506,OH-508,OK-501,OK-505,OR-500,OR-502,OR-503,OR-504,PA-501,PA-503,PA-506,PA-508,PA-509,PA-510,SC-500,SC-503,SD-500,TN-500,TN-502,TN-509,TN-512,TX-603,TX-604,TX-611,UT-504,VA-502,VA-508,VI-500,VT-500,VT-501,WA-502,WI-502,WI-503,WV-501,WV-503,WY-500","{""pit_sheltered"":72656.0,""pit_total"":122895.0,""pit_unsheltered"":50239.0}",block_population,pl_94_171_block_population,2020,2023,2020,2020,census_msa_2023,msa_fractional_rollup_population_basis_pit2020_vintage
40,27260,27260,"Jacksonville, FL",1605848,2020,1732.999999999996,1076.9999999999973,655.9999999999986,483665,372324,855989,866717,0.5580425906033919,0.42957966671935593,-111341,-0.12846292388403596,0.9876222573227478,True,5,0,,2,2,0,,1.0,0.9819670938336993,1.999999999999997,1.999999999999997,187,"AK-500,AK-501,AL-501,AL-502,AL-503,AL-504,AL-505,AL-506,AR-500,AR-501,AR-505,AZ-501,CA-504,CA-508,CA-509,CA-510,CA-511,CA-513,CA-516,CA-517,CA-518,CA-519,CA-520,CA-522,CA-523,CA-524,CA-526,CA-527,CA-529,CA-530,CA-531,CA-603,CA-604,CA-613,CA-614,CO-504,CO-505,FL-500,FL-503,FL-504,FL-505,FL-506,FL-508,FL-509,FL-511,FL-513,FL-514,FL-515,FL-517,FL-518,FL-602,FL-603,FL-604,FL-606,GA-503,GA-504,GA-505,GA-507,GU-500,HI-500,HI-501,IA-500,IA-501,IA-502,ID-500,ID-501,IL-503,IL-507,IL-512,IL-513,IL-516,IL-518,KS-502,KS-503,KY-502,LA-500,LA-502,LA-503,LA-505,LA-506,LA-507,LA-509,MA-503,MA-504,MA-507,MD-500,MD-507,MD-508,MD-510,MD-512,MD-513,MI-506,MI-507,MI-508,MI-509,MI-510,MI-511,MI-512,MI-514,MI-515,MI-516,MI-517,MI-519,MI-523,MN-504,MN-506,MN-508,MN-509,MO-600,MO-602,MO-603,MP-500,MS-500,MS-503,MT-500,NC-500,NC-501,NC-504,NC-506,NC-511,NC-513,NC-516,ND-500,NE-500,NE-501,NE-502,NH-501,NH-502,NJ-500,NJ-514,NM-500,NM-501,NV-501,NV-502,NY-500,NY-501,NY-503,NY-505,NY-507,NY-510,NY-511,NY-512,NY-513,NY-514,NY-518,NY-519,NY-520,NY-522,NY-523,NY-608,OH-501,OH-506,OH-508,OK-501,OK-505,OR-500,OR-502,OR-503,OR-504,PA-501,PA-503,PA-506,PA-508,PA-509,PA-510,SC-500,SC-503,SD-500,TN-500,TN-502,TN-509,TN-512,TX-603,TX-604,TX-611,UT-504,VA-502,VA-508,VI-500,VT-500,VT-501,WA-502,WI-502,WI-503,WV-501,WV-503,WY-500","{""pit_sheltered"":72656.0,""pit_total"":122895.0,""pit_unsheltered"":50239.0}",block_population,pl_94_171_block_population,2020,2023,2020,2020,census_msa_2023,msa_fractional_rollup_population_basis_pit2020_vintage
41,33340,33340,"Milwaukee-Waukesha, WI",1574731,2020,1380.1583348985712,1274.2256200358795,105.9327148626917,388155,474343,862498,876523,0.44283492846166045,0.5411643505076307,86188,0.09832942204597023,0.9839992789692912,True,4,0,,2,2,0,,1.0,0.9999474859186758,1.1514617188639085,1.1514617188639085,187,"AK-500,AK-501,AL-501,AL-502,AL-503,AL-504,AL-505,AL-506,AR-500,AR-501,AR-505,AZ-501,CA-504,CA-508,CA-509,CA-510,CA-511,CA-513,CA-516,CA-517,CA-518,CA-519,CA-520,CA-522,CA-523,CA-524,CA-526,CA-527,CA-529,CA-530,CA-531,CA-603,CA-604,CA-613,CA-614,CO-504,CO-505,FL-500,FL-503,FL-504,FL-505,FL-506,FL-508,FL-509,FL-511,FL-513,FL-514,FL-515,FL-517,FL-518,FL-602,FL-603,FL-604,FL-606,GA-503,GA-504,GA-505,GA-507,GU-500,HI-500,HI-501,IA-500,IA-501,IA-502,ID-500,ID-501,IL-503,IL-507,IL-512,IL-513,IL-516,IL-518,KS-502,KS-503,KY-502,LA-500,LA-502,LA-503,LA-505,LA-506,LA-507,LA-509,MA-503,MA-504,MA-507,MD-500,MD-507,MD-508,MD-510,MD-512,MD-513,MI-506,MI-507,MI-508,MI-509,MI-510,MI-511,MI-512,MI-514,MI-515,MI-516,MI-517,MI-519,MI-523,MN-504,MN-506,MN-508,MN-509,MO-600,MO-602,MO-603,MP-500,MS-500,MS-503,MT-500,NC-500,NC-501,NC-504,NC-506,NC-511,NC-513,NC-516,ND-500,NE-500,NE-501,NE-502,NH-501,NH-502,NJ-500,NJ-514,NM-500,NM-501,NV-501,NV-502,NY-500,NY-501,NY-503,NY-505,NY-507,NY-510,NY-511,NY-512,NY-513,NY-514,NY-518,NY-519,NY-520,NY-522,NY-523,NY-608,OH-501,OH-506,OH-508,OK-501,OK-505,OR-500,OR-502,OR-503,OR-504,PA-501,PA-503,PA-506,PA-508,PA-509,PA-510,SC-500,SC-503,SD-500,TN-500,TN-502,TN-509,TN-512,TX-603,TX-604,TX-611,UT-504,VA-502,VA-508,VI-500,VT-500,VT-501,WA-502,WI-502,WI-503,WV-501,WV-503,WY-500","{""pit_sheltered"":72656.0,""pit_total"":122895.0,""pit_unsheltered"":50239.0}",block_population,pl_94_171_block_population,2020,2023,2020,2020,census_msa_2023,msa_fractional_rollup_population_basis_pit2020_vintage
42,36420,36420,"Oklahoma City, OK",1425695,2020,1968.9511879079685,1226.6920088273698,742.2591790805986,316731,224083,540814,555257,0.5704223449681859,0.4035662765170002,-92648,-0.16685606845118567,0.9739886214851862,True,7,0,,6,6,0,,1.0,0.9707792306802223,2.8042841755156225,2.8042841755156225,187,"AK-500,AK-501,AL-501,AL-502,AL-503,AL-504,AL-505,AL-506,AR-500,AR-501,AR-505,AZ-501,CA-504,CA-508,CA-509,CA-510,CA-511,CA-513,CA-516,CA-517,CA-518,CA-519,CA-520,CA-522,CA-523,CA-524,CA-526,CA-527,CA-529,CA-530,CA-531,CA-603,CA-604,CA-613,CA-614,CO-504,CO-505,FL-500,FL-503,FL-504,FL-505,FL-506,FL-508,FL-509,FL-511,FL-513,FL-514,FL-515,FL-517,FL-518,FL-602,FL-603,FL-604,FL-606,GA-503,GA-504,GA-505,GA-507,GU-500,HI-500,HI-501,IA-500,IA-501,IA-502,ID-500,ID-501,IL-503,IL-507,IL-512,IL-513,IL-516,IL-518,KS-502,KS-503,KY-502,LA-500,LA-502,LA-503,LA-505,LA-506,LA-507,LA-509,MA-503,MA-504,MA-507,MD-500,MD-507,MD-508,MD-510,MD-512,MD-513,MI-506,MI-507,MI-508,MI-509,MI-510,MI-511,MI-512,MI-514,MI-515,MI-516,MI-517,MI-519,MI-523,MN-504,MN-506,MN-508,MN-509,MO-600,MO-602,MO-603,MP-500,MS-500,MS-503,MT-500,NC-500,NC-501,NC-504,NC-506,NC-511,NC-513,NC-516,ND-500,NE-500,NE-501,NE-502,NH-501,NH-502,NJ-500,NJ-514,NM-500,NM-501,NV-501,NV-502,NY-500,NY-501,NY-503,NY-505,NY-507,NY-510,NY-511,NY-512,NY-513,NY-514,NY-518,NY-519,NY-520,NY-522,NY-523,NY-608,OH-501,OH-506,OH-508,OK-501,OK-505,OR-500,OR-502,OR-503,OR-504,PA-501,PA-503,PA-506,PA-508,PA-509,PA-510,SC-500,SC-503,SD-500,TN-500,TN-502,TN-509,TN-512,TX-603,TX-604,TX-611,UT-504,VA-502,VA-508,VI-500,VT-500,VT-501,WA-502,WI-502,WI-503,WV-501,WV-503,WY-500","{""pit_sheltered"":72656.0,""pit_total"":122895.0,""pit_unsheltered"":50239.0}",block_population,pl_94_171_block_population,2020,2023,2020,2020,census_msa_2023,msa_fractional_rollup_population_basis_pit2020_vintage
43,39580,39580,"Raleigh-Cary, NC",1413982,2020,1145.5059334547577,859.5624714263589,285.9434620283989,315451,450472,765923,780538,0.4041456021359626,0.577130133318301,135021,0.17298453118233836,0.9812757354542636,True,3,0,,3,3,0,,1.0,1.0,1.051348791408893,1.051348791408893,187,"AK-500,AK-501,AL-501,AL-502,AL-503,AL-504,AL-505,AL-506,AR-500,AR-501,AR-505,AZ-501,CA-504,CA-508,CA-509,CA-510,CA-511,CA-513,CA-516,CA-517,CA-518,CA-519,CA-520,CA-522,CA-523,CA-524,CA-526,CA-527,CA-529,CA-530,CA-531,CA-603,CA-604,CA-613,CA-614,CO-504,CO-505,FL-500,FL-503,FL-504,FL-505,FL-506,FL-508,FL-509,FL-511,FL-513,FL-514,FL-515,FL-517,FL-518,FL-602,FL-603,FL-604,FL-606,GA-503,GA-504,GA-505,GA-507,GU-500,HI-500,HI-501,IA-500,IA-501,IA-502,ID-500,ID-501,IL-503,IL-507,IL-512,IL-513,IL-516,IL-518,KS-502,KS-503,KY-502,LA-500,LA-502,LA-503,LA-505,LA-506,LA-507,LA-509,MA-503,MA-504,MA-507,MD-500,MD-507,MD-508,MD-510,MD-512,MD-513,MI-506,MI-507,MI-508,MI-509,MI-510,MI-511,MI-512,MI-514,MI-515,MI-516,MI-517,MI-519,MI-523,MN-504,MN-506,MN-508,MN-509,MO-600,MO-602,MO-603,MP-500,MS-500,MS-503,MT-500,NC-500,NC-501,NC-504,NC-506,NC-511,NC-513,NC-516,ND-500,NE-500,NE-501,NE-502,NH-501,NH-502,NJ-500,NJ-514,NM-500,NM-501,NV-501,NV-502,NY-500,NY-501,NY-503,NY-505,NY-507,NY-510,NY-511,NY-512,NY-513,NY-514,NY-518,NY-519,NY-520,NY-522,NY-523,NY-608,OH-501,OH-506,OH-508,OK-501,OK-505,OR-500,OR-502,OR-503,OR-504,PA-501,PA-503,PA-506,PA-508,PA-509,PA-510,SC-500,SC-503,SD-500,TN-500,TN-502,TN-509,TN-512,TX-603,TX-604,TX-611,UT-504,VA-502,VA-508,VI-500,VT-500,VT-501,WA-502,WI-502,WI-503,WV-501,WV-503,WY-500","{""pit_sheltered"":72656.0,""pit_total"":122895.0,""pit_unsheltered"":50239.0}",block_population,pl_94_171_block_population,2020,2023,2020,2020,census_msa_2023,msa_fractional_rollup_population_basis_pit2020_vintage
44,31140,31140,"Louisville/Jefferson County, KY-IN",1362180,2020,1493.580225984883,1247.1233053111387,246.45692067374446,340246,325642,665888,678472,0.5014886391774458,0.47996380101168507,-14604,-0.02152483816576073,0.9814524401891309,True,12,0,,3,3,0,,1.0,0.9999999052823042,1.1380045164851662,1.1380045164851662,187,"AK-500,AK-501,AL-501,AL-502,AL-503,AL-504,AL-505,AL-506,AR-500,AR-501,AR-505,AZ-501,CA-504,CA-508,CA-509,CA-510,CA-511,CA-513,CA-516,CA-517,CA-518,CA-519,CA-520,CA-522,CA-523,CA-524,CA-526,CA-527,CA-529,CA-530,CA-531,CA-603,CA-604,CA-613,CA-614,CO-504,CO-505,FL-500,FL-503,FL-504,FL-505,FL-506,FL-508,FL-509,FL-511,FL-513,FL-514,FL-515,FL-517,FL-518,FL-602,FL-603,FL-604,FL-606,GA-503,GA-504,GA-505,GA-507,GU-500,HI-500,HI-501,IA-500,IA-501,IA-502,ID-500,ID-501,IL-503,IL-507,IL-512,IL-513,IL-516,IL-518,KS-502,KS-503,KY-502,LA-500,LA-502,LA-503,LA-505,LA-506,LA-507,LA-509,MA-503,MA-504,MA-507,MD-500,MD-507,MD-508,MD-510,MD-512,MD-513,MI-506,MI-507,MI-508,MI-509,MI-510,MI-511,MI-512,MI-514,MI-515,MI-516,MI-517,MI-519,MI-523,MN-504,MN-506,MN-508,MN-509,MO-600,MO-602,MO-603,MP-500,MS-500,MS-503,MT-500,NC-500,NC-501,NC-504,NC-506,NC-511,NC-513,NC-516,ND-500,NE-500,NE-501,NE-502,NH-501,NH-502,NJ-500,NJ-514,NM-500,NM-501,NV-501,NV-502,NY-500,NY-501,NY-503,NY-505,NY-507,NY-510,NY-511,NY-512,NY-513,NY-514,NY-518,NY-519,NY-520,NY-522,NY-523,NY-608,OH-501,OH-506,OH-508,OK-501,OK-505,OR-500,OR-502,OR-503,OR-504,PA-501,PA-503,PA-506,PA-508,PA-509,PA-510,SC-500,SC-503,SD-500,TN-500,TN-502,TN-509,TN-512,TX-603,TX-604,TX-611,UT-504,VA-502,VA-508,VI-500,VT-500,VT-501,WA-502,WI-502,WI-503,WV-501,WV-503,WY-500","{""pit_sheltered"":72656.0,""pit_total"":122895.0,""pit_unsheltered"":50239.0}",block_population,pl_94_171_block_population,2020,2023,2020,2020,census_msa_2023,msa_fractional_rollup_population_basis_pit2020_vintage
45,32820,32820,"Memphis, TN-MS-AR",1345425,2020,1245.7388211175576,969.426262607392,276.3125585101656,239139,313247,552386,561599,0.42581806591535953,0.5577769903436438,74108,0.13195892442828427,0.9835950562590033,True,9,0,,4,4,0,,1.0,0.9999999999948963,1.3307168674212715,1.3307168674212715,187,"AK-500,AK-501,AL-501,AL-502,AL-503,AL-504,AL-505,AL-506,AR-500,AR-501,AR-505,AZ-501,CA-504,CA-508,CA-509,CA-510,CA-511,CA-513,CA-516,CA-517,CA-518,CA-519,CA-520,CA-522,CA-523,CA-524,CA-526,CA-527,CA-529,CA-530,CA-531,CA-603,CA-604,CA-613,CA-614,CO-504,CO-505,FL-500,FL-503,FL-504,FL-505,FL-506,FL-508,FL-509,FL-511,FL-513,FL-514,FL-515,FL-517,FL-518,FL-602,FL-603,FL-604,FL-606,GA-503,GA-504,GA-505,GA-507,GU-500,HI-500,HI-501,IA-500,IA-501,IA-502,ID-500,ID-501,IL-503,IL-507,IL-512,IL-513,IL-516,IL-518,KS-502,KS-503,KY-502,LA-500,LA-502,LA-503,LA-505,LA-506,LA-507,LA-509,MA-503,MA-504,MA-507,MD-500,MD-507,MD-508,MD-510,MD-512,MD-513,MI-506,MI-507,MI-508,MI-509,MI-510,MI-511,MI-512,MI-514,MI-515,MI-516,MI-517,MI-519,MI-523,MN-504,MN-506,MN-508,MN-509,MO-600,MO-602,MO-603,MP-500,MS-500,MS-503,MT-500,NC-500,NC-501,NC-504,NC-506,NC-511,NC-513,NC-516,ND-500,NE-500,NE-501,NE-502,NH-501,NH-502,NJ-500,NJ-514,NM-500,NM-501,NV-501,NV-502,NY-500,NY-501,NY-503,NY-505,NY-507,NY-510,NY-511,NY-512,NY-513,NY-514,NY-518,NY-519,NY-520,NY-522,NY-523,NY-608,OH-501,OH-506,OH-508,OK-501,OK-505,OR-500,OR-502,OR-503,OR-504,PA-501,PA-503,PA-506,PA-508,PA-509,PA-510,SC-500,SC-503,SD-500,TN-500,TN-502,TN-509,TN-512,TX-603,TX-604,TX-611,UT-504,VA-502,VA-508,VI-500,VT-500,VT-501,WA-502,WI-502,WI-503,WV-501,WV-503,WY-500","{""pit_sheltered"":72656.0,""pit_total"":122895.0,""pit_unsheltered"":50239.0}",block_population,pl_94_171_block_population,2020,2023,2020,2020,census_msa_2023,msa_fractional_rollup_population_basis_pit2020_vintage
46,40060,40060,"Richmond, VA",1314434,2020,639.7469181759208,491.8418994856718,147.90501869024902,300888,404445,705333,718306,0.41888554460076904,0.5630539073876593,103557,0.14416836278689021,0.9819394519884284,True,17,0,,3,3,0,,1.0,0.9999848337030559,1.1158929835980043,1.1158929835980043,187,"AK-500,AK-501,AL-501,AL-502,AL-503,AL-504,AL-505,AL-506,AR-500,AR-501,AR-505,AZ-501,CA-504,CA-508,CA-509,CA-510,CA-511,CA-513,CA-516,CA-517,CA-518,CA-519,CA-520,CA-522,CA-523,CA-524,CA-526,CA-527,CA-529,CA-530,CA-531,CA-603,CA-604,CA-613,CA-614,CO-504,CO-505,FL-500,FL-503,FL-504,FL-505,FL-506,FL-508,FL-509,FL-511,FL-513,FL-514,FL-515,FL-517,FL-518,FL-602,FL-603,FL-604,FL-606,GA-503,GA-504,GA-505,GA-507,GU-500,HI-500,HI-501,IA-500,IA-501,IA-502,ID-500,ID-501,IL-503,IL-507,IL-512,IL-513,IL-516,IL-518,KS-502,KS-503,KY-502,LA-500,LA-502,LA-503,LA-505,LA-506,LA-507,LA-509,MA-503,MA-504,MA-507,MD-500,MD-507,MD-508,MD-510,MD-512,MD-513,MI-506,MI-507,MI-508,MI-509,MI-510,MI-511,MI-512,MI-514,MI-515,MI-516,MI-517,MI-519,MI-523,MN-504,MN-506,MN-508,MN-509,MO-600,MO-602,MO-603,MP-500,MS-500,MS-503,MT-500,NC-500,NC-501,NC-504,NC-506,NC-511,NC-513,NC-516,ND-500,NE-500,NE-501,NE-502,NH-501,NH-502,NJ-500,NJ-514,NM-500,NM-501,NV-501,NV-502,NY-500,NY-501,NY-503,NY-505,NY-507,NY-510,NY-511,NY-512,NY-513,NY-514,NY-518,NY-519,NY-520,NY-522,NY-523,NY-608,OH-501,OH-506,OH-508,OK-501,OK-505,OR-500,OR-502,OR-503,OR-504,PA-501,PA-503,PA-506,PA-508,PA-509,PA-510,SC-500,SC-503,SD-500,TN-500,TN-502,TN-509,TN-512,TX-603,TX-604,TX-611,UT-504,VA-502,VA-508,VI-500,VT-500,VT-501,WA-502,WI-502,WI-503,WV-501,WV-503,WY-500","{""pit_sheltered"":72656.0,""pit_total"":122895.0,""pit_unsheltered"":50239.0}",block_population,pl_94_171_block_population,2020,2023,2020,2020,census_msa_2023,msa_fractional_rollup_population_basis_pit2020_vintage
47,41620,41620,"Salt Lake City-Murray, UT",1257936,2020,2006.767917996479,1720.8741542599378,285.8937637365409,251188,298849,550037,578087,0.43451591196480804,0.5169619797712109,47661,0.0824460678064029,0.9514778917360189,True,2,0,,2,2,0,,1.0,0.9999989082561571,1.0510929257120392,1.0510929257120392,187,"AK-500,AK-501,AL-501,AL-502,AL-503,AL-504,AL-505,AL-506,AR-500,AR-501,AR-505,AZ-501,CA-504,CA-508,CA-509,CA-510,CA-511,CA-513,CA-516,CA-517,CA-518,CA-519,CA-520,CA-522,CA-523,CA-524,CA-526,CA-527,CA-529,CA-530,CA-531,CA-603,CA-604,CA-613,CA-614,CO-504,CO-505,FL-500,FL-503,FL-504,FL-505,FL-506,FL-508,FL-509,FL-511,FL-513,FL-514,FL-515,FL-517,FL-518,FL-602,FL-603,FL-604,FL-606,GA-503,GA-504,GA-505,GA-507,GU-500,HI-500,HI-501,IA-500,IA-501,IA-502,ID-500,ID-501,IL-503,IL-507,IL-512,IL-513,IL-516,IL-518,KS-502,KS-503,KY-502,LA-500,LA-502,LA-503,LA-505,LA-506,LA-507,LA-509,MA-503,MA-504,MA-507,MD-500,MD-507,MD-508,MD-510,MD-512,MD-513,MI-506,MI-507,MI-508,MI-509,MI-510,MI-511,MI-512,MI-514,MI-515,MI-516,MI-517,MI-519,MI-523,MN-504,MN-506,MN-508,MN-509,MO-600,MO-602,MO-603,MP-500,MS-500,MS-503,MT-500,NC-500,NC-501,NC-504,NC-506,NC-511,NC-513,NC-516,ND-500,NE-500,NE-501,NE-502,NH-501,NH-502,NJ-500,NJ-514,NM-500,NM-501,NV-501,NV-502,NY-500,NY-501,NY-503,NY-505,NY-507,NY-510,NY-511,NY-512,NY-513,NY-514,NY-518,NY-519,NY-520,NY-522,NY-523,NY-608,OH-501,OH-506,OH-508,OK-501,OK-505,OR-500,OR-502,OR-503,OR-504,PA-501,PA-503,PA-506,PA-508,PA-509,PA-510,SC-500,SC-503,SD-500,TN-500,TN-502,TN-509,TN-512,TX-603,TX-604,TX-611,UT-504,VA-502,VA-508,VI-500,VT-500,VT-501,WA-502,WI-502,WI-503,WV-501,WV-503,WY-500","{""pit_sheltered"":72656.0,""pit_total"":122895.0,""pit_unsheltered"":50239.0}",block_population,pl_94_171_block_population,2020,2023,2020,2020,census_msa_2023,msa_fractional_rollup_population_basis_pit2020_vintage
48,13820,13820,"Birmingham, AL",1180631,2020,898.6925056223236,627.2378295432111,271.45467607911246,329032,235233,564265,572902,0.5743251027226297,0.410599020425832,-93799,-0.1637260822967977,0.9849241231484617,True,7,0,,2,2,0,,1.0,0.9999999561386581,1.1273681045787134,1.1273681045787134,187,"AK-500,AK-501,AL-501,AL-502,AL-503,AL-504,AL-505,AL-506,AR-500,AR-501,AR-505,AZ-501,CA-504,CA-508,CA-509,CA-510,CA-511,CA-513,CA-516,CA-517,CA-518,CA-519,CA-520,CA-522,CA-523,CA-524,CA-526,CA-527,CA-529,CA-530,CA-531,CA-603,CA-604,CA-613,CA-614,CO-504,CO-505,FL-500,FL-503,FL-504,FL-505,FL-506,FL-508,FL-509,FL-511,FL-513,FL-514,FL-515,FL-517,FL-518,FL-602,FL-603,FL-604,FL-606,GA-503,GA-504,GA-505,GA-507,GU-500,HI-500,HI-501,IA-500,IA-501,IA-502,ID-500,ID-501,IL-503,IL-507,IL-512,IL-513,IL-516,IL-518,KS-502,KS-503,KY-502,LA-500,LA-502,LA-503,LA-505,LA-506,LA-507,LA-509,MA-503,MA-504,MA-507,MD-500,MD-507,MD-508,MD-510,MD-512,MD-513,MI-506,MI-507,MI-508,MI-509,MI-510,MI-511,MI-512,MI-514,MI-515,MI-516,MI-517,MI-519,MI-523,MN-504,MN-506,MN-508,MN-509,MO-600,MO-602,MO-603,MP-500,MS-500,MS-503,MT-500,NC-500,NC-501,NC-504,NC-506,NC-511,NC-513,NC-516,ND-500,NE-500,NE-501,NE-502,NH-501,NH-502,NJ-500,NJ-514,NM-500,NM-501,NV-501,NV-502,NY-500,NY-501,NY-503,NY-505,NY-507,NY-510,NY-511,NY-512,NY-513,NY-514,NY-518,NY-519,NY-520,NY-522,NY-523,NY-608,OH-501,OH-506,OH-508,OK-501,OK-505,OR-500,OR-502,OR-503,OR-504,PA-501,PA-503,PA-506,PA-508,PA-509,PA-510,SC-500,SC-503,SD-500,TN-500,TN-502,TN-509,TN-512,TX-603,TX-604,TX-611,UT-504,VA-502,VA-508,VI-500,VT-500,VT-501,WA-502,WI-502,WI-503,WV-501,WV-503,WY-500","{""pit_sheltered"":72656.0,""pit_total"":122895.0,""pit_unsheltered"":50239.0}",block_population,pl_94_171_block_population,2020,2023,2020,2020,census_msa_2023,msa_fractional_rollup_population_basis_pit2020_vintage
49,15380,15380,"Buffalo-Cheektowaga, NY",1166902,2020,777.9732105574398,748.5315638276284,29.441646729811367,253595,313203,566798,581653,0.43599018658891125,0.5384705313993051,59608,0.10248034481039386,0.9744607179882163,True,2,0,,1,1,0,,1.0,0.9998606553045859,0.8921711130245868,0.8921711130245868,187,"AK-500,AK-501,AL-501,AL-502,AL-503,AL-504,AL-505,AL-506,AR-500,AR-501,AR-505,AZ-501,CA-504,CA-508,CA-509,CA-510,CA-511,CA-513,CA-516,CA-517,CA-518,CA-519,CA-520,CA-522,CA-523,CA-524,CA-526,CA-527,CA-529,CA-530,CA-531,CA-603,CA-604,CA-613,CA-614,CO-504,CO-505,FL-500,FL-503,FL-504,FL-505,FL-506,FL-508,FL-509,FL-511,FL-513,FL-514,FL-515,FL-517,FL-518,FL-602,FL-603,FL-604,FL-606,GA-503,GA-504,GA-505,GA-507,GU-500,HI-500,HI-501,IA-500,IA-501,IA-502,ID-500,ID-501,IL-503,IL-507,IL-512,IL-513,IL-516,IL-518,KS-502,KS-503,KY-502,LA-500,LA-502,LA-503,LA-505,LA-506,LA-507,LA-509,MA-503,MA-504,MA-507,MD-500,MD-507,MD-508,MD-510,MD-512,MD-513,MI-506,MI-507,MI-508,MI-509,MI-510,MI-511,MI-512,MI-514,MI-515,MI-516,MI-517,MI-519,MI-523,MN-504,MN-506,MN-508,MN-509,MO-600,MO-602,MO-603,MP-500,MS-500,MS-503,MT-500,NC-500,NC-501,NC-504,NC-506,NC-511,NC-513,NC-516,ND-500,NE-500,NE-501,NE-502,NH-501,NH-502,NJ-500,NJ-514,NM-500,NM-501,NV-501,NV-502,NY-500,NY-501,NY-503,NY-505,NY-507,NY-510,NY-511,NY-512,NY-513,NY-514,NY-518,NY-519,NY-520,NY-522,NY-523,NY-608,OH-501,OH-506,OH-508,OK-501,OK-505,OR-500,OR-502,OR-503,OR-504,PA-501,PA-503,PA-506,PA-508,PA-509,PA-510,SC-500,SC-503,SD-500,TN-500,TN-502,TN-509,TN-512,TX-603,TX-604,TX-611,UT-504,VA-502,VA-508,VI-500,VT-500,VT-501,WA-502,WI-502,WI-503,WV-501,WV-503,WY-500","{""pit_sheltered"":72656.0,""pit_total"":122895.0,""pit_unsheltered"":50239.0}",block_population,pl_94_171_block_population,2020,2023,2020,2020,census_msa_2023,msa_fractional_rollup_population_basis_pit2020_vintage
50,23420,23420,"Fresno, CA",1164909,2020,3640.999999651907,959.9999999082204,2680.999999743686,193842,216193,410035,418649,0.4630179458209622,0.5164063451722087,22351,0.05338839935124656,0.9794242909931709,True,2,0,,1,1,0,,1.0,0.9999999999085666,0.9999999999043963,0.9999999999043963,187,"AK-500,AK-501,AL-501,AL-502,AL-503,AL-504,AL-505,AL-506,AR-500,AR-501,AR-505,AZ-501,CA-504,CA-508,CA-509,CA-510,CA-511,CA-513,CA-516,CA-517,CA-518,CA-519,CA-520,CA-522,CA-523,CA-524,CA-526,CA-527,CA-529,CA-530,CA-531,CA-603,CA-604,CA-613,CA-614,CO-504,CO-505,FL-500,FL-503,FL-504,FL-505,FL-506,FL-508,FL-509,FL-511,FL-513,FL-514,FL-515,FL-517,FL-518,FL-602,FL-603,FL-604,FL-606,GA-503,GA-504,GA-505,GA-507,GU-500,HI-500,HI-501,IA-500,IA-501,IA-502,ID-500,ID-501,IL-503,IL-507,IL-512,IL-513,IL-516,IL-518,KS-502,KS-503,KY-502,LA-500,LA-502,LA-503,LA-505,LA-506,LA-507,LA-509,MA-503,MA-504,MA-507,MD-500,MD-507,MD-508,MD-510,MD-512,MD-513,MI-506,MI-507,MI-508,MI-509,MI-510,MI-511,MI-512,MI-514,MI-515,MI-516,MI-517,MI-519,MI-523,MN-504,MN-506,MN-508,MN-509,MO-600,MO-602,MO-603,MP-500,MS-500,MS-503,MT-500,NC-500,NC-501,NC-504,NC-506,NC-511,NC-513,NC-516,ND-500,NE-500,NE-501,NE-502,NH-501,NH-502,NJ-500,NJ-514,NM-500,NM-501,NV-501,NV-502,NY-500,NY-501,NY-503,NY-505,NY-507,NY-510,NY-511,NY-512,NY-513,NY-514,NY-518,NY-519,NY-520,NY-522,NY-523,NY-608,OH-501,OH-506,OH-508,OK-501,OK-505,OR-500,OR-502,OR-503,OR-504,PA-501,PA-503,PA-506,PA-508,PA-509,PA-510,SC-500,SC-503,SD-500,TN-500,TN-502,TN-509,TN-512,TX-603,TX-604,TX-611,UT-504,VA-502,VA-508,VI-500,VT-500,VT-501,WA-502,WI-502,WI-503,WV-501,WV-503,WY-500","{""pit_sheltered"":72656.0,""pit_total"":122895.0,""pit_unsheltered"":50239.0}",block_population,pl_94_171_block_population,2020,2023,2020,2020,census_msa_2023,msa_fractional_rollup_population_basis_pit2020_vintage
